CREATE DATABASE `zzdemo-multi` DEFAULT CHARACTER SET utf8mb4 COLLATE utf8mb4_bin;
USE `zzdemo-multi`;

SET NAMES utf8mb4;
SET FOREIGN_KEY_CHECKS = 0;

-- ----------------------------
-- Table structure for zz_area_code
-- ----------------------------
DROP TABLE IF EXISTS `zz_area_code`;
CREATE TABLE `zz_area_code` (
  `area_id` bigint(20) unsigned NOT NULL COMMENT '行政区划主键Id',
  `area_name` varchar(128) COLLATE utf8mb4_bin NOT NULL DEFAULT '' COMMENT '行政区划名称',
  `area_level` int(11) NOT NULL COMMENT '行政区划级别 (1: 省级别 2: 市级别 3: 区级别)',
  `parent_id` bigint(20) DEFAULT NULL COMMENT '父级行政区划Id',
  PRIMARY KEY (`area_id`) USING BTREE,
  KEY `idx_level` (`area_level`) USING BTREE,
  KEY `idx_area_name` (`area_name`) USING BTREE,
  KEY `idx_parent_id` (`parent_id`) USING BTREE
) ENGINE=InnoDB DEFAULT CHARSET=utf8mb4 COLLATE=utf8mb4_bin COMMENT='行政区划表';

-- ----------------------------
-- Records of zz_area_code
-- ----------------------------
BEGIN;
INSERT INTO `zz_area_code` VALUES (110000000000, '北京市', 1, NULL);
INSERT INTO `zz_area_code` VALUES (110100000000, '市辖区', 2, 110000000000);
INSERT INTO `zz_area_code` VALUES (110101000000, '东城区', 3, 110100000000);
INSERT INTO `zz_area_code` VALUES (110102000000, '西城区', 3, 110100000000);
INSERT INTO `zz_area_code` VALUES (110105000000, '朝阳区', 3, 110100000000);
INSERT INTO `zz_area_code` VALUES (110106000000, '丰台区', 3, 110100000000);
INSERT INTO `zz_area_code` VALUES (110107000000, '石景山区', 3, 110100000000);
INSERT INTO `zz_area_code` VALUES (110108000000, '海淀区', 3, 110100000000);
INSERT INTO `zz_area_code` VALUES (110109000000, '门头沟区', 3, 110100000000);
INSERT INTO `zz_area_code` VALUES (110111000000, '房山区', 3, 110100000000);
INSERT INTO `zz_area_code` VALUES (110112000000, '通州区', 3, 110100000000);
INSERT INTO `zz_area_code` VALUES (110113000000, '顺义区', 3, 110100000000);
INSERT INTO `zz_area_code` VALUES (110114000000, '昌平区', 3, 110100000000);
INSERT INTO `zz_area_code` VALUES (110115000000, '大兴区', 3, 110100000000);
INSERT INTO `zz_area_code` VALUES (110116000000, '怀柔区', 3, 110100000000);
INSERT INTO `zz_area_code` VALUES (110117000000, '平谷区', 3, 110100000000);
INSERT INTO `zz_area_code` VALUES (110118000000, '密云区', 3, 110100000000);
INSERT INTO `zz_area_code` VALUES (110119000000, '延庆区', 3, 110100000000);
INSERT INTO `zz_area_code` VALUES (120000000000, '天津市', 1, NULL);
INSERT INTO `zz_area_code` VALUES (120100000000, '市辖区', 2, 120000000000);
INSERT INTO `zz_area_code` VALUES (120101000000, '和平区', 3, 120100000000);
INSERT INTO `zz_area_code` VALUES (120102000000, '河东区', 3, 120100000000);
INSERT INTO `zz_area_code` VALUES (120103000000, '河西区', 3, 120100000000);
INSERT INTO `zz_area_code` VALUES (120104000000, '南开区', 3, 120100000000);
INSERT INTO `zz_area_code` VALUES (120105000000, '河北区', 3, 120100000000);
INSERT INTO `zz_area_code` VALUES (120106000000, '红桥区', 3, 120100000000);
INSERT INTO `zz_area_code` VALUES (120110000000, '东丽区', 3, 120100000000);
INSERT INTO `zz_area_code` VALUES (120111000000, '西青区', 3, 120100000000);
INSERT INTO `zz_area_code` VALUES (120112000000, '津南区', 3, 120100000000);
INSERT INTO `zz_area_code` VALUES (120113000000, '北辰区', 3, 120100000000);
INSERT INTO `zz_area_code` VALUES (120114000000, '武清区', 3, 120100000000);
INSERT INTO `zz_area_code` VALUES (120115000000, '宝坻区', 3, 120100000000);
INSERT INTO `zz_area_code` VALUES (120116000000, '滨海新区', 3, 120100000000);
INSERT INTO `zz_area_code` VALUES (120117000000, '宁河区', 3, 120100000000);
INSERT INTO `zz_area_code` VALUES (120118000000, '静海区', 3, 120100000000);
INSERT INTO `zz_area_code` VALUES (120119000000, '蓟州区', 3, 120100000000);
INSERT INTO `zz_area_code` VALUES (130000000000, '河北省', 1, NULL);
INSERT INTO `zz_area_code` VALUES (130100000000, '石家庄市', 2, 130000000000);
INSERT INTO `zz_area_code` VALUES (130101000000, '市辖区', 3, 130100000000);
INSERT INTO `zz_area_code` VALUES (130102000000, '长安区', 3, 130100000000);
INSERT INTO `zz_area_code` VALUES (130104000000, '桥西区', 3, 130100000000);
INSERT INTO `zz_area_code` VALUES (130105000000, '新华区', 3, 130100000000);
INSERT INTO `zz_area_code` VALUES (130107000000, '井陉矿区', 3, 130100000000);
INSERT INTO `zz_area_code` VALUES (130108000000, '裕华区', 3, 130100000000);
INSERT INTO `zz_area_code` VALUES (130109000000, '藁城区', 3, 130100000000);
INSERT INTO `zz_area_code` VALUES (130110000000, '鹿泉区', 3, 130100000000);
INSERT INTO `zz_area_code` VALUES (130111000000, '栾城区', 3, 130100000000);
INSERT INTO `zz_area_code` VALUES (130121000000, '井陉县', 3, 130100000000);
INSERT INTO `zz_area_code` VALUES (130123000000, '正定县', 3, 130100000000);
INSERT INTO `zz_area_code` VALUES (130125000000, '行唐县', 3, 130100000000);
INSERT INTO `zz_area_code` VALUES (130126000000, '灵寿县', 3, 130100000000);
INSERT INTO `zz_area_code` VALUES (130127000000, '高邑县', 3, 130100000000);
INSERT INTO `zz_area_code` VALUES (130128000000, '深泽县', 3, 130100000000);
INSERT INTO `zz_area_code` VALUES (130129000000, '赞皇县', 3, 130100000000);
INSERT INTO `zz_area_code` VALUES (130130000000, '无极县', 3, 130100000000);
INSERT INTO `zz_area_code` VALUES (130131000000, '平山县', 3, 130100000000);
INSERT INTO `zz_area_code` VALUES (130132000000, '元氏县', 3, 130100000000);
INSERT INTO `zz_area_code` VALUES (130133000000, '赵县', 3, 130100000000);
INSERT INTO `zz_area_code` VALUES (130171000000, '石家庄高新技术产业开发区', 3, 130100000000);
INSERT INTO `zz_area_code` VALUES (130172000000, '石家庄循环化工园区', 3, 130100000000);
INSERT INTO `zz_area_code` VALUES (130181000000, '辛集市', 3, 130100000000);
INSERT INTO `zz_area_code` VALUES (130183000000, '晋州市', 3, 130100000000);
INSERT INTO `zz_area_code` VALUES (130184000000, '新乐市', 3, 130100000000);
INSERT INTO `zz_area_code` VALUES (130200000000, '唐山市', 2, 130000000000);
INSERT INTO `zz_area_code` VALUES (130201000000, '市辖区', 3, 130200000000);
INSERT INTO `zz_area_code` VALUES (130202000000, '路南区', 3, 130200000000);
INSERT INTO `zz_area_code` VALUES (130203000000, '路北区', 3, 130200000000);
INSERT INTO `zz_area_code` VALUES (130204000000, '古冶区', 3, 130200000000);
INSERT INTO `zz_area_code` VALUES (130205000000, '开平区', 3, 130200000000);
INSERT INTO `zz_area_code` VALUES (130207000000, '丰南区', 3, 130200000000);
INSERT INTO `zz_area_code` VALUES (130208000000, '丰润区', 3, 130200000000);
INSERT INTO `zz_area_code` VALUES (130209000000, '曹妃甸区', 3, 130200000000);
INSERT INTO `zz_area_code` VALUES (130224000000, '滦南县', 3, 130200000000);
INSERT INTO `zz_area_code` VALUES (130225000000, '乐亭县', 3, 130200000000);
INSERT INTO `zz_area_code` VALUES (130227000000, '迁西县', 3, 130200000000);
INSERT INTO `zz_area_code` VALUES (130229000000, '玉田县', 3, 130200000000);
INSERT INTO `zz_area_code` VALUES (130271000000, '唐山市芦台经济技术开发区', 3, 130200000000);
INSERT INTO `zz_area_code` VALUES (130272000000, '唐山市汉沽管理区', 3, 130200000000);
INSERT INTO `zz_area_code` VALUES (130273000000, '唐山高新技术产业开发区', 3, 130200000000);
INSERT INTO `zz_area_code` VALUES (130274000000, '河北唐山海港经济开发区', 3, 130200000000);
INSERT INTO `zz_area_code` VALUES (130281000000, '遵化市', 3, 130200000000);
INSERT INTO `zz_area_code` VALUES (130283000000, '迁安市', 3, 130200000000);
INSERT INTO `zz_area_code` VALUES (130284000000, '滦州市', 3, 130200000000);
INSERT INTO `zz_area_code` VALUES (130300000000, '秦皇岛市', 2, 130000000000);
INSERT INTO `zz_area_code` VALUES (130301000000, '市辖区', 3, 130300000000);
INSERT INTO `zz_area_code` VALUES (130302000000, '海港区', 3, 130300000000);
INSERT INTO `zz_area_code` VALUES (130303000000, '山海关区', 3, 130300000000);
INSERT INTO `zz_area_code` VALUES (130304000000, '北戴河区', 3, 130300000000);
INSERT INTO `zz_area_code` VALUES (130306000000, '抚宁区', 3, 130300000000);
INSERT INTO `zz_area_code` VALUES (130321000000, '青龙满族自治县', 3, 130300000000);
INSERT INTO `zz_area_code` VALUES (130322000000, '昌黎县', 3, 130300000000);
INSERT INTO `zz_area_code` VALUES (130324000000, '卢龙县', 3, 130300000000);
INSERT INTO `zz_area_code` VALUES (130371000000, '秦皇岛市经济技术开发区', 3, 130300000000);
INSERT INTO `zz_area_code` VALUES (130372000000, '北戴河新区', 3, 130300000000);
INSERT INTO `zz_area_code` VALUES (130400000000, '邯郸市', 2, 130000000000);
INSERT INTO `zz_area_code` VALUES (130401000000, '市辖区', 3, 130400000000);
INSERT INTO `zz_area_code` VALUES (130402000000, '邯山区', 3, 130400000000);
INSERT INTO `zz_area_code` VALUES (130403000000, '丛台区', 3, 130400000000);
INSERT INTO `zz_area_code` VALUES (130404000000, '复兴区', 3, 130400000000);
INSERT INTO `zz_area_code` VALUES (130406000000, '峰峰矿区', 3, 130400000000);
INSERT INTO `zz_area_code` VALUES (130407000000, '肥乡区', 3, 130400000000);
INSERT INTO `zz_area_code` VALUES (130408000000, '永年区', 3, 130400000000);
INSERT INTO `zz_area_code` VALUES (130423000000, '临漳县', 3, 130400000000);
INSERT INTO `zz_area_code` VALUES (130424000000, '成安县', 3, 130400000000);
INSERT INTO `zz_area_code` VALUES (130425000000, '大名县', 3, 130400000000);
INSERT INTO `zz_area_code` VALUES (130426000000, '涉县', 3, 130400000000);
INSERT INTO `zz_area_code` VALUES (130427000000, '磁县', 3, 130400000000);
INSERT INTO `zz_area_code` VALUES (130430000000, '邱县', 3, 130400000000);
INSERT INTO `zz_area_code` VALUES (130431000000, '鸡泽县', 3, 130400000000);
INSERT INTO `zz_area_code` VALUES (130432000000, '广平县', 3, 130400000000);
INSERT INTO `zz_area_code` VALUES (130433000000, '馆陶县', 3, 130400000000);
INSERT INTO `zz_area_code` VALUES (130434000000, '魏县', 3, 130400000000);
INSERT INTO `zz_area_code` VALUES (130435000000, '曲周县', 3, 130400000000);
INSERT INTO `zz_area_code` VALUES (130471000000, '邯郸经济技术开发区', 3, 130400000000);
INSERT INTO `zz_area_code` VALUES (130473000000, '邯郸冀南新区', 3, 130400000000);
INSERT INTO `zz_area_code` VALUES (130481000000, '武安市', 3, 130400000000);
INSERT INTO `zz_area_code` VALUES (130500000000, '邢台市', 2, 130000000000);
INSERT INTO `zz_area_code` VALUES (130501000000, '市辖区', 3, 130500000000);
INSERT INTO `zz_area_code` VALUES (130502000000, '桥东区', 3, 130500000000);
INSERT INTO `zz_area_code` VALUES (130503000000, '桥西区', 3, 130500000000);
INSERT INTO `zz_area_code` VALUES (130521000000, '邢台县', 3, 130500000000);
INSERT INTO `zz_area_code` VALUES (130522000000, '临城县', 3, 130500000000);
INSERT INTO `zz_area_code` VALUES (130523000000, '内丘县', 3, 130500000000);
INSERT INTO `zz_area_code` VALUES (130524000000, '柏乡县', 3, 130500000000);
INSERT INTO `zz_area_code` VALUES (130525000000, '隆尧县', 3, 130500000000);
INSERT INTO `zz_area_code` VALUES (130526000000, '任县', 3, 130500000000);
INSERT INTO `zz_area_code` VALUES (130527000000, '南和县', 3, 130500000000);
INSERT INTO `zz_area_code` VALUES (130528000000, '宁晋县', 3, 130500000000);
INSERT INTO `zz_area_code` VALUES (130529000000, '巨鹿县', 3, 130500000000);
INSERT INTO `zz_area_code` VALUES (130530000000, '新河县', 3, 130500000000);
INSERT INTO `zz_area_code` VALUES (130531000000, '广宗县', 3, 130500000000);
INSERT INTO `zz_area_code` VALUES (130532000000, '平乡县', 3, 130500000000);
INSERT INTO `zz_area_code` VALUES (130533000000, '威县', 3, 130500000000);
INSERT INTO `zz_area_code` VALUES (130534000000, '清河县', 3, 130500000000);
INSERT INTO `zz_area_code` VALUES (130535000000, '临西县', 3, 130500000000);
INSERT INTO `zz_area_code` VALUES (130571000000, '河北邢台经济开发区', 3, 130500000000);
INSERT INTO `zz_area_code` VALUES (130581000000, '南宫市', 3, 130500000000);
INSERT INTO `zz_area_code` VALUES (130582000000, '沙河市', 3, 130500000000);
INSERT INTO `zz_area_code` VALUES (130600000000, '保定市', 2, 130000000000);
INSERT INTO `zz_area_code` VALUES (130601000000, '市辖区', 3, 130600000000);
INSERT INTO `zz_area_code` VALUES (130602000000, '竞秀区', 3, 130600000000);
INSERT INTO `zz_area_code` VALUES (130606000000, '莲池区', 3, 130600000000);
INSERT INTO `zz_area_code` VALUES (130607000000, '满城区', 3, 130600000000);
INSERT INTO `zz_area_code` VALUES (130608000000, '清苑区', 3, 130600000000);
INSERT INTO `zz_area_code` VALUES (130609000000, '徐水区', 3, 130600000000);
INSERT INTO `zz_area_code` VALUES (130623000000, '涞水县', 3, 130600000000);
INSERT INTO `zz_area_code` VALUES (130624000000, '阜平县', 3, 130600000000);
INSERT INTO `zz_area_code` VALUES (130626000000, '定兴县', 3, 130600000000);
INSERT INTO `zz_area_code` VALUES (130627000000, '唐县', 3, 130600000000);
INSERT INTO `zz_area_code` VALUES (130628000000, '高阳县', 3, 130600000000);
INSERT INTO `zz_area_code` VALUES (130629000000, '容城县', 3, 130600000000);
INSERT INTO `zz_area_code` VALUES (130630000000, '涞源县', 3, 130600000000);
INSERT INTO `zz_area_code` VALUES (130631000000, '望都县', 3, 130600000000);
INSERT INTO `zz_area_code` VALUES (130632000000, '安新县', 3, 130600000000);
INSERT INTO `zz_area_code` VALUES (130633000000, '易县', 3, 130600000000);
INSERT INTO `zz_area_code` VALUES (130634000000, '曲阳县', 3, 130600000000);
INSERT INTO `zz_area_code` VALUES (130635000000, '蠡县', 3, 130600000000);
INSERT INTO `zz_area_code` VALUES (130636000000, '顺平县', 3, 130600000000);
INSERT INTO `zz_area_code` VALUES (130637000000, '博野县', 3, 130600000000);
INSERT INTO `zz_area_code` VALUES (130638000000, '雄县', 3, 130600000000);
INSERT INTO `zz_area_code` VALUES (130671000000, '保定高新技术产业开发区', 3, 130600000000);
INSERT INTO `zz_area_code` VALUES (130672000000, '保定白沟新城', 3, 130600000000);
INSERT INTO `zz_area_code` VALUES (130681000000, '涿州市', 3, 130600000000);
INSERT INTO `zz_area_code` VALUES (130682000000, '定州市', 3, 130600000000);
INSERT INTO `zz_area_code` VALUES (130683000000, '安国市', 3, 130600000000);
INSERT INTO `zz_area_code` VALUES (130684000000, '高碑店市', 3, 130600000000);
INSERT INTO `zz_area_code` VALUES (130700000000, '张家口市', 2, 130000000000);
INSERT INTO `zz_area_code` VALUES (130701000000, '市辖区', 3, 130700000000);
INSERT INTO `zz_area_code` VALUES (130702000000, '桥东区', 3, 130700000000);
INSERT INTO `zz_area_code` VALUES (130703000000, '桥西区', 3, 130700000000);
INSERT INTO `zz_area_code` VALUES (130705000000, '宣化区', 3, 130700000000);
INSERT INTO `zz_area_code` VALUES (130706000000, '下花园区', 3, 130700000000);
INSERT INTO `zz_area_code` VALUES (130708000000, '万全区', 3, 130700000000);
INSERT INTO `zz_area_code` VALUES (130709000000, '崇礼区', 3, 130700000000);
INSERT INTO `zz_area_code` VALUES (130722000000, '张北县', 3, 130700000000);
INSERT INTO `zz_area_code` VALUES (130723000000, '康保县', 3, 130700000000);
INSERT INTO `zz_area_code` VALUES (130724000000, '沽源县', 3, 130700000000);
INSERT INTO `zz_area_code` VALUES (130725000000, '尚义县', 3, 130700000000);
INSERT INTO `zz_area_code` VALUES (130726000000, '蔚县', 3, 130700000000);
INSERT INTO `zz_area_code` VALUES (130727000000, '阳原县', 3, 130700000000);
INSERT INTO `zz_area_code` VALUES (130728000000, '怀安县', 3, 130700000000);
INSERT INTO `zz_area_code` VALUES (130730000000, '怀来县', 3, 130700000000);
INSERT INTO `zz_area_code` VALUES (130731000000, '涿鹿县', 3, 130700000000);
INSERT INTO `zz_area_code` VALUES (130732000000, '赤城县', 3, 130700000000);
INSERT INTO `zz_area_code` VALUES (130771000000, '张家口市高新技术产业开发区', 3, 130700000000);
INSERT INTO `zz_area_code` VALUES (130772000000, '张家口市察北管理区', 3, 130700000000);
INSERT INTO `zz_area_code` VALUES (130773000000, '张家口市塞北管理区', 3, 130700000000);
INSERT INTO `zz_area_code` VALUES (130800000000, '承德市', 2, 130000000000);
INSERT INTO `zz_area_code` VALUES (130801000000, '市辖区', 3, 130800000000);
INSERT INTO `zz_area_code` VALUES (130802000000, '双桥区', 3, 130800000000);
INSERT INTO `zz_area_code` VALUES (130803000000, '双滦区', 3, 130800000000);
INSERT INTO `zz_area_code` VALUES (130804000000, '鹰手营子矿区', 3, 130800000000);
INSERT INTO `zz_area_code` VALUES (130821000000, '承德县', 3, 130800000000);
INSERT INTO `zz_area_code` VALUES (130822000000, '兴隆县', 3, 130800000000);
INSERT INTO `zz_area_code` VALUES (130824000000, '滦平县', 3, 130800000000);
INSERT INTO `zz_area_code` VALUES (130825000000, '隆化县', 3, 130800000000);
INSERT INTO `zz_area_code` VALUES (130826000000, '丰宁满族自治县', 3, 130800000000);
INSERT INTO `zz_area_code` VALUES (130827000000, '宽城满族自治县', 3, 130800000000);
INSERT INTO `zz_area_code` VALUES (130828000000, '围场满族蒙古族自治县', 3, 130800000000);
INSERT INTO `zz_area_code` VALUES (130871000000, '承德高新技术产业开发区', 3, 130800000000);
INSERT INTO `zz_area_code` VALUES (130881000000, '平泉市', 3, 130800000000);
INSERT INTO `zz_area_code` VALUES (130900000000, '沧州市', 2, 130000000000);
INSERT INTO `zz_area_code` VALUES (130901000000, '市辖区', 3, 130900000000);
INSERT INTO `zz_area_code` VALUES (130902000000, '新华区', 3, 130900000000);
INSERT INTO `zz_area_code` VALUES (130903000000, '运河区', 3, 130900000000);
INSERT INTO `zz_area_code` VALUES (130921000000, '沧县', 3, 130900000000);
INSERT INTO `zz_area_code` VALUES (130922000000, '青县', 3, 130900000000);
INSERT INTO `zz_area_code` VALUES (130923000000, '东光县', 3, 130900000000);
INSERT INTO `zz_area_code` VALUES (130924000000, '海兴县', 3, 130900000000);
INSERT INTO `zz_area_code` VALUES (130925000000, '盐山县', 3, 130900000000);
INSERT INTO `zz_area_code` VALUES (130926000000, '肃宁县', 3, 130900000000);
INSERT INTO `zz_area_code` VALUES (130927000000, '南皮县', 3, 130900000000);
INSERT INTO `zz_area_code` VALUES (130928000000, '吴桥县', 3, 130900000000);
INSERT INTO `zz_area_code` VALUES (130929000000, '献县', 3, 130900000000);
INSERT INTO `zz_area_code` VALUES (130930000000, '孟村回族自治县', 3, 130900000000);
INSERT INTO `zz_area_code` VALUES (130971000000, '河北沧州经济开发区', 3, 130900000000);
INSERT INTO `zz_area_code` VALUES (130972000000, '沧州高新技术产业开发区', 3, 130900000000);
INSERT INTO `zz_area_code` VALUES (130973000000, '沧州渤海新区', 3, 130900000000);
INSERT INTO `zz_area_code` VALUES (130981000000, '泊头市', 3, 130900000000);
INSERT INTO `zz_area_code` VALUES (130982000000, '任丘市', 3, 130900000000);
INSERT INTO `zz_area_code` VALUES (130983000000, '黄骅市', 3, 130900000000);
INSERT INTO `zz_area_code` VALUES (130984000000, '河间市', 3, 130900000000);
INSERT INTO `zz_area_code` VALUES (131000000000, '廊坊市', 2, 130000000000);
INSERT INTO `zz_area_code` VALUES (131001000000, '市辖区', 3, 131000000000);
INSERT INTO `zz_area_code` VALUES (131002000000, '安次区', 3, 131000000000);
INSERT INTO `zz_area_code` VALUES (131003000000, '广阳区', 3, 131000000000);
INSERT INTO `zz_area_code` VALUES (131022000000, '固安县', 3, 131000000000);
INSERT INTO `zz_area_code` VALUES (131023000000, '永清县', 3, 131000000000);
INSERT INTO `zz_area_code` VALUES (131024000000, '香河县', 3, 131000000000);
INSERT INTO `zz_area_code` VALUES (131025000000, '大城县', 3, 131000000000);
INSERT INTO `zz_area_code` VALUES (131026000000, '文安县', 3, 131000000000);
INSERT INTO `zz_area_code` VALUES (131028000000, '大厂回族自治县', 3, 131000000000);
INSERT INTO `zz_area_code` VALUES (131071000000, '廊坊经济技术开发区', 3, 131000000000);
INSERT INTO `zz_area_code` VALUES (131081000000, '霸州市', 3, 131000000000);
INSERT INTO `zz_area_code` VALUES (131082000000, '三河市', 3, 131000000000);
INSERT INTO `zz_area_code` VALUES (131100000000, '衡水市', 2, 130000000000);
INSERT INTO `zz_area_code` VALUES (131101000000, '市辖区', 3, 131100000000);
INSERT INTO `zz_area_code` VALUES (131102000000, '桃城区', 3, 131100000000);
INSERT INTO `zz_area_code` VALUES (131103000000, '冀州区', 3, 131100000000);
INSERT INTO `zz_area_code` VALUES (131121000000, '枣强县', 3, 131100000000);
INSERT INTO `zz_area_code` VALUES (131122000000, '武邑县', 3, 131100000000);
INSERT INTO `zz_area_code` VALUES (131123000000, '武强县', 3, 131100000000);
INSERT INTO `zz_area_code` VALUES (131124000000, '饶阳县', 3, 131100000000);
INSERT INTO `zz_area_code` VALUES (131125000000, '安平县', 3, 131100000000);
INSERT INTO `zz_area_code` VALUES (131126000000, '故城县', 3, 131100000000);
INSERT INTO `zz_area_code` VALUES (131127000000, '景县', 3, 131100000000);
INSERT INTO `zz_area_code` VALUES (131128000000, '阜城县', 3, 131100000000);
INSERT INTO `zz_area_code` VALUES (131171000000, '河北衡水高新技术产业开发区', 3, 131100000000);
INSERT INTO `zz_area_code` VALUES (131172000000, '衡水滨湖新区', 3, 131100000000);
INSERT INTO `zz_area_code` VALUES (131182000000, '深州市', 3, 131100000000);
INSERT INTO `zz_area_code` VALUES (140000000000, '山西省', 1, NULL);
INSERT INTO `zz_area_code` VALUES (140100000000, '太原市', 2, 140000000000);
INSERT INTO `zz_area_code` VALUES (140101000000, '市辖区', 3, 140100000000);
INSERT INTO `zz_area_code` VALUES (140105000000, '小店区', 3, 140100000000);
INSERT INTO `zz_area_code` VALUES (140106000000, '迎泽区', 3, 140100000000);
INSERT INTO `zz_area_code` VALUES (140107000000, '杏花岭区', 3, 140100000000);
INSERT INTO `zz_area_code` VALUES (140108000000, '尖草坪区', 3, 140100000000);
INSERT INTO `zz_area_code` VALUES (140109000000, '万柏林区', 3, 140100000000);
INSERT INTO `zz_area_code` VALUES (140110000000, '晋源区', 3, 140100000000);
INSERT INTO `zz_area_code` VALUES (140121000000, '清徐县', 3, 140100000000);
INSERT INTO `zz_area_code` VALUES (140122000000, '阳曲县', 3, 140100000000);
INSERT INTO `zz_area_code` VALUES (140123000000, '娄烦县', 3, 140100000000);
INSERT INTO `zz_area_code` VALUES (140171000000, '山西转型综合改革示范区', 3, 140100000000);
INSERT INTO `zz_area_code` VALUES (140181000000, '古交市', 3, 140100000000);
INSERT INTO `zz_area_code` VALUES (140200000000, '大同市', 2, 140000000000);
INSERT INTO `zz_area_code` VALUES (140201000000, '市辖区', 3, 140200000000);
INSERT INTO `zz_area_code` VALUES (140212000000, '新荣区', 3, 140200000000);
INSERT INTO `zz_area_code` VALUES (140213000000, '平城区', 3, 140200000000);
INSERT INTO `zz_area_code` VALUES (140214000000, '云冈区', 3, 140200000000);
INSERT INTO `zz_area_code` VALUES (140215000000, '云州区', 3, 140200000000);
INSERT INTO `zz_area_code` VALUES (140221000000, '阳高县', 3, 140200000000);
INSERT INTO `zz_area_code` VALUES (140222000000, '天镇县', 3, 140200000000);
INSERT INTO `zz_area_code` VALUES (140223000000, '广灵县', 3, 140200000000);
INSERT INTO `zz_area_code` VALUES (140224000000, '灵丘县', 3, 140200000000);
INSERT INTO `zz_area_code` VALUES (140225000000, '浑源县', 3, 140200000000);
INSERT INTO `zz_area_code` VALUES (140226000000, '左云县', 3, 140200000000);
INSERT INTO `zz_area_code` VALUES (140271000000, '山西大同经济开发区', 3, 140200000000);
INSERT INTO `zz_area_code` VALUES (140300000000, '阳泉市', 2, 140000000000);
INSERT INTO `zz_area_code` VALUES (140301000000, '市辖区', 3, 140300000000);
INSERT INTO `zz_area_code` VALUES (140302000000, '城区', 3, 140300000000);
INSERT INTO `zz_area_code` VALUES (140303000000, '矿区', 3, 140300000000);
INSERT INTO `zz_area_code` VALUES (140311000000, '郊区', 3, 140300000000);
INSERT INTO `zz_area_code` VALUES (140321000000, '平定县', 3, 140300000000);
INSERT INTO `zz_area_code` VALUES (140322000000, '盂县', 3, 140300000000);
INSERT INTO `zz_area_code` VALUES (140400000000, '长治市', 2, 140000000000);
INSERT INTO `zz_area_code` VALUES (140401000000, '市辖区', 3, 140400000000);
INSERT INTO `zz_area_code` VALUES (140403000000, '潞州区', 3, 140400000000);
INSERT INTO `zz_area_code` VALUES (140404000000, '上党区', 3, 140400000000);
INSERT INTO `zz_area_code` VALUES (140405000000, '屯留区', 3, 140400000000);
INSERT INTO `zz_area_code` VALUES (140406000000, '潞城区', 3, 140400000000);
INSERT INTO `zz_area_code` VALUES (140423000000, '襄垣县', 3, 140400000000);
INSERT INTO `zz_area_code` VALUES (140425000000, '平顺县', 3, 140400000000);
INSERT INTO `zz_area_code` VALUES (140426000000, '黎城县', 3, 140400000000);
INSERT INTO `zz_area_code` VALUES (140427000000, '壶关县', 3, 140400000000);
INSERT INTO `zz_area_code` VALUES (140428000000, '长子县', 3, 140400000000);
INSERT INTO `zz_area_code` VALUES (140429000000, '武乡县', 3, 140400000000);
INSERT INTO `zz_area_code` VALUES (140430000000, '沁县', 3, 140400000000);
INSERT INTO `zz_area_code` VALUES (140431000000, '沁源县', 3, 140400000000);
INSERT INTO `zz_area_code` VALUES (140471000000, '山西长治高新技术产业园区', 3, 140400000000);
INSERT INTO `zz_area_code` VALUES (140500000000, '晋城市', 2, 140000000000);
INSERT INTO `zz_area_code` VALUES (140501000000, '市辖区', 3, 140500000000);
INSERT INTO `zz_area_code` VALUES (140502000000, '城区', 3, 140500000000);
INSERT INTO `zz_area_code` VALUES (140521000000, '沁水县', 3, 140500000000);
INSERT INTO `zz_area_code` VALUES (140522000000, '阳城县', 3, 140500000000);
INSERT INTO `zz_area_code` VALUES (140524000000, '陵川县', 3, 140500000000);
INSERT INTO `zz_area_code` VALUES (140525000000, '泽州县', 3, 140500000000);
INSERT INTO `zz_area_code` VALUES (140581000000, '高平市', 3, 140500000000);
INSERT INTO `zz_area_code` VALUES (140600000000, '朔州市', 2, 140000000000);
INSERT INTO `zz_area_code` VALUES (140601000000, '市辖区', 3, 140600000000);
INSERT INTO `zz_area_code` VALUES (140602000000, '朔城区', 3, 140600000000);
INSERT INTO `zz_area_code` VALUES (140603000000, '平鲁区', 3, 140600000000);
INSERT INTO `zz_area_code` VALUES (140621000000, '山阴县', 3, 140600000000);
INSERT INTO `zz_area_code` VALUES (140622000000, '应县', 3, 140600000000);
INSERT INTO `zz_area_code` VALUES (140623000000, '右玉县', 3, 140600000000);
INSERT INTO `zz_area_code` VALUES (140671000000, '山西朔州经济开发区', 3, 140600000000);
INSERT INTO `zz_area_code` VALUES (140681000000, '怀仁市', 3, 140600000000);
INSERT INTO `zz_area_code` VALUES (140700000000, '晋中市', 2, 140000000000);
INSERT INTO `zz_area_code` VALUES (140701000000, '市辖区', 3, 140700000000);
INSERT INTO `zz_area_code` VALUES (140702000000, '榆次区', 3, 140700000000);
INSERT INTO `zz_area_code` VALUES (140721000000, '榆社县', 3, 140700000000);
INSERT INTO `zz_area_code` VALUES (140722000000, '左权县', 3, 140700000000);
INSERT INTO `zz_area_code` VALUES (140723000000, '和顺县', 3, 140700000000);
INSERT INTO `zz_area_code` VALUES (140724000000, '昔阳县', 3, 140700000000);
INSERT INTO `zz_area_code` VALUES (140725000000, '寿阳县', 3, 140700000000);
INSERT INTO `zz_area_code` VALUES (140726000000, '太谷县', 3, 140700000000);
INSERT INTO `zz_area_code` VALUES (140727000000, '祁县', 3, 140700000000);
INSERT INTO `zz_area_code` VALUES (140728000000, '平遥县', 3, 140700000000);
INSERT INTO `zz_area_code` VALUES (140729000000, '灵石县', 3, 140700000000);
INSERT INTO `zz_area_code` VALUES (140781000000, '介休市', 3, 140700000000);
INSERT INTO `zz_area_code` VALUES (140800000000, '运城市', 2, 140000000000);
INSERT INTO `zz_area_code` VALUES (140801000000, '市辖区', 3, 140800000000);
INSERT INTO `zz_area_code` VALUES (140802000000, '盐湖区', 3, 140800000000);
INSERT INTO `zz_area_code` VALUES (140821000000, '临猗县', 3, 140800000000);
INSERT INTO `zz_area_code` VALUES (140822000000, '万荣县', 3, 140800000000);
INSERT INTO `zz_area_code` VALUES (140823000000, '闻喜县', 3, 140800000000);
INSERT INTO `zz_area_code` VALUES (140824000000, '稷山县', 3, 140800000000);
INSERT INTO `zz_area_code` VALUES (140825000000, '新绛县', 3, 140800000000);
INSERT INTO `zz_area_code` VALUES (140826000000, '绛县', 3, 140800000000);
INSERT INTO `zz_area_code` VALUES (140827000000, '垣曲县', 3, 140800000000);
INSERT INTO `zz_area_code` VALUES (140828000000, '夏县', 3, 140800000000);
INSERT INTO `zz_area_code` VALUES (140829000000, '平陆县', 3, 140800000000);
INSERT INTO `zz_area_code` VALUES (140830000000, '芮城县', 3, 140800000000);
INSERT INTO `zz_area_code` VALUES (140881000000, '永济市', 3, 140800000000);
INSERT INTO `zz_area_code` VALUES (140882000000, '河津市', 3, 140800000000);
INSERT INTO `zz_area_code` VALUES (140900000000, '忻州市', 2, 140000000000);
INSERT INTO `zz_area_code` VALUES (140901000000, '市辖区', 3, 140900000000);
INSERT INTO `zz_area_code` VALUES (140902000000, '忻府区', 3, 140900000000);
INSERT INTO `zz_area_code` VALUES (140921000000, '定襄县', 3, 140900000000);
INSERT INTO `zz_area_code` VALUES (140922000000, '五台县', 3, 140900000000);
INSERT INTO `zz_area_code` VALUES (140923000000, '代县', 3, 140900000000);
INSERT INTO `zz_area_code` VALUES (140924000000, '繁峙县', 3, 140900000000);
INSERT INTO `zz_area_code` VALUES (140925000000, '宁武县', 3, 140900000000);
INSERT INTO `zz_area_code` VALUES (140926000000, '静乐县', 3, 140900000000);
INSERT INTO `zz_area_code` VALUES (140927000000, '神池县', 3, 140900000000);
INSERT INTO `zz_area_code` VALUES (140928000000, '五寨县', 3, 140900000000);
INSERT INTO `zz_area_code` VALUES (140929000000, '岢岚县', 3, 140900000000);
INSERT INTO `zz_area_code` VALUES (140930000000, '河曲县', 3, 140900000000);
INSERT INTO `zz_area_code` VALUES (140931000000, '保德县', 3, 140900000000);
INSERT INTO `zz_area_code` VALUES (140932000000, '偏关县', 3, 140900000000);
INSERT INTO `zz_area_code` VALUES (140971000000, '五台山风景名胜区', 3, 140900000000);
INSERT INTO `zz_area_code` VALUES (140981000000, '原平市', 3, 140900000000);
INSERT INTO `zz_area_code` VALUES (141000000000, '临汾市', 2, 140000000000);
INSERT INTO `zz_area_code` VALUES (141001000000, '市辖区', 3, 141000000000);
INSERT INTO `zz_area_code` VALUES (141002000000, '尧都区', 3, 141000000000);
INSERT INTO `zz_area_code` VALUES (141021000000, '曲沃县', 3, 141000000000);
INSERT INTO `zz_area_code` VALUES (141022000000, '翼城县', 3, 141000000000);
INSERT INTO `zz_area_code` VALUES (141023000000, '襄汾县', 3, 141000000000);
INSERT INTO `zz_area_code` VALUES (141024000000, '洪洞县', 3, 141000000000);
INSERT INTO `zz_area_code` VALUES (141025000000, '古县', 3, 141000000000);
INSERT INTO `zz_area_code` VALUES (141026000000, '安泽县', 3, 141000000000);
INSERT INTO `zz_area_code` VALUES (141027000000, '浮山县', 3, 141000000000);
INSERT INTO `zz_area_code` VALUES (141028000000, '吉县', 3, 141000000000);
INSERT INTO `zz_area_code` VALUES (141029000000, '乡宁县', 3, 141000000000);
INSERT INTO `zz_area_code` VALUES (141030000000, '大宁县', 3, 141000000000);
INSERT INTO `zz_area_code` VALUES (141031000000, '隰县', 3, 141000000000);
INSERT INTO `zz_area_code` VALUES (141032000000, '永和县', 3, 141000000000);
INSERT INTO `zz_area_code` VALUES (141033000000, '蒲县', 3, 141000000000);
INSERT INTO `zz_area_code` VALUES (141034000000, '汾西县', 3, 141000000000);
INSERT INTO `zz_area_code` VALUES (141081000000, '侯马市', 3, 141000000000);
INSERT INTO `zz_area_code` VALUES (141082000000, '霍州市', 3, 141000000000);
INSERT INTO `zz_area_code` VALUES (141100000000, '吕梁市', 2, 140000000000);
INSERT INTO `zz_area_code` VALUES (141101000000, '市辖区', 3, 141100000000);
INSERT INTO `zz_area_code` VALUES (141102000000, '离石区', 3, 141100000000);
INSERT INTO `zz_area_code` VALUES (141121000000, '文水县', 3, 141100000000);
INSERT INTO `zz_area_code` VALUES (141122000000, '交城县', 3, 141100000000);
INSERT INTO `zz_area_code` VALUES (141123000000, '兴县', 3, 141100000000);
INSERT INTO `zz_area_code` VALUES (141124000000, '临县', 3, 141100000000);
INSERT INTO `zz_area_code` VALUES (141125000000, '柳林县', 3, 141100000000);
INSERT INTO `zz_area_code` VALUES (141126000000, '石楼县', 3, 141100000000);
INSERT INTO `zz_area_code` VALUES (141127000000, '岚县', 3, 141100000000);
INSERT INTO `zz_area_code` VALUES (141128000000, '方山县', 3, 141100000000);
INSERT INTO `zz_area_code` VALUES (141129000000, '中阳县', 3, 141100000000);
INSERT INTO `zz_area_code` VALUES (141130000000, '交口县', 3, 141100000000);
INSERT INTO `zz_area_code` VALUES (141181000000, '孝义市', 3, 141100000000);
INSERT INTO `zz_area_code` VALUES (141182000000, '汾阳市', 3, 141100000000);
INSERT INTO `zz_area_code` VALUES (150000000000, '内蒙古自治区', 1, NULL);
INSERT INTO `zz_area_code` VALUES (150100000000, '呼和浩特市', 2, 150000000000);
INSERT INTO `zz_area_code` VALUES (150101000000, '市辖区', 3, 150100000000);
INSERT INTO `zz_area_code` VALUES (150102000000, '新城区', 3, 150100000000);
INSERT INTO `zz_area_code` VALUES (150103000000, '回民区', 3, 150100000000);
INSERT INTO `zz_area_code` VALUES (150104000000, '玉泉区', 3, 150100000000);
INSERT INTO `zz_area_code` VALUES (150105000000, '赛罕区', 3, 150100000000);
INSERT INTO `zz_area_code` VALUES (150121000000, '土默特左旗', 3, 150100000000);
INSERT INTO `zz_area_code` VALUES (150122000000, '托克托县', 3, 150100000000);
INSERT INTO `zz_area_code` VALUES (150123000000, '和林格尔县', 3, 150100000000);
INSERT INTO `zz_area_code` VALUES (150124000000, '清水河县', 3, 150100000000);
INSERT INTO `zz_area_code` VALUES (150125000000, '武川县', 3, 150100000000);
INSERT INTO `zz_area_code` VALUES (150171000000, '呼和浩特金海工业园区', 3, 150100000000);
INSERT INTO `zz_area_code` VALUES (150172000000, '呼和浩特经济技术开发区', 3, 150100000000);
INSERT INTO `zz_area_code` VALUES (150200000000, '包头市', 2, 150000000000);
INSERT INTO `zz_area_code` VALUES (150201000000, '市辖区', 3, 150200000000);
INSERT INTO `zz_area_code` VALUES (150202000000, '东河区', 3, 150200000000);
INSERT INTO `zz_area_code` VALUES (150203000000, '昆都仑区', 3, 150200000000);
INSERT INTO `zz_area_code` VALUES (150204000000, '青山区', 3, 150200000000);
INSERT INTO `zz_area_code` VALUES (150205000000, '石拐区', 3, 150200000000);
INSERT INTO `zz_area_code` VALUES (150206000000, '白云鄂博矿区', 3, 150200000000);
INSERT INTO `zz_area_code` VALUES (150207000000, '九原区', 3, 150200000000);
INSERT INTO `zz_area_code` VALUES (150221000000, '土默特右旗', 3, 150200000000);
INSERT INTO `zz_area_code` VALUES (150222000000, '固阳县', 3, 150200000000);
INSERT INTO `zz_area_code` VALUES (150223000000, '达尔罕茂明安联合旗', 3, 150200000000);
INSERT INTO `zz_area_code` VALUES (150271000000, '包头稀土高新技术产业开发区', 3, 150200000000);
INSERT INTO `zz_area_code` VALUES (150300000000, '乌海市', 2, 150000000000);
INSERT INTO `zz_area_code` VALUES (150301000000, '市辖区', 3, 150300000000);
INSERT INTO `zz_area_code` VALUES (150302000000, '海勃湾区', 3, 150300000000);
INSERT INTO `zz_area_code` VALUES (150303000000, '海南区', 3, 150300000000);
INSERT INTO `zz_area_code` VALUES (150304000000, '乌达区', 3, 150300000000);
INSERT INTO `zz_area_code` VALUES (150400000000, '赤峰市', 2, 150000000000);
INSERT INTO `zz_area_code` VALUES (150401000000, '市辖区', 3, 150400000000);
INSERT INTO `zz_area_code` VALUES (150402000000, '红山区', 3, 150400000000);
INSERT INTO `zz_area_code` VALUES (150403000000, '元宝山区', 3, 150400000000);
INSERT INTO `zz_area_code` VALUES (150404000000, '松山区', 3, 150400000000);
INSERT INTO `zz_area_code` VALUES (150421000000, '阿鲁科尔沁旗', 3, 150400000000);
INSERT INTO `zz_area_code` VALUES (150422000000, '巴林左旗', 3, 150400000000);
INSERT INTO `zz_area_code` VALUES (150423000000, '巴林右旗', 3, 150400000000);
INSERT INTO `zz_area_code` VALUES (150424000000, '林西县', 3, 150400000000);
INSERT INTO `zz_area_code` VALUES (150425000000, '克什克腾旗', 3, 150400000000);
INSERT INTO `zz_area_code` VALUES (150426000000, '翁牛特旗', 3, 150400000000);
INSERT INTO `zz_area_code` VALUES (150428000000, '喀喇沁旗', 3, 150400000000);
INSERT INTO `zz_area_code` VALUES (150429000000, '宁城县', 3, 150400000000);
INSERT INTO `zz_area_code` VALUES (150430000000, '敖汉旗', 3, 150400000000);
INSERT INTO `zz_area_code` VALUES (150500000000, '通辽市', 2, 150000000000);
INSERT INTO `zz_area_code` VALUES (150501000000, '市辖区', 3, 150500000000);
INSERT INTO `zz_area_code` VALUES (150502000000, '科尔沁区', 3, 150500000000);
INSERT INTO `zz_area_code` VALUES (150521000000, '科尔沁左翼中旗', 3, 150500000000);
INSERT INTO `zz_area_code` VALUES (150522000000, '科尔沁左翼后旗', 3, 150500000000);
INSERT INTO `zz_area_code` VALUES (150523000000, '开鲁县', 3, 150500000000);
INSERT INTO `zz_area_code` VALUES (150524000000, '库伦旗', 3, 150500000000);
INSERT INTO `zz_area_code` VALUES (150525000000, '奈曼旗', 3, 150500000000);
INSERT INTO `zz_area_code` VALUES (150526000000, '扎鲁特旗', 3, 150500000000);
INSERT INTO `zz_area_code` VALUES (150571000000, '通辽经济技术开发区', 3, 150500000000);
INSERT INTO `zz_area_code` VALUES (150581000000, '霍林郭勒市', 3, 150500000000);
INSERT INTO `zz_area_code` VALUES (150600000000, '鄂尔多斯市', 2, 150000000000);
INSERT INTO `zz_area_code` VALUES (150601000000, '市辖区', 3, 150600000000);
INSERT INTO `zz_area_code` VALUES (150602000000, '东胜区', 3, 150600000000);
INSERT INTO `zz_area_code` VALUES (150603000000, '康巴什区', 3, 150600000000);
INSERT INTO `zz_area_code` VALUES (150621000000, '达拉特旗', 3, 150600000000);
INSERT INTO `zz_area_code` VALUES (150622000000, '准格尔旗', 3, 150600000000);
INSERT INTO `zz_area_code` VALUES (150623000000, '鄂托克前旗', 3, 150600000000);
INSERT INTO `zz_area_code` VALUES (150624000000, '鄂托克旗', 3, 150600000000);
INSERT INTO `zz_area_code` VALUES (150625000000, '杭锦旗', 3, 150600000000);
INSERT INTO `zz_area_code` VALUES (150626000000, '乌审旗', 3, 150600000000);
INSERT INTO `zz_area_code` VALUES (150627000000, '伊金霍洛旗', 3, 150600000000);
INSERT INTO `zz_area_code` VALUES (150700000000, '呼伦贝尔市', 2, 150000000000);
INSERT INTO `zz_area_code` VALUES (150701000000, '市辖区', 3, 150700000000);
INSERT INTO `zz_area_code` VALUES (150702000000, '海拉尔区', 3, 150700000000);
INSERT INTO `zz_area_code` VALUES (150703000000, '扎赉诺尔区', 3, 150700000000);
INSERT INTO `zz_area_code` VALUES (150721000000, '阿荣旗', 3, 150700000000);
INSERT INTO `zz_area_code` VALUES (150722000000, '莫力达瓦达斡尔族自治旗', 3, 150700000000);
INSERT INTO `zz_area_code` VALUES (150723000000, '鄂伦春自治旗', 3, 150700000000);
INSERT INTO `zz_area_code` VALUES (150724000000, '鄂温克族自治旗', 3, 150700000000);
INSERT INTO `zz_area_code` VALUES (150725000000, '陈巴尔虎旗', 3, 150700000000);
INSERT INTO `zz_area_code` VALUES (150726000000, '新巴尔虎左旗', 3, 150700000000);
INSERT INTO `zz_area_code` VALUES (150727000000, '新巴尔虎右旗', 3, 150700000000);
INSERT INTO `zz_area_code` VALUES (150781000000, '满洲里市', 3, 150700000000);
INSERT INTO `zz_area_code` VALUES (150782000000, '牙克石市', 3, 150700000000);
INSERT INTO `zz_area_code` VALUES (150783000000, '扎兰屯市', 3, 150700000000);
INSERT INTO `zz_area_code` VALUES (150784000000, '额尔古纳市', 3, 150700000000);
INSERT INTO `zz_area_code` VALUES (150785000000, '根河市', 3, 150700000000);
INSERT INTO `zz_area_code` VALUES (150800000000, '巴彦淖尔市', 2, 150000000000);
INSERT INTO `zz_area_code` VALUES (150801000000, '市辖区', 3, 150800000000);
INSERT INTO `zz_area_code` VALUES (150802000000, '临河区', 3, 150800000000);
INSERT INTO `zz_area_code` VALUES (150821000000, '五原县', 3, 150800000000);
INSERT INTO `zz_area_code` VALUES (150822000000, '磴口县', 3, 150800000000);
INSERT INTO `zz_area_code` VALUES (150823000000, '乌拉特前旗', 3, 150800000000);
INSERT INTO `zz_area_code` VALUES (150824000000, '乌拉特中旗', 3, 150800000000);
INSERT INTO `zz_area_code` VALUES (150825000000, '乌拉特后旗', 3, 150800000000);
INSERT INTO `zz_area_code` VALUES (150826000000, '杭锦后旗', 3, 150800000000);
INSERT INTO `zz_area_code` VALUES (150900000000, '乌兰察布市', 2, 150000000000);
INSERT INTO `zz_area_code` VALUES (150901000000, '市辖区', 3, 150900000000);
INSERT INTO `zz_area_code` VALUES (150902000000, '集宁区', 3, 150900000000);
INSERT INTO `zz_area_code` VALUES (150921000000, '卓资县', 3, 150900000000);
INSERT INTO `zz_area_code` VALUES (150922000000, '化德县', 3, 150900000000);
INSERT INTO `zz_area_code` VALUES (150923000000, '商都县', 3, 150900000000);
INSERT INTO `zz_area_code` VALUES (150924000000, '兴和县', 3, 150900000000);
INSERT INTO `zz_area_code` VALUES (150925000000, '凉城县', 3, 150900000000);
INSERT INTO `zz_area_code` VALUES (150926000000, '察哈尔右翼前旗', 3, 150900000000);
INSERT INTO `zz_area_code` VALUES (150927000000, '察哈尔右翼中旗', 3, 150900000000);
INSERT INTO `zz_area_code` VALUES (150928000000, '察哈尔右翼后旗', 3, 150900000000);
INSERT INTO `zz_area_code` VALUES (150929000000, '四子王旗', 3, 150900000000);
INSERT INTO `zz_area_code` VALUES (150981000000, '丰镇市', 3, 150900000000);
INSERT INTO `zz_area_code` VALUES (152200000000, '兴安盟', 2, 150000000000);
INSERT INTO `zz_area_code` VALUES (152201000000, '乌兰浩特市', 3, 152200000000);
INSERT INTO `zz_area_code` VALUES (152202000000, '阿尔山市', 3, 152200000000);
INSERT INTO `zz_area_code` VALUES (152221000000, '科尔沁右翼前旗', 3, 152200000000);
INSERT INTO `zz_area_code` VALUES (152222000000, '科尔沁右翼中旗', 3, 152200000000);
INSERT INTO `zz_area_code` VALUES (152223000000, '扎赉特旗', 3, 152200000000);
INSERT INTO `zz_area_code` VALUES (152224000000, '突泉县', 3, 152200000000);
INSERT INTO `zz_area_code` VALUES (152500000000, '锡林郭勒盟', 2, 150000000000);
INSERT INTO `zz_area_code` VALUES (152501000000, '二连浩特市', 3, 152500000000);
INSERT INTO `zz_area_code` VALUES (152502000000, '锡林浩特市', 3, 152500000000);
INSERT INTO `zz_area_code` VALUES (152522000000, '阿巴嘎旗', 3, 152500000000);
INSERT INTO `zz_area_code` VALUES (152523000000, '苏尼特左旗', 3, 152500000000);
INSERT INTO `zz_area_code` VALUES (152524000000, '苏尼特右旗', 3, 152500000000);
INSERT INTO `zz_area_code` VALUES (152525000000, '东乌珠穆沁旗', 3, 152500000000);
INSERT INTO `zz_area_code` VALUES (152526000000, '西乌珠穆沁旗', 3, 152500000000);
INSERT INTO `zz_area_code` VALUES (152527000000, '太仆寺旗', 3, 152500000000);
INSERT INTO `zz_area_code` VALUES (152528000000, '镶黄旗', 3, 152500000000);
INSERT INTO `zz_area_code` VALUES (152529000000, '正镶白旗', 3, 152500000000);
INSERT INTO `zz_area_code` VALUES (152530000000, '正蓝旗', 3, 152500000000);
INSERT INTO `zz_area_code` VALUES (152531000000, '多伦县', 3, 152500000000);
INSERT INTO `zz_area_code` VALUES (152571000000, '乌拉盖管委会', 3, 152500000000);
INSERT INTO `zz_area_code` VALUES (152900000000, '阿拉善盟', 2, 150000000000);
INSERT INTO `zz_area_code` VALUES (152921000000, '阿拉善左旗', 3, 152900000000);
INSERT INTO `zz_area_code` VALUES (152922000000, '阿拉善右旗', 3, 152900000000);
INSERT INTO `zz_area_code` VALUES (152923000000, '额济纳旗', 3, 152900000000);
INSERT INTO `zz_area_code` VALUES (152971000000, '内蒙古阿拉善经济开发区', 3, 152900000000);
INSERT INTO `zz_area_code` VALUES (210000000000, '辽宁省', 1, NULL);
INSERT INTO `zz_area_code` VALUES (210100000000, '沈阳市', 2, 210000000000);
INSERT INTO `zz_area_code` VALUES (210101000000, '市辖区', 3, 210100000000);
INSERT INTO `zz_area_code` VALUES (210102000000, '和平区', 3, 210100000000);
INSERT INTO `zz_area_code` VALUES (210103000000, '沈河区', 3, 210100000000);
INSERT INTO `zz_area_code` VALUES (210104000000, '大东区', 3, 210100000000);
INSERT INTO `zz_area_code` VALUES (210105000000, '皇姑区', 3, 210100000000);
INSERT INTO `zz_area_code` VALUES (210106000000, '铁西区', 3, 210100000000);
INSERT INTO `zz_area_code` VALUES (210111000000, '苏家屯区', 3, 210100000000);
INSERT INTO `zz_area_code` VALUES (210112000000, '浑南区', 3, 210100000000);
INSERT INTO `zz_area_code` VALUES (210113000000, '沈北新区', 3, 210100000000);
INSERT INTO `zz_area_code` VALUES (210114000000, '于洪区', 3, 210100000000);
INSERT INTO `zz_area_code` VALUES (210115000000, '辽中区', 3, 210100000000);
INSERT INTO `zz_area_code` VALUES (210123000000, '康平县', 3, 210100000000);
INSERT INTO `zz_area_code` VALUES (210124000000, '法库县', 3, 210100000000);
INSERT INTO `zz_area_code` VALUES (210181000000, '新民市', 3, 210100000000);
INSERT INTO `zz_area_code` VALUES (210200000000, '大连市', 2, 210000000000);
INSERT INTO `zz_area_code` VALUES (210201000000, '市辖区', 3, 210200000000);
INSERT INTO `zz_area_code` VALUES (210202000000, '中山区', 3, 210200000000);
INSERT INTO `zz_area_code` VALUES (210203000000, '西岗区', 3, 210200000000);
INSERT INTO `zz_area_code` VALUES (210204000000, '沙河口区', 3, 210200000000);
INSERT INTO `zz_area_code` VALUES (210211000000, '甘井子区', 3, 210200000000);
INSERT INTO `zz_area_code` VALUES (210212000000, '旅顺口区', 3, 210200000000);
INSERT INTO `zz_area_code` VALUES (210213000000, '金州区', 3, 210200000000);
INSERT INTO `zz_area_code` VALUES (210214000000, '普兰店区', 3, 210200000000);
INSERT INTO `zz_area_code` VALUES (210224000000, '长海县', 3, 210200000000);
INSERT INTO `zz_area_code` VALUES (210281000000, '瓦房店市', 3, 210200000000);
INSERT INTO `zz_area_code` VALUES (210283000000, '庄河市', 3, 210200000000);
INSERT INTO `zz_area_code` VALUES (210300000000, '鞍山市', 2, 210000000000);
INSERT INTO `zz_area_code` VALUES (210301000000, '市辖区', 3, 210300000000);
INSERT INTO `zz_area_code` VALUES (210302000000, '铁东区', 3, 210300000000);
INSERT INTO `zz_area_code` VALUES (210303000000, '铁西区', 3, 210300000000);
INSERT INTO `zz_area_code` VALUES (210304000000, '立山区', 3, 210300000000);
INSERT INTO `zz_area_code` VALUES (210311000000, '千山区', 3, 210300000000);
INSERT INTO `zz_area_code` VALUES (210321000000, '台安县', 3, 210300000000);
INSERT INTO `zz_area_code` VALUES (210323000000, '岫岩满族自治县', 3, 210300000000);
INSERT INTO `zz_area_code` VALUES (210381000000, '海城市', 3, 210300000000);
INSERT INTO `zz_area_code` VALUES (210400000000, '抚顺市', 2, 210000000000);
INSERT INTO `zz_area_code` VALUES (210401000000, '市辖区', 3, 210400000000);
INSERT INTO `zz_area_code` VALUES (210402000000, '新抚区', 3, 210400000000);
INSERT INTO `zz_area_code` VALUES (210403000000, '东洲区', 3, 210400000000);
INSERT INTO `zz_area_code` VALUES (210404000000, '望花区', 3, 210400000000);
INSERT INTO `zz_area_code` VALUES (210411000000, '顺城区', 3, 210400000000);
INSERT INTO `zz_area_code` VALUES (210421000000, '抚顺县', 3, 210400000000);
INSERT INTO `zz_area_code` VALUES (210422000000, '新宾满族自治县', 3, 210400000000);
INSERT INTO `zz_area_code` VALUES (210423000000, '清原满族自治县', 3, 210400000000);
INSERT INTO `zz_area_code` VALUES (210500000000, '本溪市', 2, 210000000000);
INSERT INTO `zz_area_code` VALUES (210501000000, '市辖区', 3, 210500000000);
INSERT INTO `zz_area_code` VALUES (210502000000, '平山区', 3, 210500000000);
INSERT INTO `zz_area_code` VALUES (210503000000, '溪湖区', 3, 210500000000);
INSERT INTO `zz_area_code` VALUES (210504000000, '明山区', 3, 210500000000);
INSERT INTO `zz_area_code` VALUES (210505000000, '南芬区', 3, 210500000000);
INSERT INTO `zz_area_code` VALUES (210521000000, '本溪满族自治县', 3, 210500000000);
INSERT INTO `zz_area_code` VALUES (210522000000, '桓仁满族自治县', 3, 210500000000);
INSERT INTO `zz_area_code` VALUES (210600000000, '丹东市', 2, 210000000000);
INSERT INTO `zz_area_code` VALUES (210601000000, '市辖区', 3, 210600000000);
INSERT INTO `zz_area_code` VALUES (210602000000, '元宝区', 3, 210600000000);
INSERT INTO `zz_area_code` VALUES (210603000000, '振兴区', 3, 210600000000);
INSERT INTO `zz_area_code` VALUES (210604000000, '振安区', 3, 210600000000);
INSERT INTO `zz_area_code` VALUES (210624000000, '宽甸满族自治县', 3, 210600000000);
INSERT INTO `zz_area_code` VALUES (210681000000, '东港市', 3, 210600000000);
INSERT INTO `zz_area_code` VALUES (210682000000, '凤城市', 3, 210600000000);
INSERT INTO `zz_area_code` VALUES (210700000000, '锦州市', 2, 210000000000);
INSERT INTO `zz_area_code` VALUES (210701000000, '市辖区', 3, 210700000000);
INSERT INTO `zz_area_code` VALUES (210702000000, '古塔区', 3, 210700000000);
INSERT INTO `zz_area_code` VALUES (210703000000, '凌河区', 3, 210700000000);
INSERT INTO `zz_area_code` VALUES (210711000000, '太和区', 3, 210700000000);
INSERT INTO `zz_area_code` VALUES (210726000000, '黑山县', 3, 210700000000);
INSERT INTO `zz_area_code` VALUES (210727000000, '义县', 3, 210700000000);
INSERT INTO `zz_area_code` VALUES (210781000000, '凌海市', 3, 210700000000);
INSERT INTO `zz_area_code` VALUES (210782000000, '北镇市', 3, 210700000000);
INSERT INTO `zz_area_code` VALUES (210800000000, '营口市', 2, 210000000000);
INSERT INTO `zz_area_code` VALUES (210801000000, '市辖区', 3, 210800000000);
INSERT INTO `zz_area_code` VALUES (210802000000, '站前区', 3, 210800000000);
INSERT INTO `zz_area_code` VALUES (210803000000, '西市区', 3, 210800000000);
INSERT INTO `zz_area_code` VALUES (210804000000, '鲅鱼圈区', 3, 210800000000);
INSERT INTO `zz_area_code` VALUES (210811000000, '老边区', 3, 210800000000);
INSERT INTO `zz_area_code` VALUES (210881000000, '盖州市', 3, 210800000000);
INSERT INTO `zz_area_code` VALUES (210882000000, '大石桥市', 3, 210800000000);
INSERT INTO `zz_area_code` VALUES (210900000000, '阜新市', 2, 210000000000);
INSERT INTO `zz_area_code` VALUES (210901000000, '市辖区', 3, 210900000000);
INSERT INTO `zz_area_code` VALUES (210902000000, '海州区', 3, 210900000000);
INSERT INTO `zz_area_code` VALUES (210903000000, '新邱区', 3, 210900000000);
INSERT INTO `zz_area_code` VALUES (210904000000, '太平区', 3, 210900000000);
INSERT INTO `zz_area_code` VALUES (210905000000, '清河门区', 3, 210900000000);
INSERT INTO `zz_area_code` VALUES (210911000000, '细河区', 3, 210900000000);
INSERT INTO `zz_area_code` VALUES (210921000000, '阜新蒙古族自治县', 3, 210900000000);
INSERT INTO `zz_area_code` VALUES (210922000000, '彰武县', 3, 210900000000);
INSERT INTO `zz_area_code` VALUES (211000000000, '辽阳市', 2, 210000000000);
INSERT INTO `zz_area_code` VALUES (211001000000, '市辖区', 3, 211000000000);
INSERT INTO `zz_area_code` VALUES (211002000000, '白塔区', 3, 211000000000);
INSERT INTO `zz_area_code` VALUES (211003000000, '文圣区', 3, 211000000000);
INSERT INTO `zz_area_code` VALUES (211004000000, '宏伟区', 3, 211000000000);
INSERT INTO `zz_area_code` VALUES (211005000000, '弓长岭区', 3, 211000000000);
INSERT INTO `zz_area_code` VALUES (211011000000, '太子河区', 3, 211000000000);
INSERT INTO `zz_area_code` VALUES (211021000000, '辽阳县', 3, 211000000000);
INSERT INTO `zz_area_code` VALUES (211081000000, '灯塔市', 3, 211000000000);
INSERT INTO `zz_area_code` VALUES (211100000000, '盘锦市', 2, 210000000000);
INSERT INTO `zz_area_code` VALUES (211101000000, '市辖区', 3, 211100000000);
INSERT INTO `zz_area_code` VALUES (211102000000, '双台子区', 3, 211100000000);
INSERT INTO `zz_area_code` VALUES (211103000000, '兴隆台区', 3, 211100000000);
INSERT INTO `zz_area_code` VALUES (211104000000, '大洼区', 3, 211100000000);
INSERT INTO `zz_area_code` VALUES (211122000000, '盘山县', 3, 211100000000);
INSERT INTO `zz_area_code` VALUES (211200000000, '铁岭市', 2, 210000000000);
INSERT INTO `zz_area_code` VALUES (211201000000, '市辖区', 3, 211200000000);
INSERT INTO `zz_area_code` VALUES (211202000000, '银州区', 3, 211200000000);
INSERT INTO `zz_area_code` VALUES (211204000000, '清河区', 3, 211200000000);
INSERT INTO `zz_area_code` VALUES (211221000000, '铁岭县', 3, 211200000000);
INSERT INTO `zz_area_code` VALUES (211223000000, '西丰县', 3, 211200000000);
INSERT INTO `zz_area_code` VALUES (211224000000, '昌图县', 3, 211200000000);
INSERT INTO `zz_area_code` VALUES (211281000000, '调兵山市', 3, 211200000000);
INSERT INTO `zz_area_code` VALUES (211282000000, '开原市', 3, 211200000000);
INSERT INTO `zz_area_code` VALUES (211300000000, '朝阳市', 2, 210000000000);
INSERT INTO `zz_area_code` VALUES (211301000000, '市辖区', 3, 211300000000);
INSERT INTO `zz_area_code` VALUES (211302000000, '双塔区', 3, 211300000000);
INSERT INTO `zz_area_code` VALUES (211303000000, '龙城区', 3, 211300000000);
INSERT INTO `zz_area_code` VALUES (211321000000, '朝阳县', 3, 211300000000);
INSERT INTO `zz_area_code` VALUES (211322000000, '建平县', 3, 211300000000);
INSERT INTO `zz_area_code` VALUES (211324000000, '喀喇沁左翼蒙古族自治县', 3, 211300000000);
INSERT INTO `zz_area_code` VALUES (211381000000, '北票市', 3, 211300000000);
INSERT INTO `zz_area_code` VALUES (211382000000, '凌源市', 3, 211300000000);
INSERT INTO `zz_area_code` VALUES (211400000000, '葫芦岛市', 2, 210000000000);
INSERT INTO `zz_area_code` VALUES (211401000000, '市辖区', 3, 211400000000);
INSERT INTO `zz_area_code` VALUES (211402000000, '连山区', 3, 211400000000);
INSERT INTO `zz_area_code` VALUES (211403000000, '龙港区', 3, 211400000000);
INSERT INTO `zz_area_code` VALUES (211404000000, '南票区', 3, 211400000000);
INSERT INTO `zz_area_code` VALUES (211421000000, '绥中县', 3, 211400000000);
INSERT INTO `zz_area_code` VALUES (211422000000, '建昌县', 3, 211400000000);
INSERT INTO `zz_area_code` VALUES (211481000000, '兴城市', 3, 211400000000);
INSERT INTO `zz_area_code` VALUES (220000000000, '吉林省', 1, NULL);
INSERT INTO `zz_area_code` VALUES (220100000000, '长春市', 2, 220000000000);
INSERT INTO `zz_area_code` VALUES (220101000000, '市辖区', 3, 220100000000);
INSERT INTO `zz_area_code` VALUES (220102000000, '南关区', 3, 220100000000);
INSERT INTO `zz_area_code` VALUES (220103000000, '宽城区', 3, 220100000000);
INSERT INTO `zz_area_code` VALUES (220104000000, '朝阳区', 3, 220100000000);
INSERT INTO `zz_area_code` VALUES (220105000000, '二道区', 3, 220100000000);
INSERT INTO `zz_area_code` VALUES (220106000000, '绿园区', 3, 220100000000);
INSERT INTO `zz_area_code` VALUES (220112000000, '双阳区', 3, 220100000000);
INSERT INTO `zz_area_code` VALUES (220113000000, '九台区', 3, 220100000000);
INSERT INTO `zz_area_code` VALUES (220122000000, '农安县', 3, 220100000000);
INSERT INTO `zz_area_code` VALUES (220171000000, '长春经济技术开发区', 3, 220100000000);
INSERT INTO `zz_area_code` VALUES (220172000000, '长春净月高新技术产业开发区', 3, 220100000000);
INSERT INTO `zz_area_code` VALUES (220173000000, '长春高新技术产业开发区', 3, 220100000000);
INSERT INTO `zz_area_code` VALUES (220174000000, '长春汽车经济技术开发区', 3, 220100000000);
INSERT INTO `zz_area_code` VALUES (220182000000, '榆树市', 3, 220100000000);
INSERT INTO `zz_area_code` VALUES (220183000000, '德惠市', 3, 220100000000);
INSERT INTO `zz_area_code` VALUES (220200000000, '吉林市', 2, 220000000000);
INSERT INTO `zz_area_code` VALUES (220201000000, '市辖区', 3, 220200000000);
INSERT INTO `zz_area_code` VALUES (220202000000, '昌邑区', 3, 220200000000);
INSERT INTO `zz_area_code` VALUES (220203000000, '龙潭区', 3, 220200000000);
INSERT INTO `zz_area_code` VALUES (220204000000, '船营区', 3, 220200000000);
INSERT INTO `zz_area_code` VALUES (220211000000, '丰满区', 3, 220200000000);
INSERT INTO `zz_area_code` VALUES (220221000000, '永吉县', 3, 220200000000);
INSERT INTO `zz_area_code` VALUES (220271000000, '吉林经济开发区', 3, 220200000000);
INSERT INTO `zz_area_code` VALUES (220272000000, '吉林高新技术产业开发区', 3, 220200000000);
INSERT INTO `zz_area_code` VALUES (220273000000, '吉林中国新加坡食品区', 3, 220200000000);
INSERT INTO `zz_area_code` VALUES (220281000000, '蛟河市', 3, 220200000000);
INSERT INTO `zz_area_code` VALUES (220282000000, '桦甸市', 3, 220200000000);
INSERT INTO `zz_area_code` VALUES (220283000000, '舒兰市', 3, 220200000000);
INSERT INTO `zz_area_code` VALUES (220284000000, '磐石市', 3, 220200000000);
INSERT INTO `zz_area_code` VALUES (220300000000, '四平市', 2, 220000000000);
INSERT INTO `zz_area_code` VALUES (220301000000, '市辖区', 3, 220300000000);
INSERT INTO `zz_area_code` VALUES (220302000000, '铁西区', 3, 220300000000);
INSERT INTO `zz_area_code` VALUES (220303000000, '铁东区', 3, 220300000000);
INSERT INTO `zz_area_code` VALUES (220322000000, '梨树县', 3, 220300000000);
INSERT INTO `zz_area_code` VALUES (220323000000, '伊通满族自治县', 3, 220300000000);
INSERT INTO `zz_area_code` VALUES (220381000000, '公主岭市', 3, 220300000000);
INSERT INTO `zz_area_code` VALUES (220382000000, '双辽市', 3, 220300000000);
INSERT INTO `zz_area_code` VALUES (220400000000, '辽源市', 2, 220000000000);
INSERT INTO `zz_area_code` VALUES (220401000000, '市辖区', 3, 220400000000);
INSERT INTO `zz_area_code` VALUES (220402000000, '龙山区', 3, 220400000000);
INSERT INTO `zz_area_code` VALUES (220403000000, '西安区', 3, 220400000000);
INSERT INTO `zz_area_code` VALUES (220421000000, '东丰县', 3, 220400000000);
INSERT INTO `zz_area_code` VALUES (220422000000, '东辽县', 3, 220400000000);
INSERT INTO `zz_area_code` VALUES (220500000000, '通化市', 2, 220000000000);
INSERT INTO `zz_area_code` VALUES (220501000000, '市辖区', 3, 220500000000);
INSERT INTO `zz_area_code` VALUES (220502000000, '东昌区', 3, 220500000000);
INSERT INTO `zz_area_code` VALUES (220503000000, '二道江区', 3, 220500000000);
INSERT INTO `zz_area_code` VALUES (220521000000, '通化县', 3, 220500000000);
INSERT INTO `zz_area_code` VALUES (220523000000, '辉南县', 3, 220500000000);
INSERT INTO `zz_area_code` VALUES (220524000000, '柳河县', 3, 220500000000);
INSERT INTO `zz_area_code` VALUES (220581000000, '梅河口市', 3, 220500000000);
INSERT INTO `zz_area_code` VALUES (220582000000, '集安市', 3, 220500000000);
INSERT INTO `zz_area_code` VALUES (220600000000, '白山市', 2, 220000000000);
INSERT INTO `zz_area_code` VALUES (220601000000, '市辖区', 3, 220600000000);
INSERT INTO `zz_area_code` VALUES (220602000000, '浑江区', 3, 220600000000);
INSERT INTO `zz_area_code` VALUES (220605000000, '江源区', 3, 220600000000);
INSERT INTO `zz_area_code` VALUES (220621000000, '抚松县', 3, 220600000000);
INSERT INTO `zz_area_code` VALUES (220622000000, '靖宇县', 3, 220600000000);
INSERT INTO `zz_area_code` VALUES (220623000000, '长白朝鲜族自治县', 3, 220600000000);
INSERT INTO `zz_area_code` VALUES (220681000000, '临江市', 3, 220600000000);
INSERT INTO `zz_area_code` VALUES (220700000000, '松原市', 2, 220000000000);
INSERT INTO `zz_area_code` VALUES (220701000000, '市辖区', 3, 220700000000);
INSERT INTO `zz_area_code` VALUES (220702000000, '宁江区', 3, 220700000000);
INSERT INTO `zz_area_code` VALUES (220721000000, '前郭尔罗斯蒙古族自治县', 3, 220700000000);
INSERT INTO `zz_area_code` VALUES (220722000000, '长岭县', 3, 220700000000);
INSERT INTO `zz_area_code` VALUES (220723000000, '乾安县', 3, 220700000000);
INSERT INTO `zz_area_code` VALUES (220771000000, '吉林松原经济开发区', 3, 220700000000);
INSERT INTO `zz_area_code` VALUES (220781000000, '扶余市', 3, 220700000000);
INSERT INTO `zz_area_code` VALUES (220800000000, '白城市', 2, 220000000000);
INSERT INTO `zz_area_code` VALUES (220801000000, '市辖区', 3, 220800000000);
INSERT INTO `zz_area_code` VALUES (220802000000, '洮北区', 3, 220800000000);
INSERT INTO `zz_area_code` VALUES (220821000000, '镇赉县', 3, 220800000000);
INSERT INTO `zz_area_code` VALUES (220822000000, '通榆县', 3, 220800000000);
INSERT INTO `zz_area_code` VALUES (220871000000, '吉林白城经济开发区', 3, 220800000000);
INSERT INTO `zz_area_code` VALUES (220881000000, '洮南市', 3, 220800000000);
INSERT INTO `zz_area_code` VALUES (220882000000, '大安市', 3, 220800000000);
INSERT INTO `zz_area_code` VALUES (222400000000, '延边朝鲜族自治州', 2, 220000000000);
INSERT INTO `zz_area_code` VALUES (222401000000, '延吉市', 3, 222400000000);
INSERT INTO `zz_area_code` VALUES (222402000000, '图们市', 3, 222400000000);
INSERT INTO `zz_area_code` VALUES (222403000000, '敦化市', 3, 222400000000);
INSERT INTO `zz_area_code` VALUES (222404000000, '珲春市', 3, 222400000000);
INSERT INTO `zz_area_code` VALUES (222405000000, '龙井市', 3, 222400000000);
INSERT INTO `zz_area_code` VALUES (222406000000, '和龙市', 3, 222400000000);
INSERT INTO `zz_area_code` VALUES (222424000000, '汪清县', 3, 222400000000);
INSERT INTO `zz_area_code` VALUES (222426000000, '安图县', 3, 222400000000);
INSERT INTO `zz_area_code` VALUES (230000000000, '黑龙江省', 1, NULL);
INSERT INTO `zz_area_code` VALUES (230100000000, '哈尔滨市', 2, 230000000000);
INSERT INTO `zz_area_code` VALUES (230101000000, '市辖区', 3, 230100000000);
INSERT INTO `zz_area_code` VALUES (230102000000, '道里区', 3, 230100000000);
INSERT INTO `zz_area_code` VALUES (230103000000, '南岗区', 3, 230100000000);
INSERT INTO `zz_area_code` VALUES (230104000000, '道外区', 3, 230100000000);
INSERT INTO `zz_area_code` VALUES (230108000000, '平房区', 3, 230100000000);
INSERT INTO `zz_area_code` VALUES (230109000000, '松北区', 3, 230100000000);
INSERT INTO `zz_area_code` VALUES (230110000000, '香坊区', 3, 230100000000);
INSERT INTO `zz_area_code` VALUES (230111000000, '呼兰区', 3, 230100000000);
INSERT INTO `zz_area_code` VALUES (230112000000, '阿城区', 3, 230100000000);
INSERT INTO `zz_area_code` VALUES (230113000000, '双城区', 3, 230100000000);
INSERT INTO `zz_area_code` VALUES (230123000000, '依兰县', 3, 230100000000);
INSERT INTO `zz_area_code` VALUES (230124000000, '方正县', 3, 230100000000);
INSERT INTO `zz_area_code` VALUES (230125000000, '宾县', 3, 230100000000);
INSERT INTO `zz_area_code` VALUES (230126000000, '巴彦县', 3, 230100000000);
INSERT INTO `zz_area_code` VALUES (230127000000, '木兰县', 3, 230100000000);
INSERT INTO `zz_area_code` VALUES (230128000000, '通河县', 3, 230100000000);
INSERT INTO `zz_area_code` VALUES (230129000000, '延寿县', 3, 230100000000);
INSERT INTO `zz_area_code` VALUES (230183000000, '尚志市', 3, 230100000000);
INSERT INTO `zz_area_code` VALUES (230184000000, '五常市', 3, 230100000000);
INSERT INTO `zz_area_code` VALUES (230200000000, '齐齐哈尔市', 2, 230000000000);
INSERT INTO `zz_area_code` VALUES (230201000000, '市辖区', 3, 230200000000);
INSERT INTO `zz_area_code` VALUES (230202000000, '龙沙区', 3, 230200000000);
INSERT INTO `zz_area_code` VALUES (230203000000, '建华区', 3, 230200000000);
INSERT INTO `zz_area_code` VALUES (230204000000, '铁锋区', 3, 230200000000);
INSERT INTO `zz_area_code` VALUES (230205000000, '昂昂溪区', 3, 230200000000);
INSERT INTO `zz_area_code` VALUES (230206000000, '富拉尔基区', 3, 230200000000);
INSERT INTO `zz_area_code` VALUES (230207000000, '碾子山区', 3, 230200000000);
INSERT INTO `zz_area_code` VALUES (230208000000, '梅里斯达斡尔族区', 3, 230200000000);
INSERT INTO `zz_area_code` VALUES (230221000000, '龙江县', 3, 230200000000);
INSERT INTO `zz_area_code` VALUES (230223000000, '依安县', 3, 230200000000);
INSERT INTO `zz_area_code` VALUES (230224000000, '泰来县', 3, 230200000000);
INSERT INTO `zz_area_code` VALUES (230225000000, '甘南县', 3, 230200000000);
INSERT INTO `zz_area_code` VALUES (230227000000, '富裕县', 3, 230200000000);
INSERT INTO `zz_area_code` VALUES (230229000000, '克山县', 3, 230200000000);
INSERT INTO `zz_area_code` VALUES (230230000000, '克东县', 3, 230200000000);
INSERT INTO `zz_area_code` VALUES (230231000000, '拜泉县', 3, 230200000000);
INSERT INTO `zz_area_code` VALUES (230281000000, '讷河市', 3, 230200000000);
INSERT INTO `zz_area_code` VALUES (230300000000, '鸡西市', 2, 230000000000);
INSERT INTO `zz_area_code` VALUES (230301000000, '市辖区', 3, 230300000000);
INSERT INTO `zz_area_code` VALUES (230302000000, '鸡冠区', 3, 230300000000);
INSERT INTO `zz_area_code` VALUES (230303000000, '恒山区', 3, 230300000000);
INSERT INTO `zz_area_code` VALUES (230304000000, '滴道区', 3, 230300000000);
INSERT INTO `zz_area_code` VALUES (230305000000, '梨树区', 3, 230300000000);
INSERT INTO `zz_area_code` VALUES (230306000000, '城子河区', 3, 230300000000);
INSERT INTO `zz_area_code` VALUES (230307000000, '麻山区', 3, 230300000000);
INSERT INTO `zz_area_code` VALUES (230321000000, '鸡东县', 3, 230300000000);
INSERT INTO `zz_area_code` VALUES (230381000000, '虎林市', 3, 230300000000);
INSERT INTO `zz_area_code` VALUES (230382000000, '密山市', 3, 230300000000);
INSERT INTO `zz_area_code` VALUES (230400000000, '鹤岗市', 2, 230000000000);
INSERT INTO `zz_area_code` VALUES (230401000000, '市辖区', 3, 230400000000);
INSERT INTO `zz_area_code` VALUES (230402000000, '向阳区', 3, 230400000000);
INSERT INTO `zz_area_code` VALUES (230403000000, '工农区', 3, 230400000000);
INSERT INTO `zz_area_code` VALUES (230404000000, '南山区', 3, 230400000000);
INSERT INTO `zz_area_code` VALUES (230405000000, '兴安区', 3, 230400000000);
INSERT INTO `zz_area_code` VALUES (230406000000, '东山区', 3, 230400000000);
INSERT INTO `zz_area_code` VALUES (230407000000, '兴山区', 3, 230400000000);
INSERT INTO `zz_area_code` VALUES (230421000000, '萝北县', 3, 230400000000);
INSERT INTO `zz_area_code` VALUES (230422000000, '绥滨县', 3, 230400000000);
INSERT INTO `zz_area_code` VALUES (230500000000, '双鸭山市', 2, 230000000000);
INSERT INTO `zz_area_code` VALUES (230501000000, '市辖区', 3, 230500000000);
INSERT INTO `zz_area_code` VALUES (230502000000, '尖山区', 3, 230500000000);
INSERT INTO `zz_area_code` VALUES (230503000000, '岭东区', 3, 230500000000);
INSERT INTO `zz_area_code` VALUES (230505000000, '四方台区', 3, 230500000000);
INSERT INTO `zz_area_code` VALUES (230506000000, '宝山区', 3, 230500000000);
INSERT INTO `zz_area_code` VALUES (230521000000, '集贤县', 3, 230500000000);
INSERT INTO `zz_area_code` VALUES (230522000000, '友谊县', 3, 230500000000);
INSERT INTO `zz_area_code` VALUES (230523000000, '宝清县', 3, 230500000000);
INSERT INTO `zz_area_code` VALUES (230524000000, '饶河县', 3, 230500000000);
INSERT INTO `zz_area_code` VALUES (230600000000, '大庆市', 2, 230000000000);
INSERT INTO `zz_area_code` VALUES (230601000000, '市辖区', 3, 230600000000);
INSERT INTO `zz_area_code` VALUES (230602000000, '萨尔图区', 3, 230600000000);
INSERT INTO `zz_area_code` VALUES (230603000000, '龙凤区', 3, 230600000000);
INSERT INTO `zz_area_code` VALUES (230604000000, '让胡路区', 3, 230600000000);
INSERT INTO `zz_area_code` VALUES (230605000000, '红岗区', 3, 230600000000);
INSERT INTO `zz_area_code` VALUES (230606000000, '大同区', 3, 230600000000);
INSERT INTO `zz_area_code` VALUES (230621000000, '肇州县', 3, 230600000000);
INSERT INTO `zz_area_code` VALUES (230622000000, '肇源县', 3, 230600000000);
INSERT INTO `zz_area_code` VALUES (230623000000, '林甸县', 3, 230600000000);
INSERT INTO `zz_area_code` VALUES (230624000000, '杜尔伯特蒙古族自治县', 3, 230600000000);
INSERT INTO `zz_area_code` VALUES (230671000000, '大庆高新技术产业开发区', 3, 230600000000);
INSERT INTO `zz_area_code` VALUES (230700000000, '伊春市', 2, 230000000000);
INSERT INTO `zz_area_code` VALUES (230701000000, '市辖区', 3, 230700000000);
INSERT INTO `zz_area_code` VALUES (230702000000, '伊春区', 3, 230700000000);
INSERT INTO `zz_area_code` VALUES (230703000000, '南岔区', 3, 230700000000);
INSERT INTO `zz_area_code` VALUES (230704000000, '友好区', 3, 230700000000);
INSERT INTO `zz_area_code` VALUES (230705000000, '西林区', 3, 230700000000);
INSERT INTO `zz_area_code` VALUES (230706000000, '翠峦区', 3, 230700000000);
INSERT INTO `zz_area_code` VALUES (230707000000, '新青区', 3, 230700000000);
INSERT INTO `zz_area_code` VALUES (230708000000, '美溪区', 3, 230700000000);
INSERT INTO `zz_area_code` VALUES (230709000000, '金山屯区', 3, 230700000000);
INSERT INTO `zz_area_code` VALUES (230710000000, '五营区', 3, 230700000000);
INSERT INTO `zz_area_code` VALUES (230711000000, '乌马河区', 3, 230700000000);
INSERT INTO `zz_area_code` VALUES (230712000000, '汤旺河区', 3, 230700000000);
INSERT INTO `zz_area_code` VALUES (230713000000, '带岭区', 3, 230700000000);
INSERT INTO `zz_area_code` VALUES (230714000000, '乌伊岭区', 3, 230700000000);
INSERT INTO `zz_area_code` VALUES (230715000000, '红星区', 3, 230700000000);
INSERT INTO `zz_area_code` VALUES (230716000000, '上甘岭区', 3, 230700000000);
INSERT INTO `zz_area_code` VALUES (230722000000, '嘉荫县', 3, 230700000000);
INSERT INTO `zz_area_code` VALUES (230781000000, '铁力市', 3, 230700000000);
INSERT INTO `zz_area_code` VALUES (230800000000, '佳木斯市', 2, 230000000000);
INSERT INTO `zz_area_code` VALUES (230801000000, '市辖区', 3, 230800000000);
INSERT INTO `zz_area_code` VALUES (230803000000, '向阳区', 3, 230800000000);
INSERT INTO `zz_area_code` VALUES (230804000000, '前进区', 3, 230800000000);
INSERT INTO `zz_area_code` VALUES (230805000000, '东风区', 3, 230800000000);
INSERT INTO `zz_area_code` VALUES (230811000000, '郊区', 3, 230800000000);
INSERT INTO `zz_area_code` VALUES (230822000000, '桦南县', 3, 230800000000);
INSERT INTO `zz_area_code` VALUES (230826000000, '桦川县', 3, 230800000000);
INSERT INTO `zz_area_code` VALUES (230828000000, '汤原县', 3, 230800000000);
INSERT INTO `zz_area_code` VALUES (230881000000, '同江市', 3, 230800000000);
INSERT INTO `zz_area_code` VALUES (230882000000, '富锦市', 3, 230800000000);
INSERT INTO `zz_area_code` VALUES (230883000000, '抚远市', 3, 230800000000);
INSERT INTO `zz_area_code` VALUES (230900000000, '七台河市', 2, 230000000000);
INSERT INTO `zz_area_code` VALUES (230901000000, '市辖区', 3, 230900000000);
INSERT INTO `zz_area_code` VALUES (230902000000, '新兴区', 3, 230900000000);
INSERT INTO `zz_area_code` VALUES (230903000000, '桃山区', 3, 230900000000);
INSERT INTO `zz_area_code` VALUES (230904000000, '茄子河区', 3, 230900000000);
INSERT INTO `zz_area_code` VALUES (230921000000, '勃利县', 3, 230900000000);
INSERT INTO `zz_area_code` VALUES (231000000000, '牡丹江市', 2, 230000000000);
INSERT INTO `zz_area_code` VALUES (231001000000, '市辖区', 3, 231000000000);
INSERT INTO `zz_area_code` VALUES (231002000000, '东安区', 3, 231000000000);
INSERT INTO `zz_area_code` VALUES (231003000000, '阳明区', 3, 231000000000);
INSERT INTO `zz_area_code` VALUES (231004000000, '爱民区', 3, 231000000000);
INSERT INTO `zz_area_code` VALUES (231005000000, '西安区', 3, 231000000000);
INSERT INTO `zz_area_code` VALUES (231025000000, '林口县', 3, 231000000000);
INSERT INTO `zz_area_code` VALUES (231071000000, '牡丹江经济技术开发区', 3, 231000000000);
INSERT INTO `zz_area_code` VALUES (231081000000, '绥芬河市', 3, 231000000000);
INSERT INTO `zz_area_code` VALUES (231083000000, '海林市', 3, 231000000000);
INSERT INTO `zz_area_code` VALUES (231084000000, '宁安市', 3, 231000000000);
INSERT INTO `zz_area_code` VALUES (231085000000, '穆棱市', 3, 231000000000);
INSERT INTO `zz_area_code` VALUES (231086000000, '东宁市', 3, 231000000000);
INSERT INTO `zz_area_code` VALUES (231100000000, '黑河市', 2, 230000000000);
INSERT INTO `zz_area_code` VALUES (231101000000, '市辖区', 3, 231100000000);
INSERT INTO `zz_area_code` VALUES (231102000000, '爱辉区', 3, 231100000000);
INSERT INTO `zz_area_code` VALUES (231121000000, '嫩江县', 3, 231100000000);
INSERT INTO `zz_area_code` VALUES (231123000000, '逊克县', 3, 231100000000);
INSERT INTO `zz_area_code` VALUES (231124000000, '孙吴县', 3, 231100000000);
INSERT INTO `zz_area_code` VALUES (231181000000, '北安市', 3, 231100000000);
INSERT INTO `zz_area_code` VALUES (231182000000, '五大连池市', 3, 231100000000);
INSERT INTO `zz_area_code` VALUES (231200000000, '绥化市', 2, 230000000000);
INSERT INTO `zz_area_code` VALUES (231201000000, '市辖区', 3, 231200000000);
INSERT INTO `zz_area_code` VALUES (231202000000, '北林区', 3, 231200000000);
INSERT INTO `zz_area_code` VALUES (231221000000, '望奎县', 3, 231200000000);
INSERT INTO `zz_area_code` VALUES (231222000000, '兰西县', 3, 231200000000);
INSERT INTO `zz_area_code` VALUES (231223000000, '青冈县', 3, 231200000000);
INSERT INTO `zz_area_code` VALUES (231224000000, '庆安县', 3, 231200000000);
INSERT INTO `zz_area_code` VALUES (231225000000, '明水县', 3, 231200000000);
INSERT INTO `zz_area_code` VALUES (231226000000, '绥棱县', 3, 231200000000);
INSERT INTO `zz_area_code` VALUES (231281000000, '安达市', 3, 231200000000);
INSERT INTO `zz_area_code` VALUES (231282000000, '肇东市', 3, 231200000000);
INSERT INTO `zz_area_code` VALUES (231283000000, '海伦市', 3, 231200000000);
INSERT INTO `zz_area_code` VALUES (232700000000, '大兴安岭地区', 2, 230000000000);
INSERT INTO `zz_area_code` VALUES (232701000000, '漠河市', 3, 232700000000);
INSERT INTO `zz_area_code` VALUES (232721000000, '呼玛县', 3, 232700000000);
INSERT INTO `zz_area_code` VALUES (232722000000, '塔河县', 3, 232700000000);
INSERT INTO `zz_area_code` VALUES (232761000000, '加格达奇区', 3, 232700000000);
INSERT INTO `zz_area_code` VALUES (232762000000, '松岭区', 3, 232700000000);
INSERT INTO `zz_area_code` VALUES (232763000000, '新林区', 3, 232700000000);
INSERT INTO `zz_area_code` VALUES (232764000000, '呼中区', 3, 232700000000);
INSERT INTO `zz_area_code` VALUES (310000000000, '上海市', 1, NULL);
INSERT INTO `zz_area_code` VALUES (310100000000, '市辖区', 2, 310000000000);
INSERT INTO `zz_area_code` VALUES (310101000000, '黄浦区', 3, 310100000000);
INSERT INTO `zz_area_code` VALUES (310104000000, '徐汇区', 3, 310100000000);
INSERT INTO `zz_area_code` VALUES (310105000000, '长宁区', 3, 310100000000);
INSERT INTO `zz_area_code` VALUES (310106000000, '静安区', 3, 310100000000);
INSERT INTO `zz_area_code` VALUES (310107000000, '普陀区', 3, 310100000000);
INSERT INTO `zz_area_code` VALUES (310109000000, '虹口区', 3, 310100000000);
INSERT INTO `zz_area_code` VALUES (310110000000, '杨浦区', 3, 310100000000);
INSERT INTO `zz_area_code` VALUES (310112000000, '闵行区', 3, 310100000000);
INSERT INTO `zz_area_code` VALUES (310113000000, '宝山区', 3, 310100000000);
INSERT INTO `zz_area_code` VALUES (310114000000, '嘉定区', 3, 310100000000);
INSERT INTO `zz_area_code` VALUES (310115000000, '浦东新区', 3, 310100000000);
INSERT INTO `zz_area_code` VALUES (310116000000, '金山区', 3, 310100000000);
INSERT INTO `zz_area_code` VALUES (310117000000, '松江区', 3, 310100000000);
INSERT INTO `zz_area_code` VALUES (310118000000, '青浦区', 3, 310100000000);
INSERT INTO `zz_area_code` VALUES (310120000000, '奉贤区', 3, 310100000000);
INSERT INTO `zz_area_code` VALUES (310151000000, '崇明区', 3, 310100000000);
INSERT INTO `zz_area_code` VALUES (320000000000, '江苏省', 1, NULL);
INSERT INTO `zz_area_code` VALUES (320100000000, '南京市', 2, 320000000000);
INSERT INTO `zz_area_code` VALUES (320101000000, '市辖区', 3, 320100000000);
INSERT INTO `zz_area_code` VALUES (320102000000, '玄武区', 3, 320100000000);
INSERT INTO `zz_area_code` VALUES (320104000000, '秦淮区', 3, 320100000000);
INSERT INTO `zz_area_code` VALUES (320105000000, '建邺区', 3, 320100000000);
INSERT INTO `zz_area_code` VALUES (320106000000, '鼓楼区', 3, 320100000000);
INSERT INTO `zz_area_code` VALUES (320111000000, '浦口区', 3, 320100000000);
INSERT INTO `zz_area_code` VALUES (320113000000, '栖霞区', 3, 320100000000);
INSERT INTO `zz_area_code` VALUES (320114000000, '雨花台区', 3, 320100000000);
INSERT INTO `zz_area_code` VALUES (320115000000, '江宁区', 3, 320100000000);
INSERT INTO `zz_area_code` VALUES (320116000000, '六合区', 3, 320100000000);
INSERT INTO `zz_area_code` VALUES (320117000000, '溧水区', 3, 320100000000);
INSERT INTO `zz_area_code` VALUES (320118000000, '高淳区', 3, 320100000000);
INSERT INTO `zz_area_code` VALUES (320200000000, '无锡市', 2, 320000000000);
INSERT INTO `zz_area_code` VALUES (320201000000, '市辖区', 3, 320200000000);
INSERT INTO `zz_area_code` VALUES (320205000000, '锡山区', 3, 320200000000);
INSERT INTO `zz_area_code` VALUES (320206000000, '惠山区', 3, 320200000000);
INSERT INTO `zz_area_code` VALUES (320211000000, '滨湖区', 3, 320200000000);
INSERT INTO `zz_area_code` VALUES (320213000000, '梁溪区', 3, 320200000000);
INSERT INTO `zz_area_code` VALUES (320214000000, '新吴区', 3, 320200000000);
INSERT INTO `zz_area_code` VALUES (320281000000, '江阴市', 3, 320200000000);
INSERT INTO `zz_area_code` VALUES (320282000000, '宜兴市', 3, 320200000000);
INSERT INTO `zz_area_code` VALUES (320300000000, '徐州市', 2, 320000000000);
INSERT INTO `zz_area_code` VALUES (320301000000, '市辖区', 3, 320300000000);
INSERT INTO `zz_area_code` VALUES (320302000000, '鼓楼区', 3, 320300000000);
INSERT INTO `zz_area_code` VALUES (320303000000, '云龙区', 3, 320300000000);
INSERT INTO `zz_area_code` VALUES (320305000000, '贾汪区', 3, 320300000000);
INSERT INTO `zz_area_code` VALUES (320311000000, '泉山区', 3, 320300000000);
INSERT INTO `zz_area_code` VALUES (320312000000, '铜山区', 3, 320300000000);
INSERT INTO `zz_area_code` VALUES (320321000000, '丰县', 3, 320300000000);
INSERT INTO `zz_area_code` VALUES (320322000000, '沛县', 3, 320300000000);
INSERT INTO `zz_area_code` VALUES (320324000000, '睢宁县', 3, 320300000000);
INSERT INTO `zz_area_code` VALUES (320371000000, '徐州经济技术开发区', 3, 320300000000);
INSERT INTO `zz_area_code` VALUES (320381000000, '新沂市', 3, 320300000000);
INSERT INTO `zz_area_code` VALUES (320382000000, '邳州市', 3, 320300000000);
INSERT INTO `zz_area_code` VALUES (320400000000, '常州市', 2, 320000000000);
INSERT INTO `zz_area_code` VALUES (320401000000, '市辖区', 3, 320400000000);
INSERT INTO `zz_area_code` VALUES (320402000000, '天宁区', 3, 320400000000);
INSERT INTO `zz_area_code` VALUES (320404000000, '钟楼区', 3, 320400000000);
INSERT INTO `zz_area_code` VALUES (320411000000, '新北区', 3, 320400000000);
INSERT INTO `zz_area_code` VALUES (320412000000, '武进区', 3, 320400000000);
INSERT INTO `zz_area_code` VALUES (320413000000, '金坛区', 3, 320400000000);
INSERT INTO `zz_area_code` VALUES (320481000000, '溧阳市', 3, 320400000000);
INSERT INTO `zz_area_code` VALUES (320500000000, '苏州市', 2, 320000000000);
INSERT INTO `zz_area_code` VALUES (320501000000, '市辖区', 3, 320500000000);
INSERT INTO `zz_area_code` VALUES (320505000000, '虎丘区', 3, 320500000000);
INSERT INTO `zz_area_code` VALUES (320506000000, '吴中区', 3, 320500000000);
INSERT INTO `zz_area_code` VALUES (320507000000, '相城区', 3, 320500000000);
INSERT INTO `zz_area_code` VALUES (320508000000, '姑苏区', 3, 320500000000);
INSERT INTO `zz_area_code` VALUES (320509000000, '吴江区', 3, 320500000000);
INSERT INTO `zz_area_code` VALUES (320571000000, '苏州工业园区', 3, 320500000000);
INSERT INTO `zz_area_code` VALUES (320581000000, '常熟市', 3, 320500000000);
INSERT INTO `zz_area_code` VALUES (320582000000, '张家港市', 3, 320500000000);
INSERT INTO `zz_area_code` VALUES (320583000000, '昆山市', 3, 320500000000);
INSERT INTO `zz_area_code` VALUES (320585000000, '太仓市', 3, 320500000000);
INSERT INTO `zz_area_code` VALUES (320600000000, '南通市', 2, 320000000000);
INSERT INTO `zz_area_code` VALUES (320601000000, '市辖区', 3, 320600000000);
INSERT INTO `zz_area_code` VALUES (320602000000, '崇川区', 3, 320600000000);
INSERT INTO `zz_area_code` VALUES (320611000000, '港闸区', 3, 320600000000);
INSERT INTO `zz_area_code` VALUES (320612000000, '通州区', 3, 320600000000);
INSERT INTO `zz_area_code` VALUES (320623000000, '如东县', 3, 320600000000);
INSERT INTO `zz_area_code` VALUES (320671000000, '南通经济技术开发区', 3, 320600000000);
INSERT INTO `zz_area_code` VALUES (320681000000, '启东市', 3, 320600000000);
INSERT INTO `zz_area_code` VALUES (320682000000, '如皋市', 3, 320600000000);
INSERT INTO `zz_area_code` VALUES (320684000000, '海门市', 3, 320600000000);
INSERT INTO `zz_area_code` VALUES (320685000000, '海安市', 3, 320600000000);
INSERT INTO `zz_area_code` VALUES (320700000000, '连云港市', 2, 320000000000);
INSERT INTO `zz_area_code` VALUES (320701000000, '市辖区', 3, 320700000000);
INSERT INTO `zz_area_code` VALUES (320703000000, '连云区', 3, 320700000000);
INSERT INTO `zz_area_code` VALUES (320706000000, '海州区', 3, 320700000000);
INSERT INTO `zz_area_code` VALUES (320707000000, '赣榆区', 3, 320700000000);
INSERT INTO `zz_area_code` VALUES (320722000000, '东海县', 3, 320700000000);
INSERT INTO `zz_area_code` VALUES (320723000000, '灌云县', 3, 320700000000);
INSERT INTO `zz_area_code` VALUES (320724000000, '灌南县', 3, 320700000000);
INSERT INTO `zz_area_code` VALUES (320771000000, '连云港经济技术开发区', 3, 320700000000);
INSERT INTO `zz_area_code` VALUES (320772000000, '连云港高新技术产业开发区', 3, 320700000000);
INSERT INTO `zz_area_code` VALUES (320800000000, '淮安市', 2, 320000000000);
INSERT INTO `zz_area_code` VALUES (320801000000, '市辖区', 3, 320800000000);
INSERT INTO `zz_area_code` VALUES (320803000000, '淮安区', 3, 320800000000);
INSERT INTO `zz_area_code` VALUES (320804000000, '淮阴区', 3, 320800000000);
INSERT INTO `zz_area_code` VALUES (320812000000, '清江浦区', 3, 320800000000);
INSERT INTO `zz_area_code` VALUES (320813000000, '洪泽区', 3, 320800000000);
INSERT INTO `zz_area_code` VALUES (320826000000, '涟水县', 3, 320800000000);
INSERT INTO `zz_area_code` VALUES (320830000000, '盱眙县', 3, 320800000000);
INSERT INTO `zz_area_code` VALUES (320831000000, '金湖县', 3, 320800000000);
INSERT INTO `zz_area_code` VALUES (320871000000, '淮安经济技术开发区', 3, 320800000000);
INSERT INTO `zz_area_code` VALUES (320900000000, '盐城市', 2, 320000000000);
INSERT INTO `zz_area_code` VALUES (320901000000, '市辖区', 3, 320900000000);
INSERT INTO `zz_area_code` VALUES (320902000000, '亭湖区', 3, 320900000000);
INSERT INTO `zz_area_code` VALUES (320903000000, '盐都区', 3, 320900000000);
INSERT INTO `zz_area_code` VALUES (320904000000, '大丰区', 3, 320900000000);
INSERT INTO `zz_area_code` VALUES (320921000000, '响水县', 3, 320900000000);
INSERT INTO `zz_area_code` VALUES (320922000000, '滨海县', 3, 320900000000);
INSERT INTO `zz_area_code` VALUES (320923000000, '阜宁县', 3, 320900000000);
INSERT INTO `zz_area_code` VALUES (320924000000, '射阳县', 3, 320900000000);
INSERT INTO `zz_area_code` VALUES (320925000000, '建湖县', 3, 320900000000);
INSERT INTO `zz_area_code` VALUES (320971000000, '盐城经济技术开发区', 3, 320900000000);
INSERT INTO `zz_area_code` VALUES (320981000000, '东台市', 3, 320900000000);
INSERT INTO `zz_area_code` VALUES (321000000000, '扬州市', 2, 320000000000);
INSERT INTO `zz_area_code` VALUES (321001000000, '市辖区', 3, 321000000000);
INSERT INTO `zz_area_code` VALUES (321002000000, '广陵区', 3, 321000000000);
INSERT INTO `zz_area_code` VALUES (321003000000, '邗江区', 3, 321000000000);
INSERT INTO `zz_area_code` VALUES (321012000000, '江都区', 3, 321000000000);
INSERT INTO `zz_area_code` VALUES (321023000000, '宝应县', 3, 321000000000);
INSERT INTO `zz_area_code` VALUES (321071000000, '扬州经济技术开发区', 3, 321000000000);
INSERT INTO `zz_area_code` VALUES (321081000000, '仪征市', 3, 321000000000);
INSERT INTO `zz_area_code` VALUES (321084000000, '高邮市', 3, 321000000000);
INSERT INTO `zz_area_code` VALUES (321100000000, '镇江市', 2, 320000000000);
INSERT INTO `zz_area_code` VALUES (321101000000, '市辖区', 3, 321100000000);
INSERT INTO `zz_area_code` VALUES (321102000000, '京口区', 3, 321100000000);
INSERT INTO `zz_area_code` VALUES (321111000000, '润州区', 3, 321100000000);
INSERT INTO `zz_area_code` VALUES (321112000000, '丹徒区', 3, 321100000000);
INSERT INTO `zz_area_code` VALUES (321171000000, '镇江新区', 3, 321100000000);
INSERT INTO `zz_area_code` VALUES (321181000000, '丹阳市', 3, 321100000000);
INSERT INTO `zz_area_code` VALUES (321182000000, '扬中市', 3, 321100000000);
INSERT INTO `zz_area_code` VALUES (321183000000, '句容市', 3, 321100000000);
INSERT INTO `zz_area_code` VALUES (321200000000, '泰州市', 2, 320000000000);
INSERT INTO `zz_area_code` VALUES (321201000000, '市辖区', 3, 321200000000);
INSERT INTO `zz_area_code` VALUES (321202000000, '海陵区', 3, 321200000000);
INSERT INTO `zz_area_code` VALUES (321203000000, '高港区', 3, 321200000000);
INSERT INTO `zz_area_code` VALUES (321204000000, '姜堰区', 3, 321200000000);
INSERT INTO `zz_area_code` VALUES (321271000000, '泰州医药高新技术产业开发区', 3, 321200000000);
INSERT INTO `zz_area_code` VALUES (321281000000, '兴化市', 3, 321200000000);
INSERT INTO `zz_area_code` VALUES (321282000000, '靖江市', 3, 321200000000);
INSERT INTO `zz_area_code` VALUES (321283000000, '泰兴市', 3, 321200000000);
INSERT INTO `zz_area_code` VALUES (321300000000, '宿迁市', 2, 320000000000);
INSERT INTO `zz_area_code` VALUES (321301000000, '市辖区', 3, 321300000000);
INSERT INTO `zz_area_code` VALUES (321302000000, '宿城区', 3, 321300000000);
INSERT INTO `zz_area_code` VALUES (321311000000, '宿豫区', 3, 321300000000);
INSERT INTO `zz_area_code` VALUES (321322000000, '沭阳县', 3, 321300000000);
INSERT INTO `zz_area_code` VALUES (321323000000, '泗阳县', 3, 321300000000);
INSERT INTO `zz_area_code` VALUES (321324000000, '泗洪县', 3, 321300000000);
INSERT INTO `zz_area_code` VALUES (321371000000, '宿迁经济技术开发区', 3, 321300000000);
INSERT INTO `zz_area_code` VALUES (330000000000, '浙江省', 1, NULL);
INSERT INTO `zz_area_code` VALUES (330100000000, '杭州市', 2, 330000000000);
INSERT INTO `zz_area_code` VALUES (330101000000, '市辖区', 3, 330100000000);
INSERT INTO `zz_area_code` VALUES (330102000000, '上城区', 3, 330100000000);
INSERT INTO `zz_area_code` VALUES (330103000000, '下城区', 3, 330100000000);
INSERT INTO `zz_area_code` VALUES (330104000000, '江干区', 3, 330100000000);
INSERT INTO `zz_area_code` VALUES (330105000000, '拱墅区', 3, 330100000000);
INSERT INTO `zz_area_code` VALUES (330106000000, '西湖区', 3, 330100000000);
INSERT INTO `zz_area_code` VALUES (330108000000, '滨江区', 3, 330100000000);
INSERT INTO `zz_area_code` VALUES (330109000000, '萧山区', 3, 330100000000);
INSERT INTO `zz_area_code` VALUES (330110000000, '余杭区', 3, 330100000000);
INSERT INTO `zz_area_code` VALUES (330111000000, '富阳区', 3, 330100000000);
INSERT INTO `zz_area_code` VALUES (330112000000, '临安区', 3, 330100000000);
INSERT INTO `zz_area_code` VALUES (330122000000, '桐庐县', 3, 330100000000);
INSERT INTO `zz_area_code` VALUES (330127000000, '淳安县', 3, 330100000000);
INSERT INTO `zz_area_code` VALUES (330182000000, '建德市', 3, 330100000000);
INSERT INTO `zz_area_code` VALUES (330200000000, '宁波市', 2, 330000000000);
INSERT INTO `zz_area_code` VALUES (330201000000, '市辖区', 3, 330200000000);
INSERT INTO `zz_area_code` VALUES (330203000000, '海曙区', 3, 330200000000);
INSERT INTO `zz_area_code` VALUES (330205000000, '江北区', 3, 330200000000);
INSERT INTO `zz_area_code` VALUES (330206000000, '北仑区', 3, 330200000000);
INSERT INTO `zz_area_code` VALUES (330211000000, '镇海区', 3, 330200000000);
INSERT INTO `zz_area_code` VALUES (330212000000, '鄞州区', 3, 330200000000);
INSERT INTO `zz_area_code` VALUES (330213000000, '奉化区', 3, 330200000000);
INSERT INTO `zz_area_code` VALUES (330225000000, '象山县', 3, 330200000000);
INSERT INTO `zz_area_code` VALUES (330226000000, '宁海县', 3, 330200000000);
INSERT INTO `zz_area_code` VALUES (330281000000, '余姚市', 3, 330200000000);
INSERT INTO `zz_area_code` VALUES (330282000000, '慈溪市', 3, 330200000000);
INSERT INTO `zz_area_code` VALUES (330300000000, '温州市', 2, 330000000000);
INSERT INTO `zz_area_code` VALUES (330301000000, '市辖区', 3, 330300000000);
INSERT INTO `zz_area_code` VALUES (330302000000, '鹿城区', 3, 330300000000);
INSERT INTO `zz_area_code` VALUES (330303000000, '龙湾区', 3, 330300000000);
INSERT INTO `zz_area_code` VALUES (330304000000, '瓯海区', 3, 330300000000);
INSERT INTO `zz_area_code` VALUES (330305000000, '洞头区', 3, 330300000000);
INSERT INTO `zz_area_code` VALUES (330324000000, '永嘉县', 3, 330300000000);
INSERT INTO `zz_area_code` VALUES (330326000000, '平阳县', 3, 330300000000);
INSERT INTO `zz_area_code` VALUES (330327000000, '苍南县', 3, 330300000000);
INSERT INTO `zz_area_code` VALUES (330328000000, '文成县', 3, 330300000000);
INSERT INTO `zz_area_code` VALUES (330329000000, '泰顺县', 3, 330300000000);
INSERT INTO `zz_area_code` VALUES (330371000000, '温州经济技术开发区', 3, 330300000000);
INSERT INTO `zz_area_code` VALUES (330381000000, '瑞安市', 3, 330300000000);
INSERT INTO `zz_area_code` VALUES (330382000000, '乐清市', 3, 330300000000);
INSERT INTO `zz_area_code` VALUES (330400000000, '嘉兴市', 2, 330000000000);
INSERT INTO `zz_area_code` VALUES (330401000000, '市辖区', 3, 330400000000);
INSERT INTO `zz_area_code` VALUES (330402000000, '南湖区', 3, 330400000000);
INSERT INTO `zz_area_code` VALUES (330411000000, '秀洲区', 3, 330400000000);
INSERT INTO `zz_area_code` VALUES (330421000000, '嘉善县', 3, 330400000000);
INSERT INTO `zz_area_code` VALUES (330424000000, '海盐县', 3, 330400000000);
INSERT INTO `zz_area_code` VALUES (330481000000, '海宁市', 3, 330400000000);
INSERT INTO `zz_area_code` VALUES (330482000000, '平湖市', 3, 330400000000);
INSERT INTO `zz_area_code` VALUES (330483000000, '桐乡市', 3, 330400000000);
INSERT INTO `zz_area_code` VALUES (330500000000, '湖州市', 2, 330000000000);
INSERT INTO `zz_area_code` VALUES (330501000000, '市辖区', 3, 330500000000);
INSERT INTO `zz_area_code` VALUES (330502000000, '吴兴区', 3, 330500000000);
INSERT INTO `zz_area_code` VALUES (330503000000, '南浔区', 3, 330500000000);
INSERT INTO `zz_area_code` VALUES (330521000000, '德清县', 3, 330500000000);
INSERT INTO `zz_area_code` VALUES (330522000000, '长兴县', 3, 330500000000);
INSERT INTO `zz_area_code` VALUES (330523000000, '安吉县', 3, 330500000000);
INSERT INTO `zz_area_code` VALUES (330600000000, '绍兴市', 2, 330000000000);
INSERT INTO `zz_area_code` VALUES (330601000000, '市辖区', 3, 330600000000);
INSERT INTO `zz_area_code` VALUES (330602000000, '越城区', 3, 330600000000);
INSERT INTO `zz_area_code` VALUES (330603000000, '柯桥区', 3, 330600000000);
INSERT INTO `zz_area_code` VALUES (330604000000, '上虞区', 3, 330600000000);
INSERT INTO `zz_area_code` VALUES (330624000000, '新昌县', 3, 330600000000);
INSERT INTO `zz_area_code` VALUES (330681000000, '诸暨市', 3, 330600000000);
INSERT INTO `zz_area_code` VALUES (330683000000, '嵊州市', 3, 330600000000);
INSERT INTO `zz_area_code` VALUES (330700000000, '金华市', 2, 330000000000);
INSERT INTO `zz_area_code` VALUES (330701000000, '市辖区', 3, 330700000000);
INSERT INTO `zz_area_code` VALUES (330702000000, '婺城区', 3, 330700000000);
INSERT INTO `zz_area_code` VALUES (330703000000, '金东区', 3, 330700000000);
INSERT INTO `zz_area_code` VALUES (330723000000, '武义县', 3, 330700000000);
INSERT INTO `zz_area_code` VALUES (330726000000, '浦江县', 3, 330700000000);
INSERT INTO `zz_area_code` VALUES (330727000000, '磐安县', 3, 330700000000);
INSERT INTO `zz_area_code` VALUES (330781000000, '兰溪市', 3, 330700000000);
INSERT INTO `zz_area_code` VALUES (330782000000, '义乌市', 3, 330700000000);
INSERT INTO `zz_area_code` VALUES (330783000000, '东阳市', 3, 330700000000);
INSERT INTO `zz_area_code` VALUES (330784000000, '永康市', 3, 330700000000);
INSERT INTO `zz_area_code` VALUES (330800000000, '衢州市', 2, 330000000000);
INSERT INTO `zz_area_code` VALUES (330801000000, '市辖区', 3, 330800000000);
INSERT INTO `zz_area_code` VALUES (330802000000, '柯城区', 3, 330800000000);
INSERT INTO `zz_area_code` VALUES (330803000000, '衢江区', 3, 330800000000);
INSERT INTO `zz_area_code` VALUES (330822000000, '常山县', 3, 330800000000);
INSERT INTO `zz_area_code` VALUES (330824000000, '开化县', 3, 330800000000);
INSERT INTO `zz_area_code` VALUES (330825000000, '龙游县', 3, 330800000000);
INSERT INTO `zz_area_code` VALUES (330881000000, '江山市', 3, 330800000000);
INSERT INTO `zz_area_code` VALUES (330900000000, '舟山市', 2, 330000000000);
INSERT INTO `zz_area_code` VALUES (330901000000, '市辖区', 3, 330900000000);
INSERT INTO `zz_area_code` VALUES (330902000000, '定海区', 3, 330900000000);
INSERT INTO `zz_area_code` VALUES (330903000000, '普陀区', 3, 330900000000);
INSERT INTO `zz_area_code` VALUES (330921000000, '岱山县', 3, 330900000000);
INSERT INTO `zz_area_code` VALUES (330922000000, '嵊泗县', 3, 330900000000);
INSERT INTO `zz_area_code` VALUES (331000000000, '台州市', 2, 330000000000);
INSERT INTO `zz_area_code` VALUES (331001000000, '市辖区', 3, 331000000000);
INSERT INTO `zz_area_code` VALUES (331002000000, '椒江区', 3, 331000000000);
INSERT INTO `zz_area_code` VALUES (331003000000, '黄岩区', 3, 331000000000);
INSERT INTO `zz_area_code` VALUES (331004000000, '路桥区', 3, 331000000000);
INSERT INTO `zz_area_code` VALUES (331022000000, '三门县', 3, 331000000000);
INSERT INTO `zz_area_code` VALUES (331023000000, '天台县', 3, 331000000000);
INSERT INTO `zz_area_code` VALUES (331024000000, '仙居县', 3, 331000000000);
INSERT INTO `zz_area_code` VALUES (331081000000, '温岭市', 3, 331000000000);
INSERT INTO `zz_area_code` VALUES (331082000000, '临海市', 3, 331000000000);
INSERT INTO `zz_area_code` VALUES (331083000000, '玉环市', 3, 331000000000);
INSERT INTO `zz_area_code` VALUES (331100000000, '丽水市', 2, 330000000000);
INSERT INTO `zz_area_code` VALUES (331101000000, '市辖区', 3, 331100000000);
INSERT INTO `zz_area_code` VALUES (331102000000, '莲都区', 3, 331100000000);
INSERT INTO `zz_area_code` VALUES (331121000000, '青田县', 3, 331100000000);
INSERT INTO `zz_area_code` VALUES (331122000000, '缙云县', 3, 331100000000);
INSERT INTO `zz_area_code` VALUES (331123000000, '遂昌县', 3, 331100000000);
INSERT INTO `zz_area_code` VALUES (331124000000, '松阳县', 3, 331100000000);
INSERT INTO `zz_area_code` VALUES (331125000000, '云和县', 3, 331100000000);
INSERT INTO `zz_area_code` VALUES (331126000000, '庆元县', 3, 331100000000);
INSERT INTO `zz_area_code` VALUES (331127000000, '景宁畲族自治县', 3, 331100000000);
INSERT INTO `zz_area_code` VALUES (331181000000, '龙泉市', 3, 331100000000);
INSERT INTO `zz_area_code` VALUES (340000000000, '安徽省', 1, NULL);
INSERT INTO `zz_area_code` VALUES (340100000000, '合肥市', 2, 340000000000);
INSERT INTO `zz_area_code` VALUES (340101000000, '市辖区', 3, 340100000000);
INSERT INTO `zz_area_code` VALUES (340102000000, '瑶海区', 3, 340100000000);
INSERT INTO `zz_area_code` VALUES (340103000000, '庐阳区', 3, 340100000000);
INSERT INTO `zz_area_code` VALUES (340104000000, '蜀山区', 3, 340100000000);
INSERT INTO `zz_area_code` VALUES (340111000000, '包河区', 3, 340100000000);
INSERT INTO `zz_area_code` VALUES (340121000000, '长丰县', 3, 340100000000);
INSERT INTO `zz_area_code` VALUES (340122000000, '肥东县', 3, 340100000000);
INSERT INTO `zz_area_code` VALUES (340123000000, '肥西县', 3, 340100000000);
INSERT INTO `zz_area_code` VALUES (340124000000, '庐江县', 3, 340100000000);
INSERT INTO `zz_area_code` VALUES (340171000000, '合肥高新技术产业开发区', 3, 340100000000);
INSERT INTO `zz_area_code` VALUES (340172000000, '合肥经济技术开发区', 3, 340100000000);
INSERT INTO `zz_area_code` VALUES (340173000000, '合肥新站高新技术产业开发区', 3, 340100000000);
INSERT INTO `zz_area_code` VALUES (340181000000, '巢湖市', 3, 340100000000);
INSERT INTO `zz_area_code` VALUES (340200000000, '芜湖市', 2, 340000000000);
INSERT INTO `zz_area_code` VALUES (340201000000, '市辖区', 3, 340200000000);
INSERT INTO `zz_area_code` VALUES (340202000000, '镜湖区', 3, 340200000000);
INSERT INTO `zz_area_code` VALUES (340203000000, '弋江区', 3, 340200000000);
INSERT INTO `zz_area_code` VALUES (340207000000, '鸠江区', 3, 340200000000);
INSERT INTO `zz_area_code` VALUES (340208000000, '三山区', 3, 340200000000);
INSERT INTO `zz_area_code` VALUES (340221000000, '芜湖县', 3, 340200000000);
INSERT INTO `zz_area_code` VALUES (340222000000, '繁昌县', 3, 340200000000);
INSERT INTO `zz_area_code` VALUES (340223000000, '南陵县', 3, 340200000000);
INSERT INTO `zz_area_code` VALUES (340225000000, '无为县', 3, 340200000000);
INSERT INTO `zz_area_code` VALUES (340271000000, '芜湖经济技术开发区', 3, 340200000000);
INSERT INTO `zz_area_code` VALUES (340272000000, '安徽芜湖长江大桥经济开发区', 3, 340200000000);
INSERT INTO `zz_area_code` VALUES (340300000000, '蚌埠市', 2, 340000000000);
INSERT INTO `zz_area_code` VALUES (340301000000, '市辖区', 3, 340300000000);
INSERT INTO `zz_area_code` VALUES (340302000000, '龙子湖区', 3, 340300000000);
INSERT INTO `zz_area_code` VALUES (340303000000, '蚌山区', 3, 340300000000);
INSERT INTO `zz_area_code` VALUES (340304000000, '禹会区', 3, 340300000000);
INSERT INTO `zz_area_code` VALUES (340311000000, '淮上区', 3, 340300000000);
INSERT INTO `zz_area_code` VALUES (340321000000, '怀远县', 3, 340300000000);
INSERT INTO `zz_area_code` VALUES (340322000000, '五河县', 3, 340300000000);
INSERT INTO `zz_area_code` VALUES (340323000000, '固镇县', 3, 340300000000);
INSERT INTO `zz_area_code` VALUES (340371000000, '蚌埠市高新技术开发区', 3, 340300000000);
INSERT INTO `zz_area_code` VALUES (340372000000, '蚌埠市经济开发区', 3, 340300000000);
INSERT INTO `zz_area_code` VALUES (340400000000, '淮南市', 2, 340000000000);
INSERT INTO `zz_area_code` VALUES (340401000000, '市辖区', 3, 340400000000);
INSERT INTO `zz_area_code` VALUES (340402000000, '大通区', 3, 340400000000);
INSERT INTO `zz_area_code` VALUES (340403000000, '田家庵区', 3, 340400000000);
INSERT INTO `zz_area_code` VALUES (340404000000, '谢家集区', 3, 340400000000);
INSERT INTO `zz_area_code` VALUES (340405000000, '八公山区', 3, 340400000000);
INSERT INTO `zz_area_code` VALUES (340406000000, '潘集区', 3, 340400000000);
INSERT INTO `zz_area_code` VALUES (340421000000, '凤台县', 3, 340400000000);
INSERT INTO `zz_area_code` VALUES (340422000000, '寿县', 3, 340400000000);
INSERT INTO `zz_area_code` VALUES (340500000000, '马鞍山市', 2, 340000000000);
INSERT INTO `zz_area_code` VALUES (340501000000, '市辖区', 3, 340500000000);
INSERT INTO `zz_area_code` VALUES (340503000000, '花山区', 3, 340500000000);
INSERT INTO `zz_area_code` VALUES (340504000000, '雨山区', 3, 340500000000);
INSERT INTO `zz_area_code` VALUES (340506000000, '博望区', 3, 340500000000);
INSERT INTO `zz_area_code` VALUES (340521000000, '当涂县', 3, 340500000000);
INSERT INTO `zz_area_code` VALUES (340522000000, '含山县', 3, 340500000000);
INSERT INTO `zz_area_code` VALUES (340523000000, '和县', 3, 340500000000);
INSERT INTO `zz_area_code` VALUES (340600000000, '淮北市', 2, 340000000000);
INSERT INTO `zz_area_code` VALUES (340601000000, '市辖区', 3, 340600000000);
INSERT INTO `zz_area_code` VALUES (340602000000, '杜集区', 3, 340600000000);
INSERT INTO `zz_area_code` VALUES (340603000000, '相山区', 3, 340600000000);
INSERT INTO `zz_area_code` VALUES (340604000000, '烈山区', 3, 340600000000);
INSERT INTO `zz_area_code` VALUES (340621000000, '濉溪县', 3, 340600000000);
INSERT INTO `zz_area_code` VALUES (340700000000, '铜陵市', 2, 340000000000);
INSERT INTO `zz_area_code` VALUES (340701000000, '市辖区', 3, 340700000000);
INSERT INTO `zz_area_code` VALUES (340705000000, '铜官区', 3, 340700000000);
INSERT INTO `zz_area_code` VALUES (340706000000, '义安区', 3, 340700000000);
INSERT INTO `zz_area_code` VALUES (340711000000, '郊区', 3, 340700000000);
INSERT INTO `zz_area_code` VALUES (340722000000, '枞阳县', 3, 340700000000);
INSERT INTO `zz_area_code` VALUES (340800000000, '安庆市', 2, 340000000000);
INSERT INTO `zz_area_code` VALUES (340801000000, '市辖区', 3, 340800000000);
INSERT INTO `zz_area_code` VALUES (340802000000, '迎江区', 3, 340800000000);
INSERT INTO `zz_area_code` VALUES (340803000000, '大观区', 3, 340800000000);
INSERT INTO `zz_area_code` VALUES (340811000000, '宜秀区', 3, 340800000000);
INSERT INTO `zz_area_code` VALUES (340822000000, '怀宁县', 3, 340800000000);
INSERT INTO `zz_area_code` VALUES (340825000000, '太湖县', 3, 340800000000);
INSERT INTO `zz_area_code` VALUES (340826000000, '宿松县', 3, 340800000000);
INSERT INTO `zz_area_code` VALUES (340827000000, '望江县', 3, 340800000000);
INSERT INTO `zz_area_code` VALUES (340828000000, '岳西县', 3, 340800000000);
INSERT INTO `zz_area_code` VALUES (340871000000, '安徽安庆经济开发区', 3, 340800000000);
INSERT INTO `zz_area_code` VALUES (340881000000, '桐城市', 3, 340800000000);
INSERT INTO `zz_area_code` VALUES (340882000000, '潜山市', 3, 340800000000);
INSERT INTO `zz_area_code` VALUES (341000000000, '黄山市', 2, 340000000000);
INSERT INTO `zz_area_code` VALUES (341001000000, '市辖区', 3, 341000000000);
INSERT INTO `zz_area_code` VALUES (341002000000, '屯溪区', 3, 341000000000);
INSERT INTO `zz_area_code` VALUES (341003000000, '黄山区', 3, 341000000000);
INSERT INTO `zz_area_code` VALUES (341004000000, '徽州区', 3, 341000000000);
INSERT INTO `zz_area_code` VALUES (341021000000, '歙县', 3, 341000000000);
INSERT INTO `zz_area_code` VALUES (341022000000, '休宁县', 3, 341000000000);
INSERT INTO `zz_area_code` VALUES (341023000000, '黟县', 3, 341000000000);
INSERT INTO `zz_area_code` VALUES (341024000000, '祁门县', 3, 341000000000);
INSERT INTO `zz_area_code` VALUES (341100000000, '滁州市', 2, 340000000000);
INSERT INTO `zz_area_code` VALUES (341101000000, '市辖区', 3, 341100000000);
INSERT INTO `zz_area_code` VALUES (341102000000, '琅琊区', 3, 341100000000);
INSERT INTO `zz_area_code` VALUES (341103000000, '南谯区', 3, 341100000000);
INSERT INTO `zz_area_code` VALUES (341122000000, '来安县', 3, 341100000000);
INSERT INTO `zz_area_code` VALUES (341124000000, '全椒县', 3, 341100000000);
INSERT INTO `zz_area_code` VALUES (341125000000, '定远县', 3, 341100000000);
INSERT INTO `zz_area_code` VALUES (341126000000, '凤阳县', 3, 341100000000);
INSERT INTO `zz_area_code` VALUES (341171000000, '苏滁现代产业园', 3, 341100000000);
INSERT INTO `zz_area_code` VALUES (341172000000, '滁州经济技术开发区', 3, 341100000000);
INSERT INTO `zz_area_code` VALUES (341181000000, '天长市', 3, 341100000000);
INSERT INTO `zz_area_code` VALUES (341182000000, '明光市', 3, 341100000000);
INSERT INTO `zz_area_code` VALUES (341200000000, '阜阳市', 2, 340000000000);
INSERT INTO `zz_area_code` VALUES (341201000000, '市辖区', 3, 341200000000);
INSERT INTO `zz_area_code` VALUES (341202000000, '颍州区', 3, 341200000000);
INSERT INTO `zz_area_code` VALUES (341203000000, '颍东区', 3, 341200000000);
INSERT INTO `zz_area_code` VALUES (341204000000, '颍泉区', 3, 341200000000);
INSERT INTO `zz_area_code` VALUES (341221000000, '临泉县', 3, 341200000000);
INSERT INTO `zz_area_code` VALUES (341222000000, '太和县', 3, 341200000000);
INSERT INTO `zz_area_code` VALUES (341225000000, '阜南县', 3, 341200000000);
INSERT INTO `zz_area_code` VALUES (341226000000, '颍上县', 3, 341200000000);
INSERT INTO `zz_area_code` VALUES (341271000000, '阜阳合肥现代产业园区', 3, 341200000000);
INSERT INTO `zz_area_code` VALUES (341272000000, '阜阳经济技术开发区', 3, 341200000000);
INSERT INTO `zz_area_code` VALUES (341282000000, '界首市', 3, 341200000000);
INSERT INTO `zz_area_code` VALUES (341300000000, '宿州市', 2, 340000000000);
INSERT INTO `zz_area_code` VALUES (341301000000, '市辖区', 3, 341300000000);
INSERT INTO `zz_area_code` VALUES (341302000000, '埇桥区', 3, 341300000000);
INSERT INTO `zz_area_code` VALUES (341321000000, '砀山县', 3, 341300000000);
INSERT INTO `zz_area_code` VALUES (341322000000, '萧县', 3, 341300000000);
INSERT INTO `zz_area_code` VALUES (341323000000, '灵璧县', 3, 341300000000);
INSERT INTO `zz_area_code` VALUES (341324000000, '泗县', 3, 341300000000);
INSERT INTO `zz_area_code` VALUES (341371000000, '宿州马鞍山现代产业园区', 3, 341300000000);
INSERT INTO `zz_area_code` VALUES (341372000000, '宿州经济技术开发区', 3, 341300000000);
INSERT INTO `zz_area_code` VALUES (341500000000, '六安市', 2, 340000000000);
INSERT INTO `zz_area_code` VALUES (341501000000, '市辖区', 3, 341500000000);
INSERT INTO `zz_area_code` VALUES (341502000000, '金安区', 3, 341500000000);
INSERT INTO `zz_area_code` VALUES (341503000000, '裕安区', 3, 341500000000);
INSERT INTO `zz_area_code` VALUES (341504000000, '叶集区', 3, 341500000000);
INSERT INTO `zz_area_code` VALUES (341522000000, '霍邱县', 3, 341500000000);
INSERT INTO `zz_area_code` VALUES (341523000000, '舒城县', 3, 341500000000);
INSERT INTO `zz_area_code` VALUES (341524000000, '金寨县', 3, 341500000000);
INSERT INTO `zz_area_code` VALUES (341525000000, '霍山县', 3, 341500000000);
INSERT INTO `zz_area_code` VALUES (341600000000, '亳州市', 2, 340000000000);
INSERT INTO `zz_area_code` VALUES (341601000000, '市辖区', 3, 341600000000);
INSERT INTO `zz_area_code` VALUES (341602000000, '谯城区', 3, 341600000000);
INSERT INTO `zz_area_code` VALUES (341621000000, '涡阳县', 3, 341600000000);
INSERT INTO `zz_area_code` VALUES (341622000000, '蒙城县', 3, 341600000000);
INSERT INTO `zz_area_code` VALUES (341623000000, '利辛县', 3, 341600000000);
INSERT INTO `zz_area_code` VALUES (341700000000, '池州市', 2, 340000000000);
INSERT INTO `zz_area_code` VALUES (341701000000, '市辖区', 3, 341700000000);
INSERT INTO `zz_area_code` VALUES (341702000000, '贵池区', 3, 341700000000);
INSERT INTO `zz_area_code` VALUES (341721000000, '东至县', 3, 341700000000);
INSERT INTO `zz_area_code` VALUES (341722000000, '石台县', 3, 341700000000);
INSERT INTO `zz_area_code` VALUES (341723000000, '青阳县', 3, 341700000000);
INSERT INTO `zz_area_code` VALUES (341800000000, '宣城市', 2, 340000000000);
INSERT INTO `zz_area_code` VALUES (341801000000, '市辖区', 3, 341800000000);
INSERT INTO `zz_area_code` VALUES (341802000000, '宣州区', 3, 341800000000);
INSERT INTO `zz_area_code` VALUES (341821000000, '郎溪县', 3, 341800000000);
INSERT INTO `zz_area_code` VALUES (341822000000, '广德县', 3, 341800000000);
INSERT INTO `zz_area_code` VALUES (341823000000, '泾县', 3, 341800000000);
INSERT INTO `zz_area_code` VALUES (341824000000, '绩溪县', 3, 341800000000);
INSERT INTO `zz_area_code` VALUES (341825000000, '旌德县', 3, 341800000000);
INSERT INTO `zz_area_code` VALUES (341871000000, '宣城市经济开发区', 3, 341800000000);
INSERT INTO `zz_area_code` VALUES (341881000000, '宁国市', 3, 341800000000);
INSERT INTO `zz_area_code` VALUES (350000000000, '福建省', 1, NULL);
INSERT INTO `zz_area_code` VALUES (350100000000, '福州市', 2, 350000000000);
INSERT INTO `zz_area_code` VALUES (350101000000, '市辖区', 3, 350100000000);
INSERT INTO `zz_area_code` VALUES (350102000000, '鼓楼区', 3, 350100000000);
INSERT INTO `zz_area_code` VALUES (350103000000, '台江区', 3, 350100000000);
INSERT INTO `zz_area_code` VALUES (350104000000, '仓山区', 3, 350100000000);
INSERT INTO `zz_area_code` VALUES (350105000000, '马尾区', 3, 350100000000);
INSERT INTO `zz_area_code` VALUES (350111000000, '晋安区', 3, 350100000000);
INSERT INTO `zz_area_code` VALUES (350112000000, '长乐区', 3, 350100000000);
INSERT INTO `zz_area_code` VALUES (350121000000, '闽侯县', 3, 350100000000);
INSERT INTO `zz_area_code` VALUES (350122000000, '连江县', 3, 350100000000);
INSERT INTO `zz_area_code` VALUES (350123000000, '罗源县', 3, 350100000000);
INSERT INTO `zz_area_code` VALUES (350124000000, '闽清县', 3, 350100000000);
INSERT INTO `zz_area_code` VALUES (350125000000, '永泰县', 3, 350100000000);
INSERT INTO `zz_area_code` VALUES (350128000000, '平潭县', 3, 350100000000);
INSERT INTO `zz_area_code` VALUES (350181000000, '福清市', 3, 350100000000);
INSERT INTO `zz_area_code` VALUES (350200000000, '厦门市', 2, 350000000000);
INSERT INTO `zz_area_code` VALUES (350201000000, '市辖区', 3, 350200000000);
INSERT INTO `zz_area_code` VALUES (350203000000, '思明区', 3, 350200000000);
INSERT INTO `zz_area_code` VALUES (350205000000, '海沧区', 3, 350200000000);
INSERT INTO `zz_area_code` VALUES (350206000000, '湖里区', 3, 350200000000);
INSERT INTO `zz_area_code` VALUES (350211000000, '集美区', 3, 350200000000);
INSERT INTO `zz_area_code` VALUES (350212000000, '同安区', 3, 350200000000);
INSERT INTO `zz_area_code` VALUES (350213000000, '翔安区', 3, 350200000000);
INSERT INTO `zz_area_code` VALUES (350300000000, '莆田市', 2, 350000000000);
INSERT INTO `zz_area_code` VALUES (350301000000, '市辖区', 3, 350300000000);
INSERT INTO `zz_area_code` VALUES (350302000000, '城厢区', 3, 350300000000);
INSERT INTO `zz_area_code` VALUES (350303000000, '涵江区', 3, 350300000000);
INSERT INTO `zz_area_code` VALUES (350304000000, '荔城区', 3, 350300000000);
INSERT INTO `zz_area_code` VALUES (350305000000, '秀屿区', 3, 350300000000);
INSERT INTO `zz_area_code` VALUES (350322000000, '仙游县', 3, 350300000000);
INSERT INTO `zz_area_code` VALUES (350400000000, '三明市', 2, 350000000000);
INSERT INTO `zz_area_code` VALUES (350401000000, '市辖区', 3, 350400000000);
INSERT INTO `zz_area_code` VALUES (350402000000, '梅列区', 3, 350400000000);
INSERT INTO `zz_area_code` VALUES (350403000000, '三元区', 3, 350400000000);
INSERT INTO `zz_area_code` VALUES (350421000000, '明溪县', 3, 350400000000);
INSERT INTO `zz_area_code` VALUES (350423000000, '清流县', 3, 350400000000);
INSERT INTO `zz_area_code` VALUES (350424000000, '宁化县', 3, 350400000000);
INSERT INTO `zz_area_code` VALUES (350425000000, '大田县', 3, 350400000000);
INSERT INTO `zz_area_code` VALUES (350426000000, '尤溪县', 3, 350400000000);
INSERT INTO `zz_area_code` VALUES (350427000000, '沙县', 3, 350400000000);
INSERT INTO `zz_area_code` VALUES (350428000000, '将乐县', 3, 350400000000);
INSERT INTO `zz_area_code` VALUES (350429000000, '泰宁县', 3, 350400000000);
INSERT INTO `zz_area_code` VALUES (350430000000, '建宁县', 3, 350400000000);
INSERT INTO `zz_area_code` VALUES (350481000000, '永安市', 3, 350400000000);
INSERT INTO `zz_area_code` VALUES (350500000000, '泉州市', 2, 350000000000);
INSERT INTO `zz_area_code` VALUES (350501000000, '市辖区', 3, 350500000000);
INSERT INTO `zz_area_code` VALUES (350502000000, '鲤城区', 3, 350500000000);
INSERT INTO `zz_area_code` VALUES (350503000000, '丰泽区', 3, 350500000000);
INSERT INTO `zz_area_code` VALUES (350504000000, '洛江区', 3, 350500000000);
INSERT INTO `zz_area_code` VALUES (350505000000, '泉港区', 3, 350500000000);
INSERT INTO `zz_area_code` VALUES (350521000000, '惠安县', 3, 350500000000);
INSERT INTO `zz_area_code` VALUES (350524000000, '安溪县', 3, 350500000000);
INSERT INTO `zz_area_code` VALUES (350525000000, '永春县', 3, 350500000000);
INSERT INTO `zz_area_code` VALUES (350526000000, '德化县', 3, 350500000000);
INSERT INTO `zz_area_code` VALUES (350527000000, '金门县', 3, 350500000000);
INSERT INTO `zz_area_code` VALUES (350581000000, '石狮市', 3, 350500000000);
INSERT INTO `zz_area_code` VALUES (350582000000, '晋江市', 3, 350500000000);
INSERT INTO `zz_area_code` VALUES (350583000000, '南安市', 3, 350500000000);
INSERT INTO `zz_area_code` VALUES (350600000000, '漳州市', 2, 350000000000);
INSERT INTO `zz_area_code` VALUES (350601000000, '市辖区', 3, 350600000000);
INSERT INTO `zz_area_code` VALUES (350602000000, '芗城区', 3, 350600000000);
INSERT INTO `zz_area_code` VALUES (350603000000, '龙文区', 3, 350600000000);
INSERT INTO `zz_area_code` VALUES (350622000000, '云霄县', 3, 350600000000);
INSERT INTO `zz_area_code` VALUES (350623000000, '漳浦县', 3, 350600000000);
INSERT INTO `zz_area_code` VALUES (350624000000, '诏安县', 3, 350600000000);
INSERT INTO `zz_area_code` VALUES (350625000000, '长泰县', 3, 350600000000);
INSERT INTO `zz_area_code` VALUES (350626000000, '东山县', 3, 350600000000);
INSERT INTO `zz_area_code` VALUES (350627000000, '南靖县', 3, 350600000000);
INSERT INTO `zz_area_code` VALUES (350628000000, '平和县', 3, 350600000000);
INSERT INTO `zz_area_code` VALUES (350629000000, '华安县', 3, 350600000000);
INSERT INTO `zz_area_code` VALUES (350681000000, '龙海市', 3, 350600000000);
INSERT INTO `zz_area_code` VALUES (350700000000, '南平市', 2, 350000000000);
INSERT INTO `zz_area_code` VALUES (350701000000, '市辖区', 3, 350700000000);
INSERT INTO `zz_area_code` VALUES (350702000000, '延平区', 3, 350700000000);
INSERT INTO `zz_area_code` VALUES (350703000000, '建阳区', 3, 350700000000);
INSERT INTO `zz_area_code` VALUES (350721000000, '顺昌县', 3, 350700000000);
INSERT INTO `zz_area_code` VALUES (350722000000, '浦城县', 3, 350700000000);
INSERT INTO `zz_area_code` VALUES (350723000000, '光泽县', 3, 350700000000);
INSERT INTO `zz_area_code` VALUES (350724000000, '松溪县', 3, 350700000000);
INSERT INTO `zz_area_code` VALUES (350725000000, '政和县', 3, 350700000000);
INSERT INTO `zz_area_code` VALUES (350781000000, '邵武市', 3, 350700000000);
INSERT INTO `zz_area_code` VALUES (350782000000, '武夷山市', 3, 350700000000);
INSERT INTO `zz_area_code` VALUES (350783000000, '建瓯市', 3, 350700000000);
INSERT INTO `zz_area_code` VALUES (350800000000, '龙岩市', 2, 350000000000);
INSERT INTO `zz_area_code` VALUES (350801000000, '市辖区', 3, 350800000000);
INSERT INTO `zz_area_code` VALUES (350802000000, '新罗区', 3, 350800000000);
INSERT INTO `zz_area_code` VALUES (350803000000, '永定区', 3, 350800000000);
INSERT INTO `zz_area_code` VALUES (350821000000, '长汀县', 3, 350800000000);
INSERT INTO `zz_area_code` VALUES (350823000000, '上杭县', 3, 350800000000);
INSERT INTO `zz_area_code` VALUES (350824000000, '武平县', 3, 350800000000);
INSERT INTO `zz_area_code` VALUES (350825000000, '连城县', 3, 350800000000);
INSERT INTO `zz_area_code` VALUES (350881000000, '漳平市', 3, 350800000000);
INSERT INTO `zz_area_code` VALUES (350900000000, '宁德市', 2, 350000000000);
INSERT INTO `zz_area_code` VALUES (350901000000, '市辖区', 3, 350900000000);
INSERT INTO `zz_area_code` VALUES (350902000000, '蕉城区', 3, 350900000000);
INSERT INTO `zz_area_code` VALUES (350921000000, '霞浦县', 3, 350900000000);
INSERT INTO `zz_area_code` VALUES (350922000000, '古田县', 3, 350900000000);
INSERT INTO `zz_area_code` VALUES (350923000000, '屏南县', 3, 350900000000);
INSERT INTO `zz_area_code` VALUES (350924000000, '寿宁县', 3, 350900000000);
INSERT INTO `zz_area_code` VALUES (350925000000, '周宁县', 3, 350900000000);
INSERT INTO `zz_area_code` VALUES (350926000000, '柘荣县', 3, 350900000000);
INSERT INTO `zz_area_code` VALUES (350981000000, '福安市', 3, 350900000000);
INSERT INTO `zz_area_code` VALUES (350982000000, '福鼎市', 3, 350900000000);
INSERT INTO `zz_area_code` VALUES (360000000000, '江西省', 1, NULL);
INSERT INTO `zz_area_code` VALUES (360100000000, '南昌市', 2, 360000000000);
INSERT INTO `zz_area_code` VALUES (360101000000, '市辖区', 3, 360100000000);
INSERT INTO `zz_area_code` VALUES (360102000000, '东湖区', 3, 360100000000);
INSERT INTO `zz_area_code` VALUES (360103000000, '西湖区', 3, 360100000000);
INSERT INTO `zz_area_code` VALUES (360104000000, '青云谱区', 3, 360100000000);
INSERT INTO `zz_area_code` VALUES (360105000000, '湾里区', 3, 360100000000);
INSERT INTO `zz_area_code` VALUES (360111000000, '青山湖区', 3, 360100000000);
INSERT INTO `zz_area_code` VALUES (360112000000, '新建区', 3, 360100000000);
INSERT INTO `zz_area_code` VALUES (360121000000, '南昌县', 3, 360100000000);
INSERT INTO `zz_area_code` VALUES (360123000000, '安义县', 3, 360100000000);
INSERT INTO `zz_area_code` VALUES (360124000000, '进贤县', 3, 360100000000);
INSERT INTO `zz_area_code` VALUES (360200000000, '景德镇市', 2, 360000000000);
INSERT INTO `zz_area_code` VALUES (360201000000, '市辖区', 3, 360200000000);
INSERT INTO `zz_area_code` VALUES (360202000000, '昌江区', 3, 360200000000);
INSERT INTO `zz_area_code` VALUES (360203000000, '珠山区', 3, 360200000000);
INSERT INTO `zz_area_code` VALUES (360222000000, '浮梁县', 3, 360200000000);
INSERT INTO `zz_area_code` VALUES (360281000000, '乐平市', 3, 360200000000);
INSERT INTO `zz_area_code` VALUES (360300000000, '萍乡市', 2, 360000000000);
INSERT INTO `zz_area_code` VALUES (360301000000, '市辖区', 3, 360300000000);
INSERT INTO `zz_area_code` VALUES (360302000000, '安源区', 3, 360300000000);
INSERT INTO `zz_area_code` VALUES (360313000000, '湘东区', 3, 360300000000);
INSERT INTO `zz_area_code` VALUES (360321000000, '莲花县', 3, 360300000000);
INSERT INTO `zz_area_code` VALUES (360322000000, '上栗县', 3, 360300000000);
INSERT INTO `zz_area_code` VALUES (360323000000, '芦溪县', 3, 360300000000);
INSERT INTO `zz_area_code` VALUES (360400000000, '九江市', 2, 360000000000);
INSERT INTO `zz_area_code` VALUES (360401000000, '市辖区', 3, 360400000000);
INSERT INTO `zz_area_code` VALUES (360402000000, '濂溪区', 3, 360400000000);
INSERT INTO `zz_area_code` VALUES (360403000000, '浔阳区', 3, 360400000000);
INSERT INTO `zz_area_code` VALUES (360404000000, '柴桑区', 3, 360400000000);
INSERT INTO `zz_area_code` VALUES (360423000000, '武宁县', 3, 360400000000);
INSERT INTO `zz_area_code` VALUES (360424000000, '修水县', 3, 360400000000);
INSERT INTO `zz_area_code` VALUES (360425000000, '永修县', 3, 360400000000);
INSERT INTO `zz_area_code` VALUES (360426000000, '德安县', 3, 360400000000);
INSERT INTO `zz_area_code` VALUES (360428000000, '都昌县', 3, 360400000000);
INSERT INTO `zz_area_code` VALUES (360429000000, '湖口县', 3, 360400000000);
INSERT INTO `zz_area_code` VALUES (360430000000, '彭泽县', 3, 360400000000);
INSERT INTO `zz_area_code` VALUES (360481000000, '瑞昌市', 3, 360400000000);
INSERT INTO `zz_area_code` VALUES (360482000000, '共青城市', 3, 360400000000);
INSERT INTO `zz_area_code` VALUES (360483000000, '庐山市', 3, 360400000000);
INSERT INTO `zz_area_code` VALUES (360500000000, '新余市', 2, 360000000000);
INSERT INTO `zz_area_code` VALUES (360501000000, '市辖区', 3, 360500000000);
INSERT INTO `zz_area_code` VALUES (360502000000, '渝水区', 3, 360500000000);
INSERT INTO `zz_area_code` VALUES (360521000000, '分宜县', 3, 360500000000);
INSERT INTO `zz_area_code` VALUES (360600000000, '鹰潭市', 2, 360000000000);
INSERT INTO `zz_area_code` VALUES (360601000000, '市辖区', 3, 360600000000);
INSERT INTO `zz_area_code` VALUES (360602000000, '月湖区', 3, 360600000000);
INSERT INTO `zz_area_code` VALUES (360603000000, '余江区', 3, 360600000000);
INSERT INTO `zz_area_code` VALUES (360681000000, '贵溪市', 3, 360600000000);
INSERT INTO `zz_area_code` VALUES (360700000000, '赣州市', 2, 360000000000);
INSERT INTO `zz_area_code` VALUES (360701000000, '市辖区', 3, 360700000000);
INSERT INTO `zz_area_code` VALUES (360702000000, '章贡区', 3, 360700000000);
INSERT INTO `zz_area_code` VALUES (360703000000, '南康区', 3, 360700000000);
INSERT INTO `zz_area_code` VALUES (360704000000, '赣县区', 3, 360700000000);
INSERT INTO `zz_area_code` VALUES (360722000000, '信丰县', 3, 360700000000);
INSERT INTO `zz_area_code` VALUES (360723000000, '大余县', 3, 360700000000);
INSERT INTO `zz_area_code` VALUES (360724000000, '上犹县', 3, 360700000000);
INSERT INTO `zz_area_code` VALUES (360725000000, '崇义县', 3, 360700000000);
INSERT INTO `zz_area_code` VALUES (360726000000, '安远县', 3, 360700000000);
INSERT INTO `zz_area_code` VALUES (360727000000, '龙南县', 3, 360700000000);
INSERT INTO `zz_area_code` VALUES (360728000000, '定南县', 3, 360700000000);
INSERT INTO `zz_area_code` VALUES (360729000000, '全南县', 3, 360700000000);
INSERT INTO `zz_area_code` VALUES (360730000000, '宁都县', 3, 360700000000);
INSERT INTO `zz_area_code` VALUES (360731000000, '于都县', 3, 360700000000);
INSERT INTO `zz_area_code` VALUES (360732000000, '兴国县', 3, 360700000000);
INSERT INTO `zz_area_code` VALUES (360733000000, '会昌县', 3, 360700000000);
INSERT INTO `zz_area_code` VALUES (360734000000, '寻乌县', 3, 360700000000);
INSERT INTO `zz_area_code` VALUES (360735000000, '石城县', 3, 360700000000);
INSERT INTO `zz_area_code` VALUES (360781000000, '瑞金市', 3, 360700000000);
INSERT INTO `zz_area_code` VALUES (360800000000, '吉安市', 2, 360000000000);
INSERT INTO `zz_area_code` VALUES (360801000000, '市辖区', 3, 360800000000);
INSERT INTO `zz_area_code` VALUES (360802000000, '吉州区', 3, 360800000000);
INSERT INTO `zz_area_code` VALUES (360803000000, '青原区', 3, 360800000000);
INSERT INTO `zz_area_code` VALUES (360821000000, '吉安县', 3, 360800000000);
INSERT INTO `zz_area_code` VALUES (360822000000, '吉水县', 3, 360800000000);
INSERT INTO `zz_area_code` VALUES (360823000000, '峡江县', 3, 360800000000);
INSERT INTO `zz_area_code` VALUES (360824000000, '新干县', 3, 360800000000);
INSERT INTO `zz_area_code` VALUES (360825000000, '永丰县', 3, 360800000000);
INSERT INTO `zz_area_code` VALUES (360826000000, '泰和县', 3, 360800000000);
INSERT INTO `zz_area_code` VALUES (360827000000, '遂川县', 3, 360800000000);
INSERT INTO `zz_area_code` VALUES (360828000000, '万安县', 3, 360800000000);
INSERT INTO `zz_area_code` VALUES (360829000000, '安福县', 3, 360800000000);
INSERT INTO `zz_area_code` VALUES (360830000000, '永新县', 3, 360800000000);
INSERT INTO `zz_area_code` VALUES (360881000000, '井冈山市', 3, 360800000000);
INSERT INTO `zz_area_code` VALUES (360900000000, '宜春市', 2, 360000000000);
INSERT INTO `zz_area_code` VALUES (360901000000, '市辖区', 3, 360900000000);
INSERT INTO `zz_area_code` VALUES (360902000000, '袁州区', 3, 360900000000);
INSERT INTO `zz_area_code` VALUES (360921000000, '奉新县', 3, 360900000000);
INSERT INTO `zz_area_code` VALUES (360922000000, '万载县', 3, 360900000000);
INSERT INTO `zz_area_code` VALUES (360923000000, '上高县', 3, 360900000000);
INSERT INTO `zz_area_code` VALUES (360924000000, '宜丰县', 3, 360900000000);
INSERT INTO `zz_area_code` VALUES (360925000000, '靖安县', 3, 360900000000);
INSERT INTO `zz_area_code` VALUES (360926000000, '铜鼓县', 3, 360900000000);
INSERT INTO `zz_area_code` VALUES (360981000000, '丰城市', 3, 360900000000);
INSERT INTO `zz_area_code` VALUES (360982000000, '樟树市', 3, 360900000000);
INSERT INTO `zz_area_code` VALUES (360983000000, '高安市', 3, 360900000000);
INSERT INTO `zz_area_code` VALUES (361000000000, '抚州市', 2, 360000000000);
INSERT INTO `zz_area_code` VALUES (361001000000, '市辖区', 3, 361000000000);
INSERT INTO `zz_area_code` VALUES (361002000000, '临川区', 3, 361000000000);
INSERT INTO `zz_area_code` VALUES (361003000000, '东乡区', 3, 361000000000);
INSERT INTO `zz_area_code` VALUES (361021000000, '南城县', 3, 361000000000);
INSERT INTO `zz_area_code` VALUES (361022000000, '黎川县', 3, 361000000000);
INSERT INTO `zz_area_code` VALUES (361023000000, '南丰县', 3, 361000000000);
INSERT INTO `zz_area_code` VALUES (361024000000, '崇仁县', 3, 361000000000);
INSERT INTO `zz_area_code` VALUES (361025000000, '乐安县', 3, 361000000000);
INSERT INTO `zz_area_code` VALUES (361026000000, '宜黄县', 3, 361000000000);
INSERT INTO `zz_area_code` VALUES (361027000000, '金溪县', 3, 361000000000);
INSERT INTO `zz_area_code` VALUES (361028000000, '资溪县', 3, 361000000000);
INSERT INTO `zz_area_code` VALUES (361030000000, '广昌县', 3, 361000000000);
INSERT INTO `zz_area_code` VALUES (361100000000, '上饶市', 2, 360000000000);
INSERT INTO `zz_area_code` VALUES (361101000000, '市辖区', 3, 361100000000);
INSERT INTO `zz_area_code` VALUES (361102000000, '信州区', 3, 361100000000);
INSERT INTO `zz_area_code` VALUES (361103000000, '广丰区', 3, 361100000000);
INSERT INTO `zz_area_code` VALUES (361121000000, '上饶县', 3, 361100000000);
INSERT INTO `zz_area_code` VALUES (361123000000, '玉山县', 3, 361100000000);
INSERT INTO `zz_area_code` VALUES (361124000000, '铅山县', 3, 361100000000);
INSERT INTO `zz_area_code` VALUES (361125000000, '横峰县', 3, 361100000000);
INSERT INTO `zz_area_code` VALUES (361126000000, '弋阳县', 3, 361100000000);
INSERT INTO `zz_area_code` VALUES (361127000000, '余干县', 3, 361100000000);
INSERT INTO `zz_area_code` VALUES (361128000000, '鄱阳县', 3, 361100000000);
INSERT INTO `zz_area_code` VALUES (361129000000, '万年县', 3, 361100000000);
INSERT INTO `zz_area_code` VALUES (361130000000, '婺源县', 3, 361100000000);
INSERT INTO `zz_area_code` VALUES (361181000000, '德兴市', 3, 361100000000);
INSERT INTO `zz_area_code` VALUES (370000000000, '山东省', 1, NULL);
INSERT INTO `zz_area_code` VALUES (370100000000, '济南市', 2, 370000000000);
INSERT INTO `zz_area_code` VALUES (370101000000, '市辖区', 3, 370100000000);
INSERT INTO `zz_area_code` VALUES (370102000000, '历下区', 3, 370100000000);
INSERT INTO `zz_area_code` VALUES (370103000000, '市中区', 3, 370100000000);
INSERT INTO `zz_area_code` VALUES (370104000000, '槐荫区', 3, 370100000000);
INSERT INTO `zz_area_code` VALUES (370105000000, '天桥区', 3, 370100000000);
INSERT INTO `zz_area_code` VALUES (370112000000, '历城区', 3, 370100000000);
INSERT INTO `zz_area_code` VALUES (370113000000, '长清区', 3, 370100000000);
INSERT INTO `zz_area_code` VALUES (370114000000, '章丘区', 3, 370100000000);
INSERT INTO `zz_area_code` VALUES (370115000000, '济阳区', 3, 370100000000);
INSERT INTO `zz_area_code` VALUES (370124000000, '平阴县', 3, 370100000000);
INSERT INTO `zz_area_code` VALUES (370126000000, '商河县', 3, 370100000000);
INSERT INTO `zz_area_code` VALUES (370171000000, '济南高新技术产业开发区', 3, 370100000000);
INSERT INTO `zz_area_code` VALUES (370200000000, '青岛市', 2, 370000000000);
INSERT INTO `zz_area_code` VALUES (370201000000, '市辖区', 3, 370200000000);
INSERT INTO `zz_area_code` VALUES (370202000000, '市南区', 3, 370200000000);
INSERT INTO `zz_area_code` VALUES (370203000000, '市北区', 3, 370200000000);
INSERT INTO `zz_area_code` VALUES (370211000000, '黄岛区', 3, 370200000000);
INSERT INTO `zz_area_code` VALUES (370212000000, '崂山区', 3, 370200000000);
INSERT INTO `zz_area_code` VALUES (370213000000, '李沧区', 3, 370200000000);
INSERT INTO `zz_area_code` VALUES (370214000000, '城阳区', 3, 370200000000);
INSERT INTO `zz_area_code` VALUES (370215000000, '即墨区', 3, 370200000000);
INSERT INTO `zz_area_code` VALUES (370271000000, '青岛高新技术产业开发区', 3, 370200000000);
INSERT INTO `zz_area_code` VALUES (370281000000, '胶州市', 3, 370200000000);
INSERT INTO `zz_area_code` VALUES (370283000000, '平度市', 3, 370200000000);
INSERT INTO `zz_area_code` VALUES (370285000000, '莱西市', 3, 370200000000);
INSERT INTO `zz_area_code` VALUES (370300000000, '淄博市', 2, 370000000000);
INSERT INTO `zz_area_code` VALUES (370301000000, '市辖区', 3, 370300000000);
INSERT INTO `zz_area_code` VALUES (370302000000, '淄川区', 3, 370300000000);
INSERT INTO `zz_area_code` VALUES (370303000000, '张店区', 3, 370300000000);
INSERT INTO `zz_area_code` VALUES (370304000000, '博山区', 3, 370300000000);
INSERT INTO `zz_area_code` VALUES (370305000000, '临淄区', 3, 370300000000);
INSERT INTO `zz_area_code` VALUES (370306000000, '周村区', 3, 370300000000);
INSERT INTO `zz_area_code` VALUES (370321000000, '桓台县', 3, 370300000000);
INSERT INTO `zz_area_code` VALUES (370322000000, '高青县', 3, 370300000000);
INSERT INTO `zz_area_code` VALUES (370323000000, '沂源县', 3, 370300000000);
INSERT INTO `zz_area_code` VALUES (370400000000, '枣庄市', 2, 370000000000);
INSERT INTO `zz_area_code` VALUES (370401000000, '市辖区', 3, 370400000000);
INSERT INTO `zz_area_code` VALUES (370402000000, '市中区', 3, 370400000000);
INSERT INTO `zz_area_code` VALUES (370403000000, '薛城区', 3, 370400000000);
INSERT INTO `zz_area_code` VALUES (370404000000, '峄城区', 3, 370400000000);
INSERT INTO `zz_area_code` VALUES (370405000000, '台儿庄区', 3, 370400000000);
INSERT INTO `zz_area_code` VALUES (370406000000, '山亭区', 3, 370400000000);
INSERT INTO `zz_area_code` VALUES (370481000000, '滕州市', 3, 370400000000);
INSERT INTO `zz_area_code` VALUES (370500000000, '东营市', 2, 370000000000);
INSERT INTO `zz_area_code` VALUES (370501000000, '市辖区', 3, 370500000000);
INSERT INTO `zz_area_code` VALUES (370502000000, '东营区', 3, 370500000000);
INSERT INTO `zz_area_code` VALUES (370503000000, '河口区', 3, 370500000000);
INSERT INTO `zz_area_code` VALUES (370505000000, '垦利区', 3, 370500000000);
INSERT INTO `zz_area_code` VALUES (370522000000, '利津县', 3, 370500000000);
INSERT INTO `zz_area_code` VALUES (370523000000, '广饶县', 3, 370500000000);
INSERT INTO `zz_area_code` VALUES (370571000000, '东营经济技术开发区', 3, 370500000000);
INSERT INTO `zz_area_code` VALUES (370572000000, '东营港经济开发区', 3, 370500000000);
INSERT INTO `zz_area_code` VALUES (370600000000, '烟台市', 2, 370000000000);
INSERT INTO `zz_area_code` VALUES (370601000000, '市辖区', 3, 370600000000);
INSERT INTO `zz_area_code` VALUES (370602000000, '芝罘区', 3, 370600000000);
INSERT INTO `zz_area_code` VALUES (370611000000, '福山区', 3, 370600000000);
INSERT INTO `zz_area_code` VALUES (370612000000, '牟平区', 3, 370600000000);
INSERT INTO `zz_area_code` VALUES (370613000000, '莱山区', 3, 370600000000);
INSERT INTO `zz_area_code` VALUES (370634000000, '长岛县', 3, 370600000000);
INSERT INTO `zz_area_code` VALUES (370671000000, '烟台高新技术产业开发区', 3, 370600000000);
INSERT INTO `zz_area_code` VALUES (370672000000, '烟台经济技术开发区', 3, 370600000000);
INSERT INTO `zz_area_code` VALUES (370681000000, '龙口市', 3, 370600000000);
INSERT INTO `zz_area_code` VALUES (370682000000, '莱阳市', 3, 370600000000);
INSERT INTO `zz_area_code` VALUES (370683000000, '莱州市', 3, 370600000000);
INSERT INTO `zz_area_code` VALUES (370684000000, '蓬莱市', 3, 370600000000);
INSERT INTO `zz_area_code` VALUES (370685000000, '招远市', 3, 370600000000);
INSERT INTO `zz_area_code` VALUES (370686000000, '栖霞市', 3, 370600000000);
INSERT INTO `zz_area_code` VALUES (370687000000, '海阳市', 3, 370600000000);
INSERT INTO `zz_area_code` VALUES (370700000000, '潍坊市', 2, 370000000000);
INSERT INTO `zz_area_code` VALUES (370701000000, '市辖区', 3, 370700000000);
INSERT INTO `zz_area_code` VALUES (370702000000, '潍城区', 3, 370700000000);
INSERT INTO `zz_area_code` VALUES (370703000000, '寒亭区', 3, 370700000000);
INSERT INTO `zz_area_code` VALUES (370704000000, '坊子区', 3, 370700000000);
INSERT INTO `zz_area_code` VALUES (370705000000, '奎文区', 3, 370700000000);
INSERT INTO `zz_area_code` VALUES (370724000000, '临朐县', 3, 370700000000);
INSERT INTO `zz_area_code` VALUES (370725000000, '昌乐县', 3, 370700000000);
INSERT INTO `zz_area_code` VALUES (370772000000, '潍坊滨海经济技术开发区', 3, 370700000000);
INSERT INTO `zz_area_code` VALUES (370781000000, '青州市', 3, 370700000000);
INSERT INTO `zz_area_code` VALUES (370782000000, '诸城市', 3, 370700000000);
INSERT INTO `zz_area_code` VALUES (370783000000, '寿光市', 3, 370700000000);
INSERT INTO `zz_area_code` VALUES (370784000000, '安丘市', 3, 370700000000);
INSERT INTO `zz_area_code` VALUES (370785000000, '高密市', 3, 370700000000);
INSERT INTO `zz_area_code` VALUES (370786000000, '昌邑市', 3, 370700000000);
INSERT INTO `zz_area_code` VALUES (370800000000, '济宁市', 2, 370000000000);
INSERT INTO `zz_area_code` VALUES (370801000000, '市辖区', 3, 370800000000);
INSERT INTO `zz_area_code` VALUES (370811000000, '任城区', 3, 370800000000);
INSERT INTO `zz_area_code` VALUES (370812000000, '兖州区', 3, 370800000000);
INSERT INTO `zz_area_code` VALUES (370826000000, '微山县', 3, 370800000000);
INSERT INTO `zz_area_code` VALUES (370827000000, '鱼台县', 3, 370800000000);
INSERT INTO `zz_area_code` VALUES (370828000000, '金乡县', 3, 370800000000);
INSERT INTO `zz_area_code` VALUES (370829000000, '嘉祥县', 3, 370800000000);
INSERT INTO `zz_area_code` VALUES (370830000000, '汶上县', 3, 370800000000);
INSERT INTO `zz_area_code` VALUES (370831000000, '泗水县', 3, 370800000000);
INSERT INTO `zz_area_code` VALUES (370832000000, '梁山县', 3, 370800000000);
INSERT INTO `zz_area_code` VALUES (370871000000, '济宁高新技术产业开发区', 3, 370800000000);
INSERT INTO `zz_area_code` VALUES (370881000000, '曲阜市', 3, 370800000000);
INSERT INTO `zz_area_code` VALUES (370883000000, '邹城市', 3, 370800000000);
INSERT INTO `zz_area_code` VALUES (370900000000, '泰安市', 2, 370000000000);
INSERT INTO `zz_area_code` VALUES (370901000000, '市辖区', 3, 370900000000);
INSERT INTO `zz_area_code` VALUES (370902000000, '泰山区', 3, 370900000000);
INSERT INTO `zz_area_code` VALUES (370911000000, '岱岳区', 3, 370900000000);
INSERT INTO `zz_area_code` VALUES (370921000000, '宁阳县', 3, 370900000000);
INSERT INTO `zz_area_code` VALUES (370923000000, '东平县', 3, 370900000000);
INSERT INTO `zz_area_code` VALUES (370982000000, '新泰市', 3, 370900000000);
INSERT INTO `zz_area_code` VALUES (370983000000, '肥城市', 3, 370900000000);
INSERT INTO `zz_area_code` VALUES (371000000000, '威海市', 2, 370000000000);
INSERT INTO `zz_area_code` VALUES (371001000000, '市辖区', 3, 371000000000);
INSERT INTO `zz_area_code` VALUES (371002000000, '环翠区', 3, 371000000000);
INSERT INTO `zz_area_code` VALUES (371003000000, '文登区', 3, 371000000000);
INSERT INTO `zz_area_code` VALUES (371071000000, '威海火炬高技术产业开发区', 3, 371000000000);
INSERT INTO `zz_area_code` VALUES (371072000000, '威海经济技术开发区', 3, 371000000000);
INSERT INTO `zz_area_code` VALUES (371073000000, '威海临港经济技术开发区', 3, 371000000000);
INSERT INTO `zz_area_code` VALUES (371082000000, '荣成市', 3, 371000000000);
INSERT INTO `zz_area_code` VALUES (371083000000, '乳山市', 3, 371000000000);
INSERT INTO `zz_area_code` VALUES (371100000000, '日照市', 2, 370000000000);
INSERT INTO `zz_area_code` VALUES (371101000000, '市辖区', 3, 371100000000);
INSERT INTO `zz_area_code` VALUES (371102000000, '东港区', 3, 371100000000);
INSERT INTO `zz_area_code` VALUES (371103000000, '岚山区', 3, 371100000000);
INSERT INTO `zz_area_code` VALUES (371121000000, '五莲县', 3, 371100000000);
INSERT INTO `zz_area_code` VALUES (371122000000, '莒县', 3, 371100000000);
INSERT INTO `zz_area_code` VALUES (371171000000, '日照经济技术开发区', 3, 371100000000);
INSERT INTO `zz_area_code` VALUES (371200000000, '莱芜市', 2, 370000000000);
INSERT INTO `zz_area_code` VALUES (371201000000, '市辖区', 3, 371200000000);
INSERT INTO `zz_area_code` VALUES (371202000000, '莱城区', 3, 371200000000);
INSERT INTO `zz_area_code` VALUES (371203000000, '钢城区', 3, 371200000000);
INSERT INTO `zz_area_code` VALUES (371300000000, '临沂市', 2, 370000000000);
INSERT INTO `zz_area_code` VALUES (371301000000, '市辖区', 3, 371300000000);
INSERT INTO `zz_area_code` VALUES (371302000000, '兰山区', 3, 371300000000);
INSERT INTO `zz_area_code` VALUES (371311000000, '罗庄区', 3, 371300000000);
INSERT INTO `zz_area_code` VALUES (371312000000, '河东区', 3, 371300000000);
INSERT INTO `zz_area_code` VALUES (371321000000, '沂南县', 3, 371300000000);
INSERT INTO `zz_area_code` VALUES (371322000000, '郯城县', 3, 371300000000);
INSERT INTO `zz_area_code` VALUES (371323000000, '沂水县', 3, 371300000000);
INSERT INTO `zz_area_code` VALUES (371324000000, '兰陵县', 3, 371300000000);
INSERT INTO `zz_area_code` VALUES (371325000000, '费县', 3, 371300000000);
INSERT INTO `zz_area_code` VALUES (371326000000, '平邑县', 3, 371300000000);
INSERT INTO `zz_area_code` VALUES (371327000000, '莒南县', 3, 371300000000);
INSERT INTO `zz_area_code` VALUES (371328000000, '蒙阴县', 3, 371300000000);
INSERT INTO `zz_area_code` VALUES (371329000000, '临沭县', 3, 371300000000);
INSERT INTO `zz_area_code` VALUES (371371000000, '临沂高新技术产业开发区', 3, 371300000000);
INSERT INTO `zz_area_code` VALUES (371372000000, '临沂经济技术开发区', 3, 371300000000);
INSERT INTO `zz_area_code` VALUES (371373000000, '临沂临港经济开发区', 3, 371300000000);
INSERT INTO `zz_area_code` VALUES (371400000000, '德州市', 2, 370000000000);
INSERT INTO `zz_area_code` VALUES (371401000000, '市辖区', 3, 371400000000);
INSERT INTO `zz_area_code` VALUES (371402000000, '德城区', 3, 371400000000);
INSERT INTO `zz_area_code` VALUES (371403000000, '陵城区', 3, 371400000000);
INSERT INTO `zz_area_code` VALUES (371422000000, '宁津县', 3, 371400000000);
INSERT INTO `zz_area_code` VALUES (371423000000, '庆云县', 3, 371400000000);
INSERT INTO `zz_area_code` VALUES (371424000000, '临邑县', 3, 371400000000);
INSERT INTO `zz_area_code` VALUES (371425000000, '齐河县', 3, 371400000000);
INSERT INTO `zz_area_code` VALUES (371426000000, '平原县', 3, 371400000000);
INSERT INTO `zz_area_code` VALUES (371427000000, '夏津县', 3, 371400000000);
INSERT INTO `zz_area_code` VALUES (371428000000, '武城县', 3, 371400000000);
INSERT INTO `zz_area_code` VALUES (371471000000, '德州经济技术开发区', 3, 371400000000);
INSERT INTO `zz_area_code` VALUES (371472000000, '德州运河经济开发区', 3, 371400000000);
INSERT INTO `zz_area_code` VALUES (371481000000, '乐陵市', 3, 371400000000);
INSERT INTO `zz_area_code` VALUES (371482000000, '禹城市', 3, 371400000000);
INSERT INTO `zz_area_code` VALUES (371500000000, '聊城市', 2, 370000000000);
INSERT INTO `zz_area_code` VALUES (371501000000, '市辖区', 3, 371500000000);
INSERT INTO `zz_area_code` VALUES (371502000000, '东昌府区', 3, 371500000000);
INSERT INTO `zz_area_code` VALUES (371521000000, '阳谷县', 3, 371500000000);
INSERT INTO `zz_area_code` VALUES (371522000000, '莘县', 3, 371500000000);
INSERT INTO `zz_area_code` VALUES (371523000000, '茌平县', 3, 371500000000);
INSERT INTO `zz_area_code` VALUES (371524000000, '东阿县', 3, 371500000000);
INSERT INTO `zz_area_code` VALUES (371525000000, '冠县', 3, 371500000000);
INSERT INTO `zz_area_code` VALUES (371526000000, '高唐县', 3, 371500000000);
INSERT INTO `zz_area_code` VALUES (371581000000, '临清市', 3, 371500000000);
INSERT INTO `zz_area_code` VALUES (371600000000, '滨州市', 2, 370000000000);
INSERT INTO `zz_area_code` VALUES (371601000000, '市辖区', 3, 371600000000);
INSERT INTO `zz_area_code` VALUES (371602000000, '滨城区', 3, 371600000000);
INSERT INTO `zz_area_code` VALUES (371603000000, '沾化区', 3, 371600000000);
INSERT INTO `zz_area_code` VALUES (371621000000, '惠民县', 3, 371600000000);
INSERT INTO `zz_area_code` VALUES (371622000000, '阳信县', 3, 371600000000);
INSERT INTO `zz_area_code` VALUES (371623000000, '无棣县', 3, 371600000000);
INSERT INTO `zz_area_code` VALUES (371625000000, '博兴县', 3, 371600000000);
INSERT INTO `zz_area_code` VALUES (371681000000, '邹平市', 3, 371600000000);
INSERT INTO `zz_area_code` VALUES (371700000000, '菏泽市', 2, 370000000000);
INSERT INTO `zz_area_code` VALUES (371701000000, '市辖区', 3, 371700000000);
INSERT INTO `zz_area_code` VALUES (371702000000, '牡丹区', 3, 371700000000);
INSERT INTO `zz_area_code` VALUES (371703000000, '定陶区', 3, 371700000000);
INSERT INTO `zz_area_code` VALUES (371721000000, '曹县', 3, 371700000000);
INSERT INTO `zz_area_code` VALUES (371722000000, '单县', 3, 371700000000);
INSERT INTO `zz_area_code` VALUES (371723000000, '成武县', 3, 371700000000);
INSERT INTO `zz_area_code` VALUES (371724000000, '巨野县', 3, 371700000000);
INSERT INTO `zz_area_code` VALUES (371725000000, '郓城县', 3, 371700000000);
INSERT INTO `zz_area_code` VALUES (371726000000, '鄄城县', 3, 371700000000);
INSERT INTO `zz_area_code` VALUES (371728000000, '东明县', 3, 371700000000);
INSERT INTO `zz_area_code` VALUES (371771000000, '菏泽经济技术开发区', 3, 371700000000);
INSERT INTO `zz_area_code` VALUES (371772000000, '菏泽高新技术开发区', 3, 371700000000);
INSERT INTO `zz_area_code` VALUES (410000000000, '河南省', 1, NULL);
INSERT INTO `zz_area_code` VALUES (410100000000, '郑州市', 2, 410000000000);
INSERT INTO `zz_area_code` VALUES (410101000000, '市辖区', 3, 410100000000);
INSERT INTO `zz_area_code` VALUES (410102000000, '中原区', 3, 410100000000);
INSERT INTO `zz_area_code` VALUES (410103000000, '二七区', 3, 410100000000);
INSERT INTO `zz_area_code` VALUES (410104000000, '管城回族区', 3, 410100000000);
INSERT INTO `zz_area_code` VALUES (410105000000, '金水区', 3, 410100000000);
INSERT INTO `zz_area_code` VALUES (410106000000, '上街区', 3, 410100000000);
INSERT INTO `zz_area_code` VALUES (410108000000, '惠济区', 3, 410100000000);
INSERT INTO `zz_area_code` VALUES (410122000000, '中牟县', 3, 410100000000);
INSERT INTO `zz_area_code` VALUES (410171000000, '郑州经济技术开发区', 3, 410100000000);
INSERT INTO `zz_area_code` VALUES (410172000000, '郑州高新技术产业开发区', 3, 410100000000);
INSERT INTO `zz_area_code` VALUES (410173000000, '郑州航空港经济综合实验区', 3, 410100000000);
INSERT INTO `zz_area_code` VALUES (410181000000, '巩义市', 3, 410100000000);
INSERT INTO `zz_area_code` VALUES (410182000000, '荥阳市', 3, 410100000000);
INSERT INTO `zz_area_code` VALUES (410183000000, '新密市', 3, 410100000000);
INSERT INTO `zz_area_code` VALUES (410184000000, '新郑市', 3, 410100000000);
INSERT INTO `zz_area_code` VALUES (410185000000, '登封市', 3, 410100000000);
INSERT INTO `zz_area_code` VALUES (410200000000, '开封市', 2, 410000000000);
INSERT INTO `zz_area_code` VALUES (410201000000, '市辖区', 3, 410200000000);
INSERT INTO `zz_area_code` VALUES (410202000000, '龙亭区', 3, 410200000000);
INSERT INTO `zz_area_code` VALUES (410203000000, '顺河回族区', 3, 410200000000);
INSERT INTO `zz_area_code` VALUES (410204000000, '鼓楼区', 3, 410200000000);
INSERT INTO `zz_area_code` VALUES (410205000000, '禹王台区', 3, 410200000000);
INSERT INTO `zz_area_code` VALUES (410212000000, '祥符区', 3, 410200000000);
INSERT INTO `zz_area_code` VALUES (410221000000, '杞县', 3, 410200000000);
INSERT INTO `zz_area_code` VALUES (410222000000, '通许县', 3, 410200000000);
INSERT INTO `zz_area_code` VALUES (410223000000, '尉氏县', 3, 410200000000);
INSERT INTO `zz_area_code` VALUES (410225000000, '兰考县', 3, 410200000000);
INSERT INTO `zz_area_code` VALUES (410300000000, '洛阳市', 2, 410000000000);
INSERT INTO `zz_area_code` VALUES (410301000000, '市辖区', 3, 410300000000);
INSERT INTO `zz_area_code` VALUES (410302000000, '老城区', 3, 410300000000);
INSERT INTO `zz_area_code` VALUES (410303000000, '西工区', 3, 410300000000);
INSERT INTO `zz_area_code` VALUES (410304000000, '瀍河回族区', 3, 410300000000);
INSERT INTO `zz_area_code` VALUES (410305000000, '涧西区', 3, 410300000000);
INSERT INTO `zz_area_code` VALUES (410306000000, '吉利区', 3, 410300000000);
INSERT INTO `zz_area_code` VALUES (410311000000, '洛龙区', 3, 410300000000);
INSERT INTO `zz_area_code` VALUES (410322000000, '孟津县', 3, 410300000000);
INSERT INTO `zz_area_code` VALUES (410323000000, '新安县', 3, 410300000000);
INSERT INTO `zz_area_code` VALUES (410324000000, '栾川县', 3, 410300000000);
INSERT INTO `zz_area_code` VALUES (410325000000, '嵩县', 3, 410300000000);
INSERT INTO `zz_area_code` VALUES (410326000000, '汝阳县', 3, 410300000000);
INSERT INTO `zz_area_code` VALUES (410327000000, '宜阳县', 3, 410300000000);
INSERT INTO `zz_area_code` VALUES (410328000000, '洛宁县', 3, 410300000000);
INSERT INTO `zz_area_code` VALUES (410329000000, '伊川县', 3, 410300000000);
INSERT INTO `zz_area_code` VALUES (410371000000, '洛阳高新技术产业开发区', 3, 410300000000);
INSERT INTO `zz_area_code` VALUES (410381000000, '偃师市', 3, 410300000000);
INSERT INTO `zz_area_code` VALUES (410400000000, '平顶山市', 2, 410000000000);
INSERT INTO `zz_area_code` VALUES (410401000000, '市辖区', 3, 410400000000);
INSERT INTO `zz_area_code` VALUES (410402000000, '新华区', 3, 410400000000);
INSERT INTO `zz_area_code` VALUES (410403000000, '卫东区', 3, 410400000000);
INSERT INTO `zz_area_code` VALUES (410404000000, '石龙区', 3, 410400000000);
INSERT INTO `zz_area_code` VALUES (410411000000, '湛河区', 3, 410400000000);
INSERT INTO `zz_area_code` VALUES (410421000000, '宝丰县', 3, 410400000000);
INSERT INTO `zz_area_code` VALUES (410422000000, '叶县', 3, 410400000000);
INSERT INTO `zz_area_code` VALUES (410423000000, '鲁山县', 3, 410400000000);
INSERT INTO `zz_area_code` VALUES (410425000000, '郏县', 3, 410400000000);
INSERT INTO `zz_area_code` VALUES (410471000000, '平顶山高新技术产业开发区', 3, 410400000000);
INSERT INTO `zz_area_code` VALUES (410472000000, '平顶山市新城区', 3, 410400000000);
INSERT INTO `zz_area_code` VALUES (410481000000, '舞钢市', 3, 410400000000);
INSERT INTO `zz_area_code` VALUES (410482000000, '汝州市', 3, 410400000000);
INSERT INTO `zz_area_code` VALUES (410500000000, '安阳市', 2, 410000000000);
INSERT INTO `zz_area_code` VALUES (410501000000, '市辖区', 3, 410500000000);
INSERT INTO `zz_area_code` VALUES (410502000000, '文峰区', 3, 410500000000);
INSERT INTO `zz_area_code` VALUES (410503000000, '北关区', 3, 410500000000);
INSERT INTO `zz_area_code` VALUES (410505000000, '殷都区', 3, 410500000000);
INSERT INTO `zz_area_code` VALUES (410506000000, '龙安区', 3, 410500000000);
INSERT INTO `zz_area_code` VALUES (410522000000, '安阳县', 3, 410500000000);
INSERT INTO `zz_area_code` VALUES (410523000000, '汤阴县', 3, 410500000000);
INSERT INTO `zz_area_code` VALUES (410526000000, '滑县', 3, 410500000000);
INSERT INTO `zz_area_code` VALUES (410527000000, '内黄县', 3, 410500000000);
INSERT INTO `zz_area_code` VALUES (410571000000, '安阳高新技术产业开发区', 3, 410500000000);
INSERT INTO `zz_area_code` VALUES (410581000000, '林州市', 3, 410500000000);
INSERT INTO `zz_area_code` VALUES (410600000000, '鹤壁市', 2, 410000000000);
INSERT INTO `zz_area_code` VALUES (410601000000, '市辖区', 3, 410600000000);
INSERT INTO `zz_area_code` VALUES (410602000000, '鹤山区', 3, 410600000000);
INSERT INTO `zz_area_code` VALUES (410603000000, '山城区', 3, 410600000000);
INSERT INTO `zz_area_code` VALUES (410611000000, '淇滨区', 3, 410600000000);
INSERT INTO `zz_area_code` VALUES (410621000000, '浚县', 3, 410600000000);
INSERT INTO `zz_area_code` VALUES (410622000000, '淇县', 3, 410600000000);
INSERT INTO `zz_area_code` VALUES (410671000000, '鹤壁经济技术开发区', 3, 410600000000);
INSERT INTO `zz_area_code` VALUES (410700000000, '新乡市', 2, 410000000000);
INSERT INTO `zz_area_code` VALUES (410701000000, '市辖区', 3, 410700000000);
INSERT INTO `zz_area_code` VALUES (410702000000, '红旗区', 3, 410700000000);
INSERT INTO `zz_area_code` VALUES (410703000000, '卫滨区', 3, 410700000000);
INSERT INTO `zz_area_code` VALUES (410704000000, '凤泉区', 3, 410700000000);
INSERT INTO `zz_area_code` VALUES (410711000000, '牧野区', 3, 410700000000);
INSERT INTO `zz_area_code` VALUES (410721000000, '新乡县', 3, 410700000000);
INSERT INTO `zz_area_code` VALUES (410724000000, '获嘉县', 3, 410700000000);
INSERT INTO `zz_area_code` VALUES (410725000000, '原阳县', 3, 410700000000);
INSERT INTO `zz_area_code` VALUES (410726000000, '延津县', 3, 410700000000);
INSERT INTO `zz_area_code` VALUES (410727000000, '封丘县', 3, 410700000000);
INSERT INTO `zz_area_code` VALUES (410728000000, '长垣县', 3, 410700000000);
INSERT INTO `zz_area_code` VALUES (410771000000, '新乡高新技术产业开发区', 3, 410700000000);
INSERT INTO `zz_area_code` VALUES (410772000000, '新乡经济技术开发区', 3, 410700000000);
INSERT INTO `zz_area_code` VALUES (410773000000, '新乡市平原城乡一体化示范区', 3, 410700000000);
INSERT INTO `zz_area_code` VALUES (410781000000, '卫辉市', 3, 410700000000);
INSERT INTO `zz_area_code` VALUES (410782000000, '辉县市', 3, 410700000000);
INSERT INTO `zz_area_code` VALUES (410800000000, '焦作市', 2, 410000000000);
INSERT INTO `zz_area_code` VALUES (410801000000, '市辖区', 3, 410800000000);
INSERT INTO `zz_area_code` VALUES (410802000000, '解放区', 3, 410800000000);
INSERT INTO `zz_area_code` VALUES (410803000000, '中站区', 3, 410800000000);
INSERT INTO `zz_area_code` VALUES (410804000000, '马村区', 3, 410800000000);
INSERT INTO `zz_area_code` VALUES (410811000000, '山阳区', 3, 410800000000);
INSERT INTO `zz_area_code` VALUES (410821000000, '修武县', 3, 410800000000);
INSERT INTO `zz_area_code` VALUES (410822000000, '博爱县', 3, 410800000000);
INSERT INTO `zz_area_code` VALUES (410823000000, '武陟县', 3, 410800000000);
INSERT INTO `zz_area_code` VALUES (410825000000, '温县', 3, 410800000000);
INSERT INTO `zz_area_code` VALUES (410871000000, '焦作城乡一体化示范区', 3, 410800000000);
INSERT INTO `zz_area_code` VALUES (410882000000, '沁阳市', 3, 410800000000);
INSERT INTO `zz_area_code` VALUES (410883000000, '孟州市', 3, 410800000000);
INSERT INTO `zz_area_code` VALUES (410900000000, '濮阳市', 2, 410000000000);
INSERT INTO `zz_area_code` VALUES (410901000000, '市辖区', 3, 410900000000);
INSERT INTO `zz_area_code` VALUES (410902000000, '华龙区', 3, 410900000000);
INSERT INTO `zz_area_code` VALUES (410922000000, '清丰县', 3, 410900000000);
INSERT INTO `zz_area_code` VALUES (410923000000, '南乐县', 3, 410900000000);
INSERT INTO `zz_area_code` VALUES (410926000000, '范县', 3, 410900000000);
INSERT INTO `zz_area_code` VALUES (410927000000, '台前县', 3, 410900000000);
INSERT INTO `zz_area_code` VALUES (410928000000, '濮阳县', 3, 410900000000);
INSERT INTO `zz_area_code` VALUES (410971000000, '河南濮阳工业园区', 3, 410900000000);
INSERT INTO `zz_area_code` VALUES (410972000000, '濮阳经济技术开发区', 3, 410900000000);
INSERT INTO `zz_area_code` VALUES (411000000000, '许昌市', 2, 410000000000);
INSERT INTO `zz_area_code` VALUES (411001000000, '市辖区', 3, 411000000000);
INSERT INTO `zz_area_code` VALUES (411002000000, '魏都区', 3, 411000000000);
INSERT INTO `zz_area_code` VALUES (411003000000, '建安区', 3, 411000000000);
INSERT INTO `zz_area_code` VALUES (411024000000, '鄢陵县', 3, 411000000000);
INSERT INTO `zz_area_code` VALUES (411025000000, '襄城县', 3, 411000000000);
INSERT INTO `zz_area_code` VALUES (411071000000, '许昌经济技术开发区', 3, 411000000000);
INSERT INTO `zz_area_code` VALUES (411081000000, '禹州市', 3, 411000000000);
INSERT INTO `zz_area_code` VALUES (411082000000, '长葛市', 3, 411000000000);
INSERT INTO `zz_area_code` VALUES (411100000000, '漯河市', 2, 410000000000);
INSERT INTO `zz_area_code` VALUES (411101000000, '市辖区', 3, 411100000000);
INSERT INTO `zz_area_code` VALUES (411102000000, '源汇区', 3, 411100000000);
INSERT INTO `zz_area_code` VALUES (411103000000, '郾城区', 3, 411100000000);
INSERT INTO `zz_area_code` VALUES (411104000000, '召陵区', 3, 411100000000);
INSERT INTO `zz_area_code` VALUES (411121000000, '舞阳县', 3, 411100000000);
INSERT INTO `zz_area_code` VALUES (411122000000, '临颍县', 3, 411100000000);
INSERT INTO `zz_area_code` VALUES (411171000000, '漯河经济技术开发区', 3, 411100000000);
INSERT INTO `zz_area_code` VALUES (411200000000, '三门峡市', 2, 410000000000);
INSERT INTO `zz_area_code` VALUES (411201000000, '市辖区', 3, 411200000000);
INSERT INTO `zz_area_code` VALUES (411202000000, '湖滨区', 3, 411200000000);
INSERT INTO `zz_area_code` VALUES (411203000000, '陕州区', 3, 411200000000);
INSERT INTO `zz_area_code` VALUES (411221000000, '渑池县', 3, 411200000000);
INSERT INTO `zz_area_code` VALUES (411224000000, '卢氏县', 3, 411200000000);
INSERT INTO `zz_area_code` VALUES (411271000000, '河南三门峡经济开发区', 3, 411200000000);
INSERT INTO `zz_area_code` VALUES (411281000000, '义马市', 3, 411200000000);
INSERT INTO `zz_area_code` VALUES (411282000000, '灵宝市', 3, 411200000000);
INSERT INTO `zz_area_code` VALUES (411300000000, '南阳市', 2, 410000000000);
INSERT INTO `zz_area_code` VALUES (411301000000, '市辖区', 3, 411300000000);
INSERT INTO `zz_area_code` VALUES (411302000000, '宛城区', 3, 411300000000);
INSERT INTO `zz_area_code` VALUES (411303000000, '卧龙区', 3, 411300000000);
INSERT INTO `zz_area_code` VALUES (411321000000, '南召县', 3, 411300000000);
INSERT INTO `zz_area_code` VALUES (411322000000, '方城县', 3, 411300000000);
INSERT INTO `zz_area_code` VALUES (411323000000, '西峡县', 3, 411300000000);
INSERT INTO `zz_area_code` VALUES (411324000000, '镇平县', 3, 411300000000);
INSERT INTO `zz_area_code` VALUES (411325000000, '内乡县', 3, 411300000000);
INSERT INTO `zz_area_code` VALUES (411326000000, '淅川县', 3, 411300000000);
INSERT INTO `zz_area_code` VALUES (411327000000, '社旗县', 3, 411300000000);
INSERT INTO `zz_area_code` VALUES (411328000000, '唐河县', 3, 411300000000);
INSERT INTO `zz_area_code` VALUES (411329000000, '新野县', 3, 411300000000);
INSERT INTO `zz_area_code` VALUES (411330000000, '桐柏县', 3, 411300000000);
INSERT INTO `zz_area_code` VALUES (411371000000, '南阳高新技术产业开发区', 3, 411300000000);
INSERT INTO `zz_area_code` VALUES (411372000000, '南阳市城乡一体化示范区', 3, 411300000000);
INSERT INTO `zz_area_code` VALUES (411381000000, '邓州市', 3, 411300000000);
INSERT INTO `zz_area_code` VALUES (411400000000, '商丘市', 2, 410000000000);
INSERT INTO `zz_area_code` VALUES (411401000000, '市辖区', 3, 411400000000);
INSERT INTO `zz_area_code` VALUES (411402000000, '梁园区', 3, 411400000000);
INSERT INTO `zz_area_code` VALUES (411403000000, '睢阳区', 3, 411400000000);
INSERT INTO `zz_area_code` VALUES (411421000000, '民权县', 3, 411400000000);
INSERT INTO `zz_area_code` VALUES (411422000000, '睢县', 3, 411400000000);
INSERT INTO `zz_area_code` VALUES (411423000000, '宁陵县', 3, 411400000000);
INSERT INTO `zz_area_code` VALUES (411424000000, '柘城县', 3, 411400000000);
INSERT INTO `zz_area_code` VALUES (411425000000, '虞城县', 3, 411400000000);
INSERT INTO `zz_area_code` VALUES (411426000000, '夏邑县', 3, 411400000000);
INSERT INTO `zz_area_code` VALUES (411471000000, '豫东综合物流产业聚集区', 3, 411400000000);
INSERT INTO `zz_area_code` VALUES (411472000000, '河南商丘经济开发区', 3, 411400000000);
INSERT INTO `zz_area_code` VALUES (411481000000, '永城市', 3, 411400000000);
INSERT INTO `zz_area_code` VALUES (411500000000, '信阳市', 2, 410000000000);
INSERT INTO `zz_area_code` VALUES (411501000000, '市辖区', 3, 411500000000);
INSERT INTO `zz_area_code` VALUES (411502000000, '浉河区', 3, 411500000000);
INSERT INTO `zz_area_code` VALUES (411503000000, '平桥区', 3, 411500000000);
INSERT INTO `zz_area_code` VALUES (411521000000, '罗山县', 3, 411500000000);
INSERT INTO `zz_area_code` VALUES (411522000000, '光山县', 3, 411500000000);
INSERT INTO `zz_area_code` VALUES (411523000000, '新县', 3, 411500000000);
INSERT INTO `zz_area_code` VALUES (411524000000, '商城县', 3, 411500000000);
INSERT INTO `zz_area_code` VALUES (411525000000, '固始县', 3, 411500000000);
INSERT INTO `zz_area_code` VALUES (411526000000, '潢川县', 3, 411500000000);
INSERT INTO `zz_area_code` VALUES (411527000000, '淮滨县', 3, 411500000000);
INSERT INTO `zz_area_code` VALUES (411528000000, '息县', 3, 411500000000);
INSERT INTO `zz_area_code` VALUES (411571000000, '信阳高新技术产业开发区', 3, 411500000000);
INSERT INTO `zz_area_code` VALUES (411600000000, '周口市', 2, 410000000000);
INSERT INTO `zz_area_code` VALUES (411601000000, '市辖区', 3, 411600000000);
INSERT INTO `zz_area_code` VALUES (411602000000, '川汇区', 3, 411600000000);
INSERT INTO `zz_area_code` VALUES (411621000000, '扶沟县', 3, 411600000000);
INSERT INTO `zz_area_code` VALUES (411622000000, '西华县', 3, 411600000000);
INSERT INTO `zz_area_code` VALUES (411623000000, '商水县', 3, 411600000000);
INSERT INTO `zz_area_code` VALUES (411624000000, '沈丘县', 3, 411600000000);
INSERT INTO `zz_area_code` VALUES (411625000000, '郸城县', 3, 411600000000);
INSERT INTO `zz_area_code` VALUES (411626000000, '淮阳县', 3, 411600000000);
INSERT INTO `zz_area_code` VALUES (411627000000, '太康县', 3, 411600000000);
INSERT INTO `zz_area_code` VALUES (411628000000, '鹿邑县', 3, 411600000000);
INSERT INTO `zz_area_code` VALUES (411671000000, '河南周口经济开发区', 3, 411600000000);
INSERT INTO `zz_area_code` VALUES (411681000000, '项城市', 3, 411600000000);
INSERT INTO `zz_area_code` VALUES (411700000000, '驻马店市', 2, 410000000000);
INSERT INTO `zz_area_code` VALUES (411701000000, '市辖区', 3, 411700000000);
INSERT INTO `zz_area_code` VALUES (411702000000, '驿城区', 3, 411700000000);
INSERT INTO `zz_area_code` VALUES (411721000000, '西平县', 3, 411700000000);
INSERT INTO `zz_area_code` VALUES (411722000000, '上蔡县', 3, 411700000000);
INSERT INTO `zz_area_code` VALUES (411723000000, '平舆县', 3, 411700000000);
INSERT INTO `zz_area_code` VALUES (411724000000, '正阳县', 3, 411700000000);
INSERT INTO `zz_area_code` VALUES (411725000000, '确山县', 3, 411700000000);
INSERT INTO `zz_area_code` VALUES (411726000000, '泌阳县', 3, 411700000000);
INSERT INTO `zz_area_code` VALUES (411727000000, '汝南县', 3, 411700000000);
INSERT INTO `zz_area_code` VALUES (411728000000, '遂平县', 3, 411700000000);
INSERT INTO `zz_area_code` VALUES (411729000000, '新蔡县', 3, 411700000000);
INSERT INTO `zz_area_code` VALUES (411771000000, '河南驻马店经济开发区', 3, 411700000000);
INSERT INTO `zz_area_code` VALUES (419000000000, '省直辖县级行政区划', 2, 410000000000);
INSERT INTO `zz_area_code` VALUES (419001000000, '济源市', 3, 419000000000);
INSERT INTO `zz_area_code` VALUES (420000000000, '湖北省', 1, NULL);
INSERT INTO `zz_area_code` VALUES (420100000000, '武汉市', 2, 420000000000);
INSERT INTO `zz_area_code` VALUES (420101000000, '市辖区', 3, 420100000000);
INSERT INTO `zz_area_code` VALUES (420102000000, '江岸区', 3, 420100000000);
INSERT INTO `zz_area_code` VALUES (420103000000, '江汉区', 3, 420100000000);
INSERT INTO `zz_area_code` VALUES (420104000000, '硚口区', 3, 420100000000);
INSERT INTO `zz_area_code` VALUES (420105000000, '汉阳区', 3, 420100000000);
INSERT INTO `zz_area_code` VALUES (420106000000, '武昌区', 3, 420100000000);
INSERT INTO `zz_area_code` VALUES (420107000000, '青山区', 3, 420100000000);
INSERT INTO `zz_area_code` VALUES (420111000000, '洪山区', 3, 420100000000);
INSERT INTO `zz_area_code` VALUES (420112000000, '东西湖区', 3, 420100000000);
INSERT INTO `zz_area_code` VALUES (420113000000, '汉南区', 3, 420100000000);
INSERT INTO `zz_area_code` VALUES (420114000000, '蔡甸区', 3, 420100000000);
INSERT INTO `zz_area_code` VALUES (420115000000, '江夏区', 3, 420100000000);
INSERT INTO `zz_area_code` VALUES (420116000000, '黄陂区', 3, 420100000000);
INSERT INTO `zz_area_code` VALUES (420117000000, '新洲区', 3, 420100000000);
INSERT INTO `zz_area_code` VALUES (420200000000, '黄石市', 2, 420000000000);
INSERT INTO `zz_area_code` VALUES (420201000000, '市辖区', 3, 420200000000);
INSERT INTO `zz_area_code` VALUES (420202000000, '黄石港区', 3, 420200000000);
INSERT INTO `zz_area_code` VALUES (420203000000, '西塞山区', 3, 420200000000);
INSERT INTO `zz_area_code` VALUES (420204000000, '下陆区', 3, 420200000000);
INSERT INTO `zz_area_code` VALUES (420205000000, '铁山区', 3, 420200000000);
INSERT INTO `zz_area_code` VALUES (420222000000, '阳新县', 3, 420200000000);
INSERT INTO `zz_area_code` VALUES (420281000000, '大冶市', 3, 420200000000);
INSERT INTO `zz_area_code` VALUES (420300000000, '十堰市', 2, 420000000000);
INSERT INTO `zz_area_code` VALUES (420301000000, '市辖区', 3, 420300000000);
INSERT INTO `zz_area_code` VALUES (420302000000, '茅箭区', 3, 420300000000);
INSERT INTO `zz_area_code` VALUES (420303000000, '张湾区', 3, 420300000000);
INSERT INTO `zz_area_code` VALUES (420304000000, '郧阳区', 3, 420300000000);
INSERT INTO `zz_area_code` VALUES (420322000000, '郧西县', 3, 420300000000);
INSERT INTO `zz_area_code` VALUES (420323000000, '竹山县', 3, 420300000000);
INSERT INTO `zz_area_code` VALUES (420324000000, '竹溪县', 3, 420300000000);
INSERT INTO `zz_area_code` VALUES (420325000000, '房县', 3, 420300000000);
INSERT INTO `zz_area_code` VALUES (420381000000, '丹江口市', 3, 420300000000);
INSERT INTO `zz_area_code` VALUES (420500000000, '宜昌市', 2, 420000000000);
INSERT INTO `zz_area_code` VALUES (420501000000, '市辖区', 3, 420500000000);
INSERT INTO `zz_area_code` VALUES (420502000000, '西陵区', 3, 420500000000);
INSERT INTO `zz_area_code` VALUES (420503000000, '伍家岗区', 3, 420500000000);
INSERT INTO `zz_area_code` VALUES (420504000000, '点军区', 3, 420500000000);
INSERT INTO `zz_area_code` VALUES (420505000000, '猇亭区', 3, 420500000000);
INSERT INTO `zz_area_code` VALUES (420506000000, '夷陵区', 3, 420500000000);
INSERT INTO `zz_area_code` VALUES (420525000000, '远安县', 3, 420500000000);
INSERT INTO `zz_area_code` VALUES (420526000000, '兴山县', 3, 420500000000);
INSERT INTO `zz_area_code` VALUES (420527000000, '秭归县', 3, 420500000000);
INSERT INTO `zz_area_code` VALUES (420528000000, '长阳土家族自治县', 3, 420500000000);
INSERT INTO `zz_area_code` VALUES (420529000000, '五峰土家族自治县', 3, 420500000000);
INSERT INTO `zz_area_code` VALUES (420581000000, '宜都市', 3, 420500000000);
INSERT INTO `zz_area_code` VALUES (420582000000, '当阳市', 3, 420500000000);
INSERT INTO `zz_area_code` VALUES (420583000000, '枝江市', 3, 420500000000);
INSERT INTO `zz_area_code` VALUES (420600000000, '襄阳市', 2, 420000000000);
INSERT INTO `zz_area_code` VALUES (420601000000, '市辖区', 3, 420600000000);
INSERT INTO `zz_area_code` VALUES (420602000000, '襄城区', 3, 420600000000);
INSERT INTO `zz_area_code` VALUES (420606000000, '樊城区', 3, 420600000000);
INSERT INTO `zz_area_code` VALUES (420607000000, '襄州区', 3, 420600000000);
INSERT INTO `zz_area_code` VALUES (420624000000, '南漳县', 3, 420600000000);
INSERT INTO `zz_area_code` VALUES (420625000000, '谷城县', 3, 420600000000);
INSERT INTO `zz_area_code` VALUES (420626000000, '保康县', 3, 420600000000);
INSERT INTO `zz_area_code` VALUES (420682000000, '老河口市', 3, 420600000000);
INSERT INTO `zz_area_code` VALUES (420683000000, '枣阳市', 3, 420600000000);
INSERT INTO `zz_area_code` VALUES (420684000000, '宜城市', 3, 420600000000);
INSERT INTO `zz_area_code` VALUES (420700000000, '鄂州市', 2, 420000000000);
INSERT INTO `zz_area_code` VALUES (420701000000, '市辖区', 3, 420700000000);
INSERT INTO `zz_area_code` VALUES (420702000000, '梁子湖区', 3, 420700000000);
INSERT INTO `zz_area_code` VALUES (420703000000, '华容区', 3, 420700000000);
INSERT INTO `zz_area_code` VALUES (420704000000, '鄂城区', 3, 420700000000);
INSERT INTO `zz_area_code` VALUES (420800000000, '荆门市', 2, 420000000000);
INSERT INTO `zz_area_code` VALUES (420801000000, '市辖区', 3, 420800000000);
INSERT INTO `zz_area_code` VALUES (420802000000, '东宝区', 3, 420800000000);
INSERT INTO `zz_area_code` VALUES (420804000000, '掇刀区', 3, 420800000000);
INSERT INTO `zz_area_code` VALUES (420822000000, '沙洋县', 3, 420800000000);
INSERT INTO `zz_area_code` VALUES (420881000000, '钟祥市', 3, 420800000000);
INSERT INTO `zz_area_code` VALUES (420882000000, '京山市', 3, 420800000000);
INSERT INTO `zz_area_code` VALUES (420900000000, '孝感市', 2, 420000000000);
INSERT INTO `zz_area_code` VALUES (420901000000, '市辖区', 3, 420900000000);
INSERT INTO `zz_area_code` VALUES (420902000000, '孝南区', 3, 420900000000);
INSERT INTO `zz_area_code` VALUES (420921000000, '孝昌县', 3, 420900000000);
INSERT INTO `zz_area_code` VALUES (420922000000, '大悟县', 3, 420900000000);
INSERT INTO `zz_area_code` VALUES (420923000000, '云梦县', 3, 420900000000);
INSERT INTO `zz_area_code` VALUES (420981000000, '应城市', 3, 420900000000);
INSERT INTO `zz_area_code` VALUES (420982000000, '安陆市', 3, 420900000000);
INSERT INTO `zz_area_code` VALUES (420984000000, '汉川市', 3, 420900000000);
INSERT INTO `zz_area_code` VALUES (421000000000, '荆州市', 2, 420000000000);
INSERT INTO `zz_area_code` VALUES (421001000000, '市辖区', 3, 421000000000);
INSERT INTO `zz_area_code` VALUES (421002000000, '沙市区', 3, 421000000000);
INSERT INTO `zz_area_code` VALUES (421003000000, '荆州区', 3, 421000000000);
INSERT INTO `zz_area_code` VALUES (421022000000, '公安县', 3, 421000000000);
INSERT INTO `zz_area_code` VALUES (421023000000, '监利县', 3, 421000000000);
INSERT INTO `zz_area_code` VALUES (421024000000, '江陵县', 3, 421000000000);
INSERT INTO `zz_area_code` VALUES (421071000000, '荆州经济技术开发区', 3, 421000000000);
INSERT INTO `zz_area_code` VALUES (421081000000, '石首市', 3, 421000000000);
INSERT INTO `zz_area_code` VALUES (421083000000, '洪湖市', 3, 421000000000);
INSERT INTO `zz_area_code` VALUES (421087000000, '松滋市', 3, 421000000000);
INSERT INTO `zz_area_code` VALUES (421100000000, '黄冈市', 2, 420000000000);
INSERT INTO `zz_area_code` VALUES (421101000000, '市辖区', 3, 421100000000);
INSERT INTO `zz_area_code` VALUES (421102000000, '黄州区', 3, 421100000000);
INSERT INTO `zz_area_code` VALUES (421121000000, '团风县', 3, 421100000000);
INSERT INTO `zz_area_code` VALUES (421122000000, '红安县', 3, 421100000000);
INSERT INTO `zz_area_code` VALUES (421123000000, '罗田县', 3, 421100000000);
INSERT INTO `zz_area_code` VALUES (421124000000, '英山县', 3, 421100000000);
INSERT INTO `zz_area_code` VALUES (421125000000, '浠水县', 3, 421100000000);
INSERT INTO `zz_area_code` VALUES (421126000000, '蕲春县', 3, 421100000000);
INSERT INTO `zz_area_code` VALUES (421127000000, '黄梅县', 3, 421100000000);
INSERT INTO `zz_area_code` VALUES (421171000000, '龙感湖管理区', 3, 421100000000);
INSERT INTO `zz_area_code` VALUES (421181000000, '麻城市', 3, 421100000000);
INSERT INTO `zz_area_code` VALUES (421182000000, '武穴市', 3, 421100000000);
INSERT INTO `zz_area_code` VALUES (421200000000, '咸宁市', 2, 420000000000);
INSERT INTO `zz_area_code` VALUES (421201000000, '市辖区', 3, 421200000000);
INSERT INTO `zz_area_code` VALUES (421202000000, '咸安区', 3, 421200000000);
INSERT INTO `zz_area_code` VALUES (421221000000, '嘉鱼县', 3, 421200000000);
INSERT INTO `zz_area_code` VALUES (421222000000, '通城县', 3, 421200000000);
INSERT INTO `zz_area_code` VALUES (421223000000, '崇阳县', 3, 421200000000);
INSERT INTO `zz_area_code` VALUES (421224000000, '通山县', 3, 421200000000);
INSERT INTO `zz_area_code` VALUES (421281000000, '赤壁市', 3, 421200000000);
INSERT INTO `zz_area_code` VALUES (421300000000, '随州市', 2, 420000000000);
INSERT INTO `zz_area_code` VALUES (421301000000, '市辖区', 3, 421300000000);
INSERT INTO `zz_area_code` VALUES (421303000000, '曾都区', 3, 421300000000);
INSERT INTO `zz_area_code` VALUES (421321000000, '随县', 3, 421300000000);
INSERT INTO `zz_area_code` VALUES (421381000000, '广水市', 3, 421300000000);
INSERT INTO `zz_area_code` VALUES (422800000000, '恩施土家族苗族自治州', 2, 420000000000);
INSERT INTO `zz_area_code` VALUES (422801000000, '恩施市', 3, 422800000000);
INSERT INTO `zz_area_code` VALUES (422802000000, '利川市', 3, 422800000000);
INSERT INTO `zz_area_code` VALUES (422822000000, '建始县', 3, 422800000000);
INSERT INTO `zz_area_code` VALUES (422823000000, '巴东县', 3, 422800000000);
INSERT INTO `zz_area_code` VALUES (422825000000, '宣恩县', 3, 422800000000);
INSERT INTO `zz_area_code` VALUES (422826000000, '咸丰县', 3, 422800000000);
INSERT INTO `zz_area_code` VALUES (422827000000, '来凤县', 3, 422800000000);
INSERT INTO `zz_area_code` VALUES (422828000000, '鹤峰县', 3, 422800000000);
INSERT INTO `zz_area_code` VALUES (429000000000, '省直辖县级行政区划', 2, 420000000000);
INSERT INTO `zz_area_code` VALUES (429004000000, '仙桃市', 3, 429000000000);
INSERT INTO `zz_area_code` VALUES (429005000000, '潜江市', 3, 429000000000);
INSERT INTO `zz_area_code` VALUES (429006000000, '天门市', 3, 429000000000);
INSERT INTO `zz_area_code` VALUES (429021000000, '神农架林区', 3, 429000000000);
INSERT INTO `zz_area_code` VALUES (430000000000, '湖南省', 1, NULL);
INSERT INTO `zz_area_code` VALUES (430100000000, '长沙市', 2, 430000000000);
INSERT INTO `zz_area_code` VALUES (430101000000, '市辖区', 3, 430100000000);
INSERT INTO `zz_area_code` VALUES (430102000000, '芙蓉区', 3, 430100000000);
INSERT INTO `zz_area_code` VALUES (430103000000, '天心区', 3, 430100000000);
INSERT INTO `zz_area_code` VALUES (430104000000, '岳麓区', 3, 430100000000);
INSERT INTO `zz_area_code` VALUES (430105000000, '开福区', 3, 430100000000);
INSERT INTO `zz_area_code` VALUES (430111000000, '雨花区', 3, 430100000000);
INSERT INTO `zz_area_code` VALUES (430112000000, '望城区', 3, 430100000000);
INSERT INTO `zz_area_code` VALUES (430121000000, '长沙县', 3, 430100000000);
INSERT INTO `zz_area_code` VALUES (430181000000, '浏阳市', 3, 430100000000);
INSERT INTO `zz_area_code` VALUES (430182000000, '宁乡市', 3, 430100000000);
INSERT INTO `zz_area_code` VALUES (430200000000, '株洲市', 2, 430000000000);
INSERT INTO `zz_area_code` VALUES (430201000000, '市辖区', 3, 430200000000);
INSERT INTO `zz_area_code` VALUES (430202000000, '荷塘区', 3, 430200000000);
INSERT INTO `zz_area_code` VALUES (430203000000, '芦淞区', 3, 430200000000);
INSERT INTO `zz_area_code` VALUES (430204000000, '石峰区', 3, 430200000000);
INSERT INTO `zz_area_code` VALUES (430211000000, '天元区', 3, 430200000000);
INSERT INTO `zz_area_code` VALUES (430212000000, '渌口区', 3, 430200000000);
INSERT INTO `zz_area_code` VALUES (430223000000, '攸县', 3, 430200000000);
INSERT INTO `zz_area_code` VALUES (430224000000, '茶陵县', 3, 430200000000);
INSERT INTO `zz_area_code` VALUES (430225000000, '炎陵县', 3, 430200000000);
INSERT INTO `zz_area_code` VALUES (430271000000, '云龙示范区', 3, 430200000000);
INSERT INTO `zz_area_code` VALUES (430281000000, '醴陵市', 3, 430200000000);
INSERT INTO `zz_area_code` VALUES (430300000000, '湘潭市', 2, 430000000000);
INSERT INTO `zz_area_code` VALUES (430301000000, '市辖区', 3, 430300000000);
INSERT INTO `zz_area_code` VALUES (430302000000, '雨湖区', 3, 430300000000);
INSERT INTO `zz_area_code` VALUES (430304000000, '岳塘区', 3, 430300000000);
INSERT INTO `zz_area_code` VALUES (430321000000, '湘潭县', 3, 430300000000);
INSERT INTO `zz_area_code` VALUES (430371000000, '湖南湘潭高新技术产业园区', 3, 430300000000);
INSERT INTO `zz_area_code` VALUES (430372000000, '湘潭昭山示范区', 3, 430300000000);
INSERT INTO `zz_area_code` VALUES (430373000000, '湘潭九华示范区', 3, 430300000000);
INSERT INTO `zz_area_code` VALUES (430381000000, '湘乡市', 3, 430300000000);
INSERT INTO `zz_area_code` VALUES (430382000000, '韶山市', 3, 430300000000);
INSERT INTO `zz_area_code` VALUES (430400000000, '衡阳市', 2, 430000000000);
INSERT INTO `zz_area_code` VALUES (430401000000, '市辖区', 3, 430400000000);
INSERT INTO `zz_area_code` VALUES (430405000000, '珠晖区', 3, 430400000000);
INSERT INTO `zz_area_code` VALUES (430406000000, '雁峰区', 3, 430400000000);
INSERT INTO `zz_area_code` VALUES (430407000000, '石鼓区', 3, 430400000000);
INSERT INTO `zz_area_code` VALUES (430408000000, '蒸湘区', 3, 430400000000);
INSERT INTO `zz_area_code` VALUES (430412000000, '南岳区', 3, 430400000000);
INSERT INTO `zz_area_code` VALUES (430421000000, '衡阳县', 3, 430400000000);
INSERT INTO `zz_area_code` VALUES (430422000000, '衡南县', 3, 430400000000);
INSERT INTO `zz_area_code` VALUES (430423000000, '衡山县', 3, 430400000000);
INSERT INTO `zz_area_code` VALUES (430424000000, '衡东县', 3, 430400000000);
INSERT INTO `zz_area_code` VALUES (430426000000, '祁东县', 3, 430400000000);
INSERT INTO `zz_area_code` VALUES (430471000000, '衡阳综合保税区', 3, 430400000000);
INSERT INTO `zz_area_code` VALUES (430472000000, '湖南衡阳高新技术产业园区', 3, 430400000000);
INSERT INTO `zz_area_code` VALUES (430473000000, '湖南衡阳松木经济开发区', 3, 430400000000);
INSERT INTO `zz_area_code` VALUES (430481000000, '耒阳市', 3, 430400000000);
INSERT INTO `zz_area_code` VALUES (430482000000, '常宁市', 3, 430400000000);
INSERT INTO `zz_area_code` VALUES (430500000000, '邵阳市', 2, 430000000000);
INSERT INTO `zz_area_code` VALUES (430501000000, '市辖区', 3, 430500000000);
INSERT INTO `zz_area_code` VALUES (430502000000, '双清区', 3, 430500000000);
INSERT INTO `zz_area_code` VALUES (430503000000, '大祥区', 3, 430500000000);
INSERT INTO `zz_area_code` VALUES (430511000000, '北塔区', 3, 430500000000);
INSERT INTO `zz_area_code` VALUES (430521000000, '邵东县', 3, 430500000000);
INSERT INTO `zz_area_code` VALUES (430522000000, '新邵县', 3, 430500000000);
INSERT INTO `zz_area_code` VALUES (430523000000, '邵阳县', 3, 430500000000);
INSERT INTO `zz_area_code` VALUES (430524000000, '隆回县', 3, 430500000000);
INSERT INTO `zz_area_code` VALUES (430525000000, '洞口县', 3, 430500000000);
INSERT INTO `zz_area_code` VALUES (430527000000, '绥宁县', 3, 430500000000);
INSERT INTO `zz_area_code` VALUES (430528000000, '新宁县', 3, 430500000000);
INSERT INTO `zz_area_code` VALUES (430529000000, '城步苗族自治县', 3, 430500000000);
INSERT INTO `zz_area_code` VALUES (430581000000, '武冈市', 3, 430500000000);
INSERT INTO `zz_area_code` VALUES (430600000000, '岳阳市', 2, 430000000000);
INSERT INTO `zz_area_code` VALUES (430601000000, '市辖区', 3, 430600000000);
INSERT INTO `zz_area_code` VALUES (430602000000, '岳阳楼区', 3, 430600000000);
INSERT INTO `zz_area_code` VALUES (430603000000, '云溪区', 3, 430600000000);
INSERT INTO `zz_area_code` VALUES (430611000000, '君山区', 3, 430600000000);
INSERT INTO `zz_area_code` VALUES (430621000000, '岳阳县', 3, 430600000000);
INSERT INTO `zz_area_code` VALUES (430623000000, '华容县', 3, 430600000000);
INSERT INTO `zz_area_code` VALUES (430624000000, '湘阴县', 3, 430600000000);
INSERT INTO `zz_area_code` VALUES (430626000000, '平江县', 3, 430600000000);
INSERT INTO `zz_area_code` VALUES (430671000000, '岳阳市屈原管理区', 3, 430600000000);
INSERT INTO `zz_area_code` VALUES (430681000000, '汨罗市', 3, 430600000000);
INSERT INTO `zz_area_code` VALUES (430682000000, '临湘市', 3, 430600000000);
INSERT INTO `zz_area_code` VALUES (430700000000, '常德市', 2, 430000000000);
INSERT INTO `zz_area_code` VALUES (430701000000, '市辖区', 3, 430700000000);
INSERT INTO `zz_area_code` VALUES (430702000000, '武陵区', 3, 430700000000);
INSERT INTO `zz_area_code` VALUES (430703000000, '鼎城区', 3, 430700000000);
INSERT INTO `zz_area_code` VALUES (430721000000, '安乡县', 3, 430700000000);
INSERT INTO `zz_area_code` VALUES (430722000000, '汉寿县', 3, 430700000000);
INSERT INTO `zz_area_code` VALUES (430723000000, '澧县', 3, 430700000000);
INSERT INTO `zz_area_code` VALUES (430724000000, '临澧县', 3, 430700000000);
INSERT INTO `zz_area_code` VALUES (430725000000, '桃源县', 3, 430700000000);
INSERT INTO `zz_area_code` VALUES (430726000000, '石门县', 3, 430700000000);
INSERT INTO `zz_area_code` VALUES (430771000000, '常德市西洞庭管理区', 3, 430700000000);
INSERT INTO `zz_area_code` VALUES (430781000000, '津市市', 3, 430700000000);
INSERT INTO `zz_area_code` VALUES (430800000000, '张家界市', 2, 430000000000);
INSERT INTO `zz_area_code` VALUES (430801000000, '市辖区', 3, 430800000000);
INSERT INTO `zz_area_code` VALUES (430802000000, '永定区', 3, 430800000000);
INSERT INTO `zz_area_code` VALUES (430811000000, '武陵源区', 3, 430800000000);
INSERT INTO `zz_area_code` VALUES (430821000000, '慈利县', 3, 430800000000);
INSERT INTO `zz_area_code` VALUES (430822000000, '桑植县', 3, 430800000000);
INSERT INTO `zz_area_code` VALUES (430900000000, '益阳市', 2, 430000000000);
INSERT INTO `zz_area_code` VALUES (430901000000, '市辖区', 3, 430900000000);
INSERT INTO `zz_area_code` VALUES (430902000000, '资阳区', 3, 430900000000);
INSERT INTO `zz_area_code` VALUES (430903000000, '赫山区', 3, 430900000000);
INSERT INTO `zz_area_code` VALUES (430921000000, '南县', 3, 430900000000);
INSERT INTO `zz_area_code` VALUES (430922000000, '桃江县', 3, 430900000000);
INSERT INTO `zz_area_code` VALUES (430923000000, '安化县', 3, 430900000000);
INSERT INTO `zz_area_code` VALUES (430971000000, '益阳市大通湖管理区', 3, 430900000000);
INSERT INTO `zz_area_code` VALUES (430972000000, '湖南益阳高新技术产业园区', 3, 430900000000);
INSERT INTO `zz_area_code` VALUES (430981000000, '沅江市', 3, 430900000000);
INSERT INTO `zz_area_code` VALUES (431000000000, '郴州市', 2, 430000000000);
INSERT INTO `zz_area_code` VALUES (431001000000, '市辖区', 3, 431000000000);
INSERT INTO `zz_area_code` VALUES (431002000000, '北湖区', 3, 431000000000);
INSERT INTO `zz_area_code` VALUES (431003000000, '苏仙区', 3, 431000000000);
INSERT INTO `zz_area_code` VALUES (431021000000, '桂阳县', 3, 431000000000);
INSERT INTO `zz_area_code` VALUES (431022000000, '宜章县', 3, 431000000000);
INSERT INTO `zz_area_code` VALUES (431023000000, '永兴县', 3, 431000000000);
INSERT INTO `zz_area_code` VALUES (431024000000, '嘉禾县', 3, 431000000000);
INSERT INTO `zz_area_code` VALUES (431025000000, '临武县', 3, 431000000000);
INSERT INTO `zz_area_code` VALUES (431026000000, '汝城县', 3, 431000000000);
INSERT INTO `zz_area_code` VALUES (431027000000, '桂东县', 3, 431000000000);
INSERT INTO `zz_area_code` VALUES (431028000000, '安仁县', 3, 431000000000);
INSERT INTO `zz_area_code` VALUES (431081000000, '资兴市', 3, 431000000000);
INSERT INTO `zz_area_code` VALUES (431100000000, '永州市', 2, 430000000000);
INSERT INTO `zz_area_code` VALUES (431101000000, '市辖区', 3, 431100000000);
INSERT INTO `zz_area_code` VALUES (431102000000, '零陵区', 3, 431100000000);
INSERT INTO `zz_area_code` VALUES (431103000000, '冷水滩区', 3, 431100000000);
INSERT INTO `zz_area_code` VALUES (431121000000, '祁阳县', 3, 431100000000);
INSERT INTO `zz_area_code` VALUES (431122000000, '东安县', 3, 431100000000);
INSERT INTO `zz_area_code` VALUES (431123000000, '双牌县', 3, 431100000000);
INSERT INTO `zz_area_code` VALUES (431124000000, '道县', 3, 431100000000);
INSERT INTO `zz_area_code` VALUES (431125000000, '江永县', 3, 431100000000);
INSERT INTO `zz_area_code` VALUES (431126000000, '宁远县', 3, 431100000000);
INSERT INTO `zz_area_code` VALUES (431127000000, '蓝山县', 3, 431100000000);
INSERT INTO `zz_area_code` VALUES (431128000000, '新田县', 3, 431100000000);
INSERT INTO `zz_area_code` VALUES (431129000000, '江华瑶族自治县', 3, 431100000000);
INSERT INTO `zz_area_code` VALUES (431171000000, '永州经济技术开发区', 3, 431100000000);
INSERT INTO `zz_area_code` VALUES (431172000000, '永州市金洞管理区', 3, 431100000000);
INSERT INTO `zz_area_code` VALUES (431173000000, '永州市回龙圩管理区', 3, 431100000000);
INSERT INTO `zz_area_code` VALUES (431200000000, '怀化市', 2, 430000000000);
INSERT INTO `zz_area_code` VALUES (431201000000, '市辖区', 3, 431200000000);
INSERT INTO `zz_area_code` VALUES (431202000000, '鹤城区', 3, 431200000000);
INSERT INTO `zz_area_code` VALUES (431221000000, '中方县', 3, 431200000000);
INSERT INTO `zz_area_code` VALUES (431222000000, '沅陵县', 3, 431200000000);
INSERT INTO `zz_area_code` VALUES (431223000000, '辰溪县', 3, 431200000000);
INSERT INTO `zz_area_code` VALUES (431224000000, '溆浦县', 3, 431200000000);
INSERT INTO `zz_area_code` VALUES (431225000000, '会同县', 3, 431200000000);
INSERT INTO `zz_area_code` VALUES (431226000000, '麻阳苗族自治县', 3, 431200000000);
INSERT INTO `zz_area_code` VALUES (431227000000, '新晃侗族自治县', 3, 431200000000);
INSERT INTO `zz_area_code` VALUES (431228000000, '芷江侗族自治县', 3, 431200000000);
INSERT INTO `zz_area_code` VALUES (431229000000, '靖州苗族侗族自治县', 3, 431200000000);
INSERT INTO `zz_area_code` VALUES (431230000000, '通道侗族自治县', 3, 431200000000);
INSERT INTO `zz_area_code` VALUES (431271000000, '怀化市洪江管理区', 3, 431200000000);
INSERT INTO `zz_area_code` VALUES (431281000000, '洪江市', 3, 431200000000);
INSERT INTO `zz_area_code` VALUES (431300000000, '娄底市', 2, 430000000000);
INSERT INTO `zz_area_code` VALUES (431301000000, '市辖区', 3, 431300000000);
INSERT INTO `zz_area_code` VALUES (431302000000, '娄星区', 3, 431300000000);
INSERT INTO `zz_area_code` VALUES (431321000000, '双峰县', 3, 431300000000);
INSERT INTO `zz_area_code` VALUES (431322000000, '新化县', 3, 431300000000);
INSERT INTO `zz_area_code` VALUES (431381000000, '冷水江市', 3, 431300000000);
INSERT INTO `zz_area_code` VALUES (431382000000, '涟源市', 3, 431300000000);
INSERT INTO `zz_area_code` VALUES (433100000000, '湘西土家族苗族自治州', 2, 430000000000);
INSERT INTO `zz_area_code` VALUES (433101000000, '吉首市', 3, 433100000000);
INSERT INTO `zz_area_code` VALUES (433122000000, '泸溪县', 3, 433100000000);
INSERT INTO `zz_area_code` VALUES (433123000000, '凤凰县', 3, 433100000000);
INSERT INTO `zz_area_code` VALUES (433124000000, '花垣县', 3, 433100000000);
INSERT INTO `zz_area_code` VALUES (433125000000, '保靖县', 3, 433100000000);
INSERT INTO `zz_area_code` VALUES (433126000000, '古丈县', 3, 433100000000);
INSERT INTO `zz_area_code` VALUES (433127000000, '永顺县', 3, 433100000000);
INSERT INTO `zz_area_code` VALUES (433130000000, '龙山县', 3, 433100000000);
INSERT INTO `zz_area_code` VALUES (433172000000, '湖南吉首经济开发区', 3, 433100000000);
INSERT INTO `zz_area_code` VALUES (433173000000, '湖南永顺经济开发区', 3, 433100000000);
INSERT INTO `zz_area_code` VALUES (440000000000, '广东省', 1, NULL);
INSERT INTO `zz_area_code` VALUES (440100000000, '广州市', 2, 440000000000);
INSERT INTO `zz_area_code` VALUES (440101000000, '市辖区', 3, 440100000000);
INSERT INTO `zz_area_code` VALUES (440103000000, '荔湾区', 3, 440100000000);
INSERT INTO `zz_area_code` VALUES (440104000000, '越秀区', 3, 440100000000);
INSERT INTO `zz_area_code` VALUES (440105000000, '海珠区', 3, 440100000000);
INSERT INTO `zz_area_code` VALUES (440106000000, '天河区', 3, 440100000000);
INSERT INTO `zz_area_code` VALUES (440111000000, '白云区', 3, 440100000000);
INSERT INTO `zz_area_code` VALUES (440112000000, '黄埔区', 3, 440100000000);
INSERT INTO `zz_area_code` VALUES (440113000000, '番禺区', 3, 440100000000);
INSERT INTO `zz_area_code` VALUES (440114000000, '花都区', 3, 440100000000);
INSERT INTO `zz_area_code` VALUES (440115000000, '南沙区', 3, 440100000000);
INSERT INTO `zz_area_code` VALUES (440117000000, '从化区', 3, 440100000000);
INSERT INTO `zz_area_code` VALUES (440118000000, '增城区', 3, 440100000000);
INSERT INTO `zz_area_code` VALUES (440200000000, '韶关市', 2, 440000000000);
INSERT INTO `zz_area_code` VALUES (440201000000, '市辖区', 3, 440200000000);
INSERT INTO `zz_area_code` VALUES (440203000000, '武江区', 3, 440200000000);
INSERT INTO `zz_area_code` VALUES (440204000000, '浈江区', 3, 440200000000);
INSERT INTO `zz_area_code` VALUES (440205000000, '曲江区', 3, 440200000000);
INSERT INTO `zz_area_code` VALUES (440222000000, '始兴县', 3, 440200000000);
INSERT INTO `zz_area_code` VALUES (440224000000, '仁化县', 3, 440200000000);
INSERT INTO `zz_area_code` VALUES (440229000000, '翁源县', 3, 440200000000);
INSERT INTO `zz_area_code` VALUES (440232000000, '乳源瑶族自治县', 3, 440200000000);
INSERT INTO `zz_area_code` VALUES (440233000000, '新丰县', 3, 440200000000);
INSERT INTO `zz_area_code` VALUES (440281000000, '乐昌市', 3, 440200000000);
INSERT INTO `zz_area_code` VALUES (440282000000, '南雄市', 3, 440200000000);
INSERT INTO `zz_area_code` VALUES (440300000000, '深圳市', 2, 440000000000);
INSERT INTO `zz_area_code` VALUES (440301000000, '市辖区', 3, 440300000000);
INSERT INTO `zz_area_code` VALUES (440303000000, '罗湖区', 3, 440300000000);
INSERT INTO `zz_area_code` VALUES (440304000000, '福田区', 3, 440300000000);
INSERT INTO `zz_area_code` VALUES (440305000000, '南山区', 3, 440300000000);
INSERT INTO `zz_area_code` VALUES (440306000000, '宝安区', 3, 440300000000);
INSERT INTO `zz_area_code` VALUES (440307000000, '龙岗区', 3, 440300000000);
INSERT INTO `zz_area_code` VALUES (440308000000, '盐田区', 3, 440300000000);
INSERT INTO `zz_area_code` VALUES (440309000000, '龙华区', 3, 440300000000);
INSERT INTO `zz_area_code` VALUES (440310000000, '坪山区', 3, 440300000000);
INSERT INTO `zz_area_code` VALUES (440311000000, '光明区', 3, 440300000000);
INSERT INTO `zz_area_code` VALUES (440400000000, '珠海市', 2, 440000000000);
INSERT INTO `zz_area_code` VALUES (440401000000, '市辖区', 3, 440400000000);
INSERT INTO `zz_area_code` VALUES (440402000000, '香洲区', 3, 440400000000);
INSERT INTO `zz_area_code` VALUES (440403000000, '斗门区', 3, 440400000000);
INSERT INTO `zz_area_code` VALUES (440404000000, '金湾区', 3, 440400000000);
INSERT INTO `zz_area_code` VALUES (440500000000, '汕头市', 2, 440000000000);
INSERT INTO `zz_area_code` VALUES (440501000000, '市辖区', 3, 440500000000);
INSERT INTO `zz_area_code` VALUES (440507000000, '龙湖区', 3, 440500000000);
INSERT INTO `zz_area_code` VALUES (440511000000, '金平区', 3, 440500000000);
INSERT INTO `zz_area_code` VALUES (440512000000, '濠江区', 3, 440500000000);
INSERT INTO `zz_area_code` VALUES (440513000000, '潮阳区', 3, 440500000000);
INSERT INTO `zz_area_code` VALUES (440514000000, '潮南区', 3, 440500000000);
INSERT INTO `zz_area_code` VALUES (440515000000, '澄海区', 3, 440500000000);
INSERT INTO `zz_area_code` VALUES (440523000000, '南澳县', 3, 440500000000);
INSERT INTO `zz_area_code` VALUES (440600000000, '佛山市', 2, 440000000000);
INSERT INTO `zz_area_code` VALUES (440601000000, '市辖区', 3, 440600000000);
INSERT INTO `zz_area_code` VALUES (440604000000, '禅城区', 3, 440600000000);
INSERT INTO `zz_area_code` VALUES (440605000000, '南海区', 3, 440600000000);
INSERT INTO `zz_area_code` VALUES (440606000000, '顺德区', 3, 440600000000);
INSERT INTO `zz_area_code` VALUES (440607000000, '三水区', 3, 440600000000);
INSERT INTO `zz_area_code` VALUES (440608000000, '高明区', 3, 440600000000);
INSERT INTO `zz_area_code` VALUES (440700000000, '江门市', 2, 440000000000);
INSERT INTO `zz_area_code` VALUES (440701000000, '市辖区', 3, 440700000000);
INSERT INTO `zz_area_code` VALUES (440703000000, '蓬江区', 3, 440700000000);
INSERT INTO `zz_area_code` VALUES (440704000000, '江海区', 3, 440700000000);
INSERT INTO `zz_area_code` VALUES (440705000000, '新会区', 3, 440700000000);
INSERT INTO `zz_area_code` VALUES (440781000000, '台山市', 3, 440700000000);
INSERT INTO `zz_area_code` VALUES (440783000000, '开平市', 3, 440700000000);
INSERT INTO `zz_area_code` VALUES (440784000000, '鹤山市', 3, 440700000000);
INSERT INTO `zz_area_code` VALUES (440785000000, '恩平市', 3, 440700000000);
INSERT INTO `zz_area_code` VALUES (440800000000, '湛江市', 2, 440000000000);
INSERT INTO `zz_area_code` VALUES (440801000000, '市辖区', 3, 440800000000);
INSERT INTO `zz_area_code` VALUES (440802000000, '赤坎区', 3, 440800000000);
INSERT INTO `zz_area_code` VALUES (440803000000, '霞山区', 3, 440800000000);
INSERT INTO `zz_area_code` VALUES (440804000000, '坡头区', 3, 440800000000);
INSERT INTO `zz_area_code` VALUES (440811000000, '麻章区', 3, 440800000000);
INSERT INTO `zz_area_code` VALUES (440823000000, '遂溪县', 3, 440800000000);
INSERT INTO `zz_area_code` VALUES (440825000000, '徐闻县', 3, 440800000000);
INSERT INTO `zz_area_code` VALUES (440881000000, '廉江市', 3, 440800000000);
INSERT INTO `zz_area_code` VALUES (440882000000, '雷州市', 3, 440800000000);
INSERT INTO `zz_area_code` VALUES (440883000000, '吴川市', 3, 440800000000);
INSERT INTO `zz_area_code` VALUES (440900000000, '茂名市', 2, 440000000000);
INSERT INTO `zz_area_code` VALUES (440901000000, '市辖区', 3, 440900000000);
INSERT INTO `zz_area_code` VALUES (440902000000, '茂南区', 3, 440900000000);
INSERT INTO `zz_area_code` VALUES (440904000000, '电白区', 3, 440900000000);
INSERT INTO `zz_area_code` VALUES (440981000000, '高州市', 3, 440900000000);
INSERT INTO `zz_area_code` VALUES (440982000000, '化州市', 3, 440900000000);
INSERT INTO `zz_area_code` VALUES (440983000000, '信宜市', 3, 440900000000);
INSERT INTO `zz_area_code` VALUES (441200000000, '肇庆市', 2, 440000000000);
INSERT INTO `zz_area_code` VALUES (441201000000, '市辖区', 3, 441200000000);
INSERT INTO `zz_area_code` VALUES (441202000000, '端州区', 3, 441200000000);
INSERT INTO `zz_area_code` VALUES (441203000000, '鼎湖区', 3, 441200000000);
INSERT INTO `zz_area_code` VALUES (441204000000, '高要区', 3, 441200000000);
INSERT INTO `zz_area_code` VALUES (441223000000, '广宁县', 3, 441200000000);
INSERT INTO `zz_area_code` VALUES (441224000000, '怀集县', 3, 441200000000);
INSERT INTO `zz_area_code` VALUES (441225000000, '封开县', 3, 441200000000);
INSERT INTO `zz_area_code` VALUES (441226000000, '德庆县', 3, 441200000000);
INSERT INTO `zz_area_code` VALUES (441284000000, '四会市', 3, 441200000000);
INSERT INTO `zz_area_code` VALUES (441300000000, '惠州市', 2, 440000000000);
INSERT INTO `zz_area_code` VALUES (441301000000, '市辖区', 3, 441300000000);
INSERT INTO `zz_area_code` VALUES (441302000000, '惠城区', 3, 441300000000);
INSERT INTO `zz_area_code` VALUES (441303000000, '惠阳区', 3, 441300000000);
INSERT INTO `zz_area_code` VALUES (441322000000, '博罗县', 3, 441300000000);
INSERT INTO `zz_area_code` VALUES (441323000000, '惠东县', 3, 441300000000);
INSERT INTO `zz_area_code` VALUES (441324000000, '龙门县', 3, 441300000000);
INSERT INTO `zz_area_code` VALUES (441400000000, '梅州市', 2, 440000000000);
INSERT INTO `zz_area_code` VALUES (441401000000, '市辖区', 3, 441400000000);
INSERT INTO `zz_area_code` VALUES (441402000000, '梅江区', 3, 441400000000);
INSERT INTO `zz_area_code` VALUES (441403000000, '梅县区', 3, 441400000000);
INSERT INTO `zz_area_code` VALUES (441422000000, '大埔县', 3, 441400000000);
INSERT INTO `zz_area_code` VALUES (441423000000, '丰顺县', 3, 441400000000);
INSERT INTO `zz_area_code` VALUES (441424000000, '五华县', 3, 441400000000);
INSERT INTO `zz_area_code` VALUES (441426000000, '平远县', 3, 441400000000);
INSERT INTO `zz_area_code` VALUES (441427000000, '蕉岭县', 3, 441400000000);
INSERT INTO `zz_area_code` VALUES (441481000000, '兴宁市', 3, 441400000000);
INSERT INTO `zz_area_code` VALUES (441500000000, '汕尾市', 2, 440000000000);
INSERT INTO `zz_area_code` VALUES (441501000000, '市辖区', 3, 441500000000);
INSERT INTO `zz_area_code` VALUES (441502000000, '城区', 3, 441500000000);
INSERT INTO `zz_area_code` VALUES (441521000000, '海丰县', 3, 441500000000);
INSERT INTO `zz_area_code` VALUES (441523000000, '陆河县', 3, 441500000000);
INSERT INTO `zz_area_code` VALUES (441581000000, '陆丰市', 3, 441500000000);
INSERT INTO `zz_area_code` VALUES (441600000000, '河源市', 2, 440000000000);
INSERT INTO `zz_area_code` VALUES (441601000000, '市辖区', 3, 441600000000);
INSERT INTO `zz_area_code` VALUES (441602000000, '源城区', 3, 441600000000);
INSERT INTO `zz_area_code` VALUES (441621000000, '紫金县', 3, 441600000000);
INSERT INTO `zz_area_code` VALUES (441622000000, '龙川县', 3, 441600000000);
INSERT INTO `zz_area_code` VALUES (441623000000, '连平县', 3, 441600000000);
INSERT INTO `zz_area_code` VALUES (441624000000, '和平县', 3, 441600000000);
INSERT INTO `zz_area_code` VALUES (441625000000, '东源县', 3, 441600000000);
INSERT INTO `zz_area_code` VALUES (441700000000, '阳江市', 2, 440000000000);
INSERT INTO `zz_area_code` VALUES (441701000000, '市辖区', 3, 441700000000);
INSERT INTO `zz_area_code` VALUES (441702000000, '江城区', 3, 441700000000);
INSERT INTO `zz_area_code` VALUES (441704000000, '阳东区', 3, 441700000000);
INSERT INTO `zz_area_code` VALUES (441721000000, '阳西县', 3, 441700000000);
INSERT INTO `zz_area_code` VALUES (441781000000, '阳春市', 3, 441700000000);
INSERT INTO `zz_area_code` VALUES (441800000000, '清远市', 2, 440000000000);
INSERT INTO `zz_area_code` VALUES (441801000000, '市辖区', 3, 441800000000);
INSERT INTO `zz_area_code` VALUES (441802000000, '清城区', 3, 441800000000);
INSERT INTO `zz_area_code` VALUES (441803000000, '清新区', 3, 441800000000);
INSERT INTO `zz_area_code` VALUES (441821000000, '佛冈县', 3, 441800000000);
INSERT INTO `zz_area_code` VALUES (441823000000, '阳山县', 3, 441800000000);
INSERT INTO `zz_area_code` VALUES (441825000000, '连山壮族瑶族自治县', 3, 441800000000);
INSERT INTO `zz_area_code` VALUES (441826000000, '连南瑶族自治县', 3, 441800000000);
INSERT INTO `zz_area_code` VALUES (441881000000, '英德市', 3, 441800000000);
INSERT INTO `zz_area_code` VALUES (441882000000, '连州市', 3, 441800000000);
INSERT INTO `zz_area_code` VALUES (441900000000, '东莞市', 2, 440000000000);
INSERT INTO `zz_area_code` VALUES (442000000000, '中山市', 2, 440000000000);
INSERT INTO `zz_area_code` VALUES (445100000000, '潮州市', 2, 440000000000);
INSERT INTO `zz_area_code` VALUES (445101000000, '市辖区', 3, 445100000000);
INSERT INTO `zz_area_code` VALUES (445102000000, '湘桥区', 3, 445100000000);
INSERT INTO `zz_area_code` VALUES (445103000000, '潮安区', 3, 445100000000);
INSERT INTO `zz_area_code` VALUES (445122000000, '饶平县', 3, 445100000000);
INSERT INTO `zz_area_code` VALUES (445200000000, '揭阳市', 2, 440000000000);
INSERT INTO `zz_area_code` VALUES (445201000000, '市辖区', 3, 445200000000);
INSERT INTO `zz_area_code` VALUES (445202000000, '榕城区', 3, 445200000000);
INSERT INTO `zz_area_code` VALUES (445203000000, '揭东区', 3, 445200000000);
INSERT INTO `zz_area_code` VALUES (445222000000, '揭西县', 3, 445200000000);
INSERT INTO `zz_area_code` VALUES (445224000000, '惠来县', 3, 445200000000);
INSERT INTO `zz_area_code` VALUES (445281000000, '普宁市', 3, 445200000000);
INSERT INTO `zz_area_code` VALUES (445300000000, '云浮市', 2, 440000000000);
INSERT INTO `zz_area_code` VALUES (445301000000, '市辖区', 3, 445300000000);
INSERT INTO `zz_area_code` VALUES (445302000000, '云城区', 3, 445300000000);
INSERT INTO `zz_area_code` VALUES (445303000000, '云安区', 3, 445300000000);
INSERT INTO `zz_area_code` VALUES (445321000000, '新兴县', 3, 445300000000);
INSERT INTO `zz_area_code` VALUES (445322000000, '郁南县', 3, 445300000000);
INSERT INTO `zz_area_code` VALUES (445381000000, '罗定市', 3, 445300000000);
INSERT INTO `zz_area_code` VALUES (450000000000, '广西壮族自治区', 1, NULL);
INSERT INTO `zz_area_code` VALUES (450100000000, '南宁市', 2, 450000000000);
INSERT INTO `zz_area_code` VALUES (450101000000, '市辖区', 3, 450100000000);
INSERT INTO `zz_area_code` VALUES (450102000000, '兴宁区', 3, 450100000000);
INSERT INTO `zz_area_code` VALUES (450103000000, '青秀区', 3, 450100000000);
INSERT INTO `zz_area_code` VALUES (450105000000, '江南区', 3, 450100000000);
INSERT INTO `zz_area_code` VALUES (450107000000, '西乡塘区', 3, 450100000000);
INSERT INTO `zz_area_code` VALUES (450108000000, '良庆区', 3, 450100000000);
INSERT INTO `zz_area_code` VALUES (450109000000, '邕宁区', 3, 450100000000);
INSERT INTO `zz_area_code` VALUES (450110000000, '武鸣区', 3, 450100000000);
INSERT INTO `zz_area_code` VALUES (450123000000, '隆安县', 3, 450100000000);
INSERT INTO `zz_area_code` VALUES (450124000000, '马山县', 3, 450100000000);
INSERT INTO `zz_area_code` VALUES (450125000000, '上林县', 3, 450100000000);
INSERT INTO `zz_area_code` VALUES (450126000000, '宾阳县', 3, 450100000000);
INSERT INTO `zz_area_code` VALUES (450127000000, '横县', 3, 450100000000);
INSERT INTO `zz_area_code` VALUES (450200000000, '柳州市', 2, 450000000000);
INSERT INTO `zz_area_code` VALUES (450201000000, '市辖区', 3, 450200000000);
INSERT INTO `zz_area_code` VALUES (450202000000, '城中区', 3, 450200000000);
INSERT INTO `zz_area_code` VALUES (450203000000, '鱼峰区', 3, 450200000000);
INSERT INTO `zz_area_code` VALUES (450204000000, '柳南区', 3, 450200000000);
INSERT INTO `zz_area_code` VALUES (450205000000, '柳北区', 3, 450200000000);
INSERT INTO `zz_area_code` VALUES (450206000000, '柳江区', 3, 450200000000);
INSERT INTO `zz_area_code` VALUES (450222000000, '柳城县', 3, 450200000000);
INSERT INTO `zz_area_code` VALUES (450223000000, '鹿寨县', 3, 450200000000);
INSERT INTO `zz_area_code` VALUES (450224000000, '融安县', 3, 450200000000);
INSERT INTO `zz_area_code` VALUES (450225000000, '融水苗族自治县', 3, 450200000000);
INSERT INTO `zz_area_code` VALUES (450226000000, '三江侗族自治县', 3, 450200000000);
INSERT INTO `zz_area_code` VALUES (450300000000, '桂林市', 2, 450000000000);
INSERT INTO `zz_area_code` VALUES (450301000000, '市辖区', 3, 450300000000);
INSERT INTO `zz_area_code` VALUES (450302000000, '秀峰区', 3, 450300000000);
INSERT INTO `zz_area_code` VALUES (450303000000, '叠彩区', 3, 450300000000);
INSERT INTO `zz_area_code` VALUES (450304000000, '象山区', 3, 450300000000);
INSERT INTO `zz_area_code` VALUES (450305000000, '七星区', 3, 450300000000);
INSERT INTO `zz_area_code` VALUES (450311000000, '雁山区', 3, 450300000000);
INSERT INTO `zz_area_code` VALUES (450312000000, '临桂区', 3, 450300000000);
INSERT INTO `zz_area_code` VALUES (450321000000, '阳朔县', 3, 450300000000);
INSERT INTO `zz_area_code` VALUES (450323000000, '灵川县', 3, 450300000000);
INSERT INTO `zz_area_code` VALUES (450324000000, '全州县', 3, 450300000000);
INSERT INTO `zz_area_code` VALUES (450325000000, '兴安县', 3, 450300000000);
INSERT INTO `zz_area_code` VALUES (450326000000, '永福县', 3, 450300000000);
INSERT INTO `zz_area_code` VALUES (450327000000, '灌阳县', 3, 450300000000);
INSERT INTO `zz_area_code` VALUES (450328000000, '龙胜各族自治县', 3, 450300000000);
INSERT INTO `zz_area_code` VALUES (450329000000, '资源县', 3, 450300000000);
INSERT INTO `zz_area_code` VALUES (450330000000, '平乐县', 3, 450300000000);
INSERT INTO `zz_area_code` VALUES (450332000000, '恭城瑶族自治县', 3, 450300000000);
INSERT INTO `zz_area_code` VALUES (450381000000, '荔浦市', 3, 450300000000);
INSERT INTO `zz_area_code` VALUES (450400000000, '梧州市', 2, 450000000000);
INSERT INTO `zz_area_code` VALUES (450401000000, '市辖区', 3, 450400000000);
INSERT INTO `zz_area_code` VALUES (450403000000, '万秀区', 3, 450400000000);
INSERT INTO `zz_area_code` VALUES (450405000000, '长洲区', 3, 450400000000);
INSERT INTO `zz_area_code` VALUES (450406000000, '龙圩区', 3, 450400000000);
INSERT INTO `zz_area_code` VALUES (450421000000, '苍梧县', 3, 450400000000);
INSERT INTO `zz_area_code` VALUES (450422000000, '藤县', 3, 450400000000);
INSERT INTO `zz_area_code` VALUES (450423000000, '蒙山县', 3, 450400000000);
INSERT INTO `zz_area_code` VALUES (450481000000, '岑溪市', 3, 450400000000);
INSERT INTO `zz_area_code` VALUES (450500000000, '北海市', 2, 450000000000);
INSERT INTO `zz_area_code` VALUES (450501000000, '市辖区', 3, 450500000000);
INSERT INTO `zz_area_code` VALUES (450502000000, '海城区', 3, 450500000000);
INSERT INTO `zz_area_code` VALUES (450503000000, '银海区', 3, 450500000000);
INSERT INTO `zz_area_code` VALUES (450512000000, '铁山港区', 3, 450500000000);
INSERT INTO `zz_area_code` VALUES (450521000000, '合浦县', 3, 450500000000);
INSERT INTO `zz_area_code` VALUES (450600000000, '防城港市', 2, 450000000000);
INSERT INTO `zz_area_code` VALUES (450601000000, '市辖区', 3, 450600000000);
INSERT INTO `zz_area_code` VALUES (450602000000, '港口区', 3, 450600000000);
INSERT INTO `zz_area_code` VALUES (450603000000, '防城区', 3, 450600000000);
INSERT INTO `zz_area_code` VALUES (450621000000, '上思县', 3, 450600000000);
INSERT INTO `zz_area_code` VALUES (450681000000, '东兴市', 3, 450600000000);
INSERT INTO `zz_area_code` VALUES (450700000000, '钦州市', 2, 450000000000);
INSERT INTO `zz_area_code` VALUES (450701000000, '市辖区', 3, 450700000000);
INSERT INTO `zz_area_code` VALUES (450702000000, '钦南区', 3, 450700000000);
INSERT INTO `zz_area_code` VALUES (450703000000, '钦北区', 3, 450700000000);
INSERT INTO `zz_area_code` VALUES (450721000000, '灵山县', 3, 450700000000);
INSERT INTO `zz_area_code` VALUES (450722000000, '浦北县', 3, 450700000000);
INSERT INTO `zz_area_code` VALUES (450800000000, '贵港市', 2, 450000000000);
INSERT INTO `zz_area_code` VALUES (450801000000, '市辖区', 3, 450800000000);
INSERT INTO `zz_area_code` VALUES (450802000000, '港北区', 3, 450800000000);
INSERT INTO `zz_area_code` VALUES (450803000000, '港南区', 3, 450800000000);
INSERT INTO `zz_area_code` VALUES (450804000000, '覃塘区', 3, 450800000000);
INSERT INTO `zz_area_code` VALUES (450821000000, '平南县', 3, 450800000000);
INSERT INTO `zz_area_code` VALUES (450881000000, '桂平市', 3, 450800000000);
INSERT INTO `zz_area_code` VALUES (450900000000, '玉林市', 2, 450000000000);
INSERT INTO `zz_area_code` VALUES (450901000000, '市辖区', 3, 450900000000);
INSERT INTO `zz_area_code` VALUES (450902000000, '玉州区', 3, 450900000000);
INSERT INTO `zz_area_code` VALUES (450903000000, '福绵区', 3, 450900000000);
INSERT INTO `zz_area_code` VALUES (450921000000, '容县', 3, 450900000000);
INSERT INTO `zz_area_code` VALUES (450922000000, '陆川县', 3, 450900000000);
INSERT INTO `zz_area_code` VALUES (450923000000, '博白县', 3, 450900000000);
INSERT INTO `zz_area_code` VALUES (450924000000, '兴业县', 3, 450900000000);
INSERT INTO `zz_area_code` VALUES (450981000000, '北流市', 3, 450900000000);
INSERT INTO `zz_area_code` VALUES (451000000000, '百色市', 2, 450000000000);
INSERT INTO `zz_area_code` VALUES (451001000000, '市辖区', 3, 451000000000);
INSERT INTO `zz_area_code` VALUES (451002000000, '右江区', 3, 451000000000);
INSERT INTO `zz_area_code` VALUES (451021000000, '田阳县', 3, 451000000000);
INSERT INTO `zz_area_code` VALUES (451022000000, '田东县', 3, 451000000000);
INSERT INTO `zz_area_code` VALUES (451023000000, '平果县', 3, 451000000000);
INSERT INTO `zz_area_code` VALUES (451024000000, '德保县', 3, 451000000000);
INSERT INTO `zz_area_code` VALUES (451026000000, '那坡县', 3, 451000000000);
INSERT INTO `zz_area_code` VALUES (451027000000, '凌云县', 3, 451000000000);
INSERT INTO `zz_area_code` VALUES (451028000000, '乐业县', 3, 451000000000);
INSERT INTO `zz_area_code` VALUES (451029000000, '田林县', 3, 451000000000);
INSERT INTO `zz_area_code` VALUES (451030000000, '西林县', 3, 451000000000);
INSERT INTO `zz_area_code` VALUES (451031000000, '隆林各族自治县', 3, 451000000000);
INSERT INTO `zz_area_code` VALUES (451081000000, '靖西市', 3, 451000000000);
INSERT INTO `zz_area_code` VALUES (451100000000, '贺州市', 2, 450000000000);
INSERT INTO `zz_area_code` VALUES (451101000000, '市辖区', 3, 451100000000);
INSERT INTO `zz_area_code` VALUES (451102000000, '八步区', 3, 451100000000);
INSERT INTO `zz_area_code` VALUES (451103000000, '平桂区', 3, 451100000000);
INSERT INTO `zz_area_code` VALUES (451121000000, '昭平县', 3, 451100000000);
INSERT INTO `zz_area_code` VALUES (451122000000, '钟山县', 3, 451100000000);
INSERT INTO `zz_area_code` VALUES (451123000000, '富川瑶族自治县', 3, 451100000000);
INSERT INTO `zz_area_code` VALUES (451200000000, '河池市', 2, 450000000000);
INSERT INTO `zz_area_code` VALUES (451201000000, '市辖区', 3, 451200000000);
INSERT INTO `zz_area_code` VALUES (451202000000, '金城江区', 3, 451200000000);
INSERT INTO `zz_area_code` VALUES (451203000000, '宜州区', 3, 451200000000);
INSERT INTO `zz_area_code` VALUES (451221000000, '南丹县', 3, 451200000000);
INSERT INTO `zz_area_code` VALUES (451222000000, '天峨县', 3, 451200000000);
INSERT INTO `zz_area_code` VALUES (451223000000, '凤山县', 3, 451200000000);
INSERT INTO `zz_area_code` VALUES (451224000000, '东兰县', 3, 451200000000);
INSERT INTO `zz_area_code` VALUES (451225000000, '罗城仫佬族自治县', 3, 451200000000);
INSERT INTO `zz_area_code` VALUES (451226000000, '环江毛南族自治县', 3, 451200000000);
INSERT INTO `zz_area_code` VALUES (451227000000, '巴马瑶族自治县', 3, 451200000000);
INSERT INTO `zz_area_code` VALUES (451228000000, '都安瑶族自治县', 3, 451200000000);
INSERT INTO `zz_area_code` VALUES (451229000000, '大化瑶族自治县', 3, 451200000000);
INSERT INTO `zz_area_code` VALUES (451300000000, '来宾市', 2, 450000000000);
INSERT INTO `zz_area_code` VALUES (451301000000, '市辖区', 3, 451300000000);
INSERT INTO `zz_area_code` VALUES (451302000000, '兴宾区', 3, 451300000000);
INSERT INTO `zz_area_code` VALUES (451321000000, '忻城县', 3, 451300000000);
INSERT INTO `zz_area_code` VALUES (451322000000, '象州县', 3, 451300000000);
INSERT INTO `zz_area_code` VALUES (451323000000, '武宣县', 3, 451300000000);
INSERT INTO `zz_area_code` VALUES (451324000000, '金秀瑶族自治县', 3, 451300000000);
INSERT INTO `zz_area_code` VALUES (451381000000, '合山市', 3, 451300000000);
INSERT INTO `zz_area_code` VALUES (451400000000, '崇左市', 2, 450000000000);
INSERT INTO `zz_area_code` VALUES (451401000000, '市辖区', 3, 451400000000);
INSERT INTO `zz_area_code` VALUES (451402000000, '江州区', 3, 451400000000);
INSERT INTO `zz_area_code` VALUES (451421000000, '扶绥县', 3, 451400000000);
INSERT INTO `zz_area_code` VALUES (451422000000, '宁明县', 3, 451400000000);
INSERT INTO `zz_area_code` VALUES (451423000000, '龙州县', 3, 451400000000);
INSERT INTO `zz_area_code` VALUES (451424000000, '大新县', 3, 451400000000);
INSERT INTO `zz_area_code` VALUES (451425000000, '天等县', 3, 451400000000);
INSERT INTO `zz_area_code` VALUES (451481000000, '凭祥市', 3, 451400000000);
INSERT INTO `zz_area_code` VALUES (460000000000, '海南省', 1, NULL);
INSERT INTO `zz_area_code` VALUES (460100000000, '海口市', 2, 460000000000);
INSERT INTO `zz_area_code` VALUES (460101000000, '市辖区', 3, 460100000000);
INSERT INTO `zz_area_code` VALUES (460105000000, '秀英区', 3, 460100000000);
INSERT INTO `zz_area_code` VALUES (460106000000, '龙华区', 3, 460100000000);
INSERT INTO `zz_area_code` VALUES (460107000000, '琼山区', 3, 460100000000);
INSERT INTO `zz_area_code` VALUES (460108000000, '美兰区', 3, 460100000000);
INSERT INTO `zz_area_code` VALUES (460200000000, '三亚市', 2, 460000000000);
INSERT INTO `zz_area_code` VALUES (460201000000, '市辖区', 3, 460200000000);
INSERT INTO `zz_area_code` VALUES (460202000000, '海棠区', 3, 460200000000);
INSERT INTO `zz_area_code` VALUES (460203000000, '吉阳区', 3, 460200000000);
INSERT INTO `zz_area_code` VALUES (460204000000, '天涯区', 3, 460200000000);
INSERT INTO `zz_area_code` VALUES (460205000000, '崖州区', 3, 460200000000);
INSERT INTO `zz_area_code` VALUES (460300000000, '三沙市', 2, 460000000000);
INSERT INTO `zz_area_code` VALUES (460321000000, '西沙群岛', 3, 460300000000);
INSERT INTO `zz_area_code` VALUES (460322000000, '南沙群岛', 3, 460300000000);
INSERT INTO `zz_area_code` VALUES (460323000000, '中沙群岛的岛礁及其海域', 3, 460300000000);
INSERT INTO `zz_area_code` VALUES (460400000000, '儋州市', 2, 460000000000);
INSERT INTO `zz_area_code` VALUES (469000000000, '省直辖县级行政区划', 2, 460000000000);
INSERT INTO `zz_area_code` VALUES (469001000000, '五指山市', 3, 469000000000);
INSERT INTO `zz_area_code` VALUES (469002000000, '琼海市', 3, 469000000000);
INSERT INTO `zz_area_code` VALUES (469005000000, '文昌市', 3, 469000000000);
INSERT INTO `zz_area_code` VALUES (469006000000, '万宁市', 3, 469000000000);
INSERT INTO `zz_area_code` VALUES (469007000000, '东方市', 3, 469000000000);
INSERT INTO `zz_area_code` VALUES (469021000000, '定安县', 3, 469000000000);
INSERT INTO `zz_area_code` VALUES (469022000000, '屯昌县', 3, 469000000000);
INSERT INTO `zz_area_code` VALUES (469023000000, '澄迈县', 3, 469000000000);
INSERT INTO `zz_area_code` VALUES (469024000000, '临高县', 3, 469000000000);
INSERT INTO `zz_area_code` VALUES (469025000000, '白沙黎族自治县', 3, 469000000000);
INSERT INTO `zz_area_code` VALUES (469026000000, '昌江黎族自治县', 3, 469000000000);
INSERT INTO `zz_area_code` VALUES (469027000000, '乐东黎族自治县', 3, 469000000000);
INSERT INTO `zz_area_code` VALUES (469028000000, '陵水黎族自治县', 3, 469000000000);
INSERT INTO `zz_area_code` VALUES (469029000000, '保亭黎族苗族自治县', 3, 469000000000);
INSERT INTO `zz_area_code` VALUES (469030000000, '琼中黎族苗族自治县', 3, 469000000000);
INSERT INTO `zz_area_code` VALUES (500000000000, '重庆市', 1, NULL);
INSERT INTO `zz_area_code` VALUES (500100000000, '市辖区', 2, 500000000000);
INSERT INTO `zz_area_code` VALUES (500101000000, '万州区', 3, 500100000000);
INSERT INTO `zz_area_code` VALUES (500102000000, '涪陵区', 3, 500100000000);
INSERT INTO `zz_area_code` VALUES (500103000000, '渝中区', 3, 500100000000);
INSERT INTO `zz_area_code` VALUES (500104000000, '大渡口区', 3, 500100000000);
INSERT INTO `zz_area_code` VALUES (500105000000, '江北区', 3, 500100000000);
INSERT INTO `zz_area_code` VALUES (500106000000, '沙坪坝区', 3, 500100000000);
INSERT INTO `zz_area_code` VALUES (500107000000, '九龙坡区', 3, 500100000000);
INSERT INTO `zz_area_code` VALUES (500108000000, '南岸区', 3, 500100000000);
INSERT INTO `zz_area_code` VALUES (500109000000, '北碚区', 3, 500100000000);
INSERT INTO `zz_area_code` VALUES (500110000000, '綦江区', 3, 500100000000);
INSERT INTO `zz_area_code` VALUES (500111000000, '大足区', 3, 500100000000);
INSERT INTO `zz_area_code` VALUES (500112000000, '渝北区', 3, 500100000000);
INSERT INTO `zz_area_code` VALUES (500113000000, '巴南区', 3, 500100000000);
INSERT INTO `zz_area_code` VALUES (500114000000, '黔江区', 3, 500100000000);
INSERT INTO `zz_area_code` VALUES (500115000000, '长寿区', 3, 500100000000);
INSERT INTO `zz_area_code` VALUES (500116000000, '江津区', 3, 500100000000);
INSERT INTO `zz_area_code` VALUES (500117000000, '合川区', 3, 500100000000);
INSERT INTO `zz_area_code` VALUES (500118000000, '永川区', 3, 500100000000);
INSERT INTO `zz_area_code` VALUES (500119000000, '南川区', 3, 500100000000);
INSERT INTO `zz_area_code` VALUES (500120000000, '璧山区', 3, 500100000000);
INSERT INTO `zz_area_code` VALUES (500151000000, '铜梁区', 3, 500100000000);
INSERT INTO `zz_area_code` VALUES (500152000000, '潼南区', 3, 500100000000);
INSERT INTO `zz_area_code` VALUES (500153000000, '荣昌区', 3, 500100000000);
INSERT INTO `zz_area_code` VALUES (500154000000, '开州区', 3, 500100000000);
INSERT INTO `zz_area_code` VALUES (500155000000, '梁平区', 3, 500100000000);
INSERT INTO `zz_area_code` VALUES (500156000000, '武隆区', 3, 500100000000);
INSERT INTO `zz_area_code` VALUES (500200000000, '县', 2, 500000000000);
INSERT INTO `zz_area_code` VALUES (500229000000, '城口县', 3, 500200000000);
INSERT INTO `zz_area_code` VALUES (500230000000, '丰都县', 3, 500200000000);
INSERT INTO `zz_area_code` VALUES (500231000000, '垫江县', 3, 500200000000);
INSERT INTO `zz_area_code` VALUES (500233000000, '忠县', 3, 500200000000);
INSERT INTO `zz_area_code` VALUES (500235000000, '云阳县', 3, 500200000000);
INSERT INTO `zz_area_code` VALUES (500236000000, '奉节县', 3, 500200000000);
INSERT INTO `zz_area_code` VALUES (500237000000, '巫山县', 3, 500200000000);
INSERT INTO `zz_area_code` VALUES (500238000000, '巫溪县', 3, 500200000000);
INSERT INTO `zz_area_code` VALUES (500240000000, '石柱土家族自治县', 3, 500200000000);
INSERT INTO `zz_area_code` VALUES (500241000000, '秀山土家族苗族自治县', 3, 500200000000);
INSERT INTO `zz_area_code` VALUES (500242000000, '酉阳土家族苗族自治县', 3, 500200000000);
INSERT INTO `zz_area_code` VALUES (500243000000, '彭水苗族土家族自治县', 3, 500200000000);
INSERT INTO `zz_area_code` VALUES (510000000000, '四川省', 1, NULL);
INSERT INTO `zz_area_code` VALUES (510100000000, '成都市', 2, 510000000000);
INSERT INTO `zz_area_code` VALUES (510101000000, '市辖区', 3, 510100000000);
INSERT INTO `zz_area_code` VALUES (510104000000, '锦江区', 3, 510100000000);
INSERT INTO `zz_area_code` VALUES (510105000000, '青羊区', 3, 510100000000);
INSERT INTO `zz_area_code` VALUES (510106000000, '金牛区', 3, 510100000000);
INSERT INTO `zz_area_code` VALUES (510107000000, '武侯区', 3, 510100000000);
INSERT INTO `zz_area_code` VALUES (510108000000, '成华区', 3, 510100000000);
INSERT INTO `zz_area_code` VALUES (510112000000, '龙泉驿区', 3, 510100000000);
INSERT INTO `zz_area_code` VALUES (510113000000, '青白江区', 3, 510100000000);
INSERT INTO `zz_area_code` VALUES (510114000000, '新都区', 3, 510100000000);
INSERT INTO `zz_area_code` VALUES (510115000000, '温江区', 3, 510100000000);
INSERT INTO `zz_area_code` VALUES (510116000000, '双流区', 3, 510100000000);
INSERT INTO `zz_area_code` VALUES (510117000000, '郫都区', 3, 510100000000);
INSERT INTO `zz_area_code` VALUES (510121000000, '金堂县', 3, 510100000000);
INSERT INTO `zz_area_code` VALUES (510129000000, '大邑县', 3, 510100000000);
INSERT INTO `zz_area_code` VALUES (510131000000, '蒲江县', 3, 510100000000);
INSERT INTO `zz_area_code` VALUES (510132000000, '新津县', 3, 510100000000);
INSERT INTO `zz_area_code` VALUES (510181000000, '都江堰市', 3, 510100000000);
INSERT INTO `zz_area_code` VALUES (510182000000, '彭州市', 3, 510100000000);
INSERT INTO `zz_area_code` VALUES (510183000000, '邛崃市', 3, 510100000000);
INSERT INTO `zz_area_code` VALUES (510184000000, '崇州市', 3, 510100000000);
INSERT INTO `zz_area_code` VALUES (510185000000, '简阳市', 3, 510100000000);
INSERT INTO `zz_area_code` VALUES (510300000000, '自贡市', 2, 510000000000);
INSERT INTO `zz_area_code` VALUES (510301000000, '市辖区', 3, 510300000000);
INSERT INTO `zz_area_code` VALUES (510302000000, '自流井区', 3, 510300000000);
INSERT INTO `zz_area_code` VALUES (510303000000, '贡井区', 3, 510300000000);
INSERT INTO `zz_area_code` VALUES (510304000000, '大安区', 3, 510300000000);
INSERT INTO `zz_area_code` VALUES (510311000000, '沿滩区', 3, 510300000000);
INSERT INTO `zz_area_code` VALUES (510321000000, '荣县', 3, 510300000000);
INSERT INTO `zz_area_code` VALUES (510322000000, '富顺县', 3, 510300000000);
INSERT INTO `zz_area_code` VALUES (510400000000, '攀枝花市', 2, 510000000000);
INSERT INTO `zz_area_code` VALUES (510401000000, '市辖区', 3, 510400000000);
INSERT INTO `zz_area_code` VALUES (510402000000, '东区', 3, 510400000000);
INSERT INTO `zz_area_code` VALUES (510403000000, '西区', 3, 510400000000);
INSERT INTO `zz_area_code` VALUES (510411000000, '仁和区', 3, 510400000000);
INSERT INTO `zz_area_code` VALUES (510421000000, '米易县', 3, 510400000000);
INSERT INTO `zz_area_code` VALUES (510422000000, '盐边县', 3, 510400000000);
INSERT INTO `zz_area_code` VALUES (510500000000, '泸州市', 2, 510000000000);
INSERT INTO `zz_area_code` VALUES (510501000000, '市辖区', 3, 510500000000);
INSERT INTO `zz_area_code` VALUES (510502000000, '江阳区', 3, 510500000000);
INSERT INTO `zz_area_code` VALUES (510503000000, '纳溪区', 3, 510500000000);
INSERT INTO `zz_area_code` VALUES (510504000000, '龙马潭区', 3, 510500000000);
INSERT INTO `zz_area_code` VALUES (510521000000, '泸县', 3, 510500000000);
INSERT INTO `zz_area_code` VALUES (510522000000, '合江县', 3, 510500000000);
INSERT INTO `zz_area_code` VALUES (510524000000, '叙永县', 3, 510500000000);
INSERT INTO `zz_area_code` VALUES (510525000000, '古蔺县', 3, 510500000000);
INSERT INTO `zz_area_code` VALUES (510600000000, '德阳市', 2, 510000000000);
INSERT INTO `zz_area_code` VALUES (510601000000, '市辖区', 3, 510600000000);
INSERT INTO `zz_area_code` VALUES (510603000000, '旌阳区', 3, 510600000000);
INSERT INTO `zz_area_code` VALUES (510604000000, '罗江区', 3, 510600000000);
INSERT INTO `zz_area_code` VALUES (510623000000, '中江县', 3, 510600000000);
INSERT INTO `zz_area_code` VALUES (510681000000, '广汉市', 3, 510600000000);
INSERT INTO `zz_area_code` VALUES (510682000000, '什邡市', 3, 510600000000);
INSERT INTO `zz_area_code` VALUES (510683000000, '绵竹市', 3, 510600000000);
INSERT INTO `zz_area_code` VALUES (510700000000, '绵阳市', 2, 510000000000);
INSERT INTO `zz_area_code` VALUES (510701000000, '市辖区', 3, 510700000000);
INSERT INTO `zz_area_code` VALUES (510703000000, '涪城区', 3, 510700000000);
INSERT INTO `zz_area_code` VALUES (510704000000, '游仙区', 3, 510700000000);
INSERT INTO `zz_area_code` VALUES (510705000000, '安州区', 3, 510700000000);
INSERT INTO `zz_area_code` VALUES (510722000000, '三台县', 3, 510700000000);
INSERT INTO `zz_area_code` VALUES (510723000000, '盐亭县', 3, 510700000000);
INSERT INTO `zz_area_code` VALUES (510725000000, '梓潼县', 3, 510700000000);
INSERT INTO `zz_area_code` VALUES (510726000000, '北川羌族自治县', 3, 510700000000);
INSERT INTO `zz_area_code` VALUES (510727000000, '平武县', 3, 510700000000);
INSERT INTO `zz_area_code` VALUES (510781000000, '江油市', 3, 510700000000);
INSERT INTO `zz_area_code` VALUES (510800000000, '广元市', 2, 510000000000);
INSERT INTO `zz_area_code` VALUES (510801000000, '市辖区', 3, 510800000000);
INSERT INTO `zz_area_code` VALUES (510802000000, '利州区', 3, 510800000000);
INSERT INTO `zz_area_code` VALUES (510811000000, '昭化区', 3, 510800000000);
INSERT INTO `zz_area_code` VALUES (510812000000, '朝天区', 3, 510800000000);
INSERT INTO `zz_area_code` VALUES (510821000000, '旺苍县', 3, 510800000000);
INSERT INTO `zz_area_code` VALUES (510822000000, '青川县', 3, 510800000000);
INSERT INTO `zz_area_code` VALUES (510823000000, '剑阁县', 3, 510800000000);
INSERT INTO `zz_area_code` VALUES (510824000000, '苍溪县', 3, 510800000000);
INSERT INTO `zz_area_code` VALUES (510900000000, '遂宁市', 2, 510000000000);
INSERT INTO `zz_area_code` VALUES (510901000000, '市辖区', 3, 510900000000);
INSERT INTO `zz_area_code` VALUES (510903000000, '船山区', 3, 510900000000);
INSERT INTO `zz_area_code` VALUES (510904000000, '安居区', 3, 510900000000);
INSERT INTO `zz_area_code` VALUES (510921000000, '蓬溪县', 3, 510900000000);
INSERT INTO `zz_area_code` VALUES (510922000000, '射洪县', 3, 510900000000);
INSERT INTO `zz_area_code` VALUES (510923000000, '大英县', 3, 510900000000);
INSERT INTO `zz_area_code` VALUES (511000000000, '内江市', 2, 510000000000);
INSERT INTO `zz_area_code` VALUES (511001000000, '市辖区', 3, 511000000000);
INSERT INTO `zz_area_code` VALUES (511002000000, '市中区', 3, 511000000000);
INSERT INTO `zz_area_code` VALUES (511011000000, '东兴区', 3, 511000000000);
INSERT INTO `zz_area_code` VALUES (511024000000, '威远县', 3, 511000000000);
INSERT INTO `zz_area_code` VALUES (511025000000, '资中县', 3, 511000000000);
INSERT INTO `zz_area_code` VALUES (511071000000, '内江经济开发区', 3, 511000000000);
INSERT INTO `zz_area_code` VALUES (511083000000, '隆昌市', 3, 511000000000);
INSERT INTO `zz_area_code` VALUES (511100000000, '乐山市', 2, 510000000000);
INSERT INTO `zz_area_code` VALUES (511101000000, '市辖区', 3, 511100000000);
INSERT INTO `zz_area_code` VALUES (511102000000, '市中区', 3, 511100000000);
INSERT INTO `zz_area_code` VALUES (511111000000, '沙湾区', 3, 511100000000);
INSERT INTO `zz_area_code` VALUES (511112000000, '五通桥区', 3, 511100000000);
INSERT INTO `zz_area_code` VALUES (511113000000, '金口河区', 3, 511100000000);
INSERT INTO `zz_area_code` VALUES (511123000000, '犍为县', 3, 511100000000);
INSERT INTO `zz_area_code` VALUES (511124000000, '井研县', 3, 511100000000);
INSERT INTO `zz_area_code` VALUES (511126000000, '夹江县', 3, 511100000000);
INSERT INTO `zz_area_code` VALUES (511129000000, '沐川县', 3, 511100000000);
INSERT INTO `zz_area_code` VALUES (511132000000, '峨边彝族自治县', 3, 511100000000);
INSERT INTO `zz_area_code` VALUES (511133000000, '马边彝族自治县', 3, 511100000000);
INSERT INTO `zz_area_code` VALUES (511181000000, '峨眉山市', 3, 511100000000);
INSERT INTO `zz_area_code` VALUES (511300000000, '南充市', 2, 510000000000);
INSERT INTO `zz_area_code` VALUES (511301000000, '市辖区', 3, 511300000000);
INSERT INTO `zz_area_code` VALUES (511302000000, '顺庆区', 3, 511300000000);
INSERT INTO `zz_area_code` VALUES (511303000000, '高坪区', 3, 511300000000);
INSERT INTO `zz_area_code` VALUES (511304000000, '嘉陵区', 3, 511300000000);
INSERT INTO `zz_area_code` VALUES (511321000000, '南部县', 3, 511300000000);
INSERT INTO `zz_area_code` VALUES (511322000000, '营山县', 3, 511300000000);
INSERT INTO `zz_area_code` VALUES (511323000000, '蓬安县', 3, 511300000000);
INSERT INTO `zz_area_code` VALUES (511324000000, '仪陇县', 3, 511300000000);
INSERT INTO `zz_area_code` VALUES (511325000000, '西充县', 3, 511300000000);
INSERT INTO `zz_area_code` VALUES (511381000000, '阆中市', 3, 511300000000);
INSERT INTO `zz_area_code` VALUES (511400000000, '眉山市', 2, 510000000000);
INSERT INTO `zz_area_code` VALUES (511401000000, '市辖区', 3, 511400000000);
INSERT INTO `zz_area_code` VALUES (511402000000, '东坡区', 3, 511400000000);
INSERT INTO `zz_area_code` VALUES (511403000000, '彭山区', 3, 511400000000);
INSERT INTO `zz_area_code` VALUES (511421000000, '仁寿县', 3, 511400000000);
INSERT INTO `zz_area_code` VALUES (511423000000, '洪雅县', 3, 511400000000);
INSERT INTO `zz_area_code` VALUES (511424000000, '丹棱县', 3, 511400000000);
INSERT INTO `zz_area_code` VALUES (511425000000, '青神县', 3, 511400000000);
INSERT INTO `zz_area_code` VALUES (511500000000, '宜宾市', 2, 510000000000);
INSERT INTO `zz_area_code` VALUES (511501000000, '市辖区', 3, 511500000000);
INSERT INTO `zz_area_code` VALUES (511502000000, '翠屏区', 3, 511500000000);
INSERT INTO `zz_area_code` VALUES (511503000000, '南溪区', 3, 511500000000);
INSERT INTO `zz_area_code` VALUES (511504000000, '叙州区', 3, 511500000000);
INSERT INTO `zz_area_code` VALUES (511523000000, '江安县', 3, 511500000000);
INSERT INTO `zz_area_code` VALUES (511524000000, '长宁县', 3, 511500000000);
INSERT INTO `zz_area_code` VALUES (511525000000, '高县', 3, 511500000000);
INSERT INTO `zz_area_code` VALUES (511526000000, '珙县', 3, 511500000000);
INSERT INTO `zz_area_code` VALUES (511527000000, '筠连县', 3, 511500000000);
INSERT INTO `zz_area_code` VALUES (511528000000, '兴文县', 3, 511500000000);
INSERT INTO `zz_area_code` VALUES (511529000000, '屏山县', 3, 511500000000);
INSERT INTO `zz_area_code` VALUES (511600000000, '广安市', 2, 510000000000);
INSERT INTO `zz_area_code` VALUES (511601000000, '市辖区', 3, 511600000000);
INSERT INTO `zz_area_code` VALUES (511602000000, '广安区', 3, 511600000000);
INSERT INTO `zz_area_code` VALUES (511603000000, '前锋区', 3, 511600000000);
INSERT INTO `zz_area_code` VALUES (511621000000, '岳池县', 3, 511600000000);
INSERT INTO `zz_area_code` VALUES (511622000000, '武胜县', 3, 511600000000);
INSERT INTO `zz_area_code` VALUES (511623000000, '邻水县', 3, 511600000000);
INSERT INTO `zz_area_code` VALUES (511681000000, '华蓥市', 3, 511600000000);
INSERT INTO `zz_area_code` VALUES (511700000000, '达州市', 2, 510000000000);
INSERT INTO `zz_area_code` VALUES (511701000000, '市辖区', 3, 511700000000);
INSERT INTO `zz_area_code` VALUES (511702000000, '通川区', 3, 511700000000);
INSERT INTO `zz_area_code` VALUES (511703000000, '达川区', 3, 511700000000);
INSERT INTO `zz_area_code` VALUES (511722000000, '宣汉县', 3, 511700000000);
INSERT INTO `zz_area_code` VALUES (511723000000, '开江县', 3, 511700000000);
INSERT INTO `zz_area_code` VALUES (511724000000, '大竹县', 3, 511700000000);
INSERT INTO `zz_area_code` VALUES (511725000000, '渠县', 3, 511700000000);
INSERT INTO `zz_area_code` VALUES (511771000000, '达州经济开发区', 3, 511700000000);
INSERT INTO `zz_area_code` VALUES (511781000000, '万源市', 3, 511700000000);
INSERT INTO `zz_area_code` VALUES (511800000000, '雅安市', 2, 510000000000);
INSERT INTO `zz_area_code` VALUES (511801000000, '市辖区', 3, 511800000000);
INSERT INTO `zz_area_code` VALUES (511802000000, '雨城区', 3, 511800000000);
INSERT INTO `zz_area_code` VALUES (511803000000, '名山区', 3, 511800000000);
INSERT INTO `zz_area_code` VALUES (511822000000, '荥经县', 3, 511800000000);
INSERT INTO `zz_area_code` VALUES (511823000000, '汉源县', 3, 511800000000);
INSERT INTO `zz_area_code` VALUES (511824000000, '石棉县', 3, 511800000000);
INSERT INTO `zz_area_code` VALUES (511825000000, '天全县', 3, 511800000000);
INSERT INTO `zz_area_code` VALUES (511826000000, '芦山县', 3, 511800000000);
INSERT INTO `zz_area_code` VALUES (511827000000, '宝兴县', 3, 511800000000);
INSERT INTO `zz_area_code` VALUES (511900000000, '巴中市', 2, 510000000000);
INSERT INTO `zz_area_code` VALUES (511901000000, '市辖区', 3, 511900000000);
INSERT INTO `zz_area_code` VALUES (511902000000, '巴州区', 3, 511900000000);
INSERT INTO `zz_area_code` VALUES (511903000000, '恩阳区', 3, 511900000000);
INSERT INTO `zz_area_code` VALUES (511921000000, '通江县', 3, 511900000000);
INSERT INTO `zz_area_code` VALUES (511922000000, '南江县', 3, 511900000000);
INSERT INTO `zz_area_code` VALUES (511923000000, '平昌县', 3, 511900000000);
INSERT INTO `zz_area_code` VALUES (511971000000, '巴中经济开发区', 3, 511900000000);
INSERT INTO `zz_area_code` VALUES (512000000000, '资阳市', 2, 510000000000);
INSERT INTO `zz_area_code` VALUES (512001000000, '市辖区', 3, 512000000000);
INSERT INTO `zz_area_code` VALUES (512002000000, '雁江区', 3, 512000000000);
INSERT INTO `zz_area_code` VALUES (512021000000, '安岳县', 3, 512000000000);
INSERT INTO `zz_area_code` VALUES (512022000000, '乐至县', 3, 512000000000);
INSERT INTO `zz_area_code` VALUES (513200000000, '阿坝藏族羌族自治州', 2, 510000000000);
INSERT INTO `zz_area_code` VALUES (513201000000, '马尔康市', 3, 513200000000);
INSERT INTO `zz_area_code` VALUES (513221000000, '汶川县', 3, 513200000000);
INSERT INTO `zz_area_code` VALUES (513222000000, '理县', 3, 513200000000);
INSERT INTO `zz_area_code` VALUES (513223000000, '茂县', 3, 513200000000);
INSERT INTO `zz_area_code` VALUES (513224000000, '松潘县', 3, 513200000000);
INSERT INTO `zz_area_code` VALUES (513225000000, '九寨沟县', 3, 513200000000);
INSERT INTO `zz_area_code` VALUES (513226000000, '金川县', 3, 513200000000);
INSERT INTO `zz_area_code` VALUES (513227000000, '小金县', 3, 513200000000);
INSERT INTO `zz_area_code` VALUES (513228000000, '黑水县', 3, 513200000000);
INSERT INTO `zz_area_code` VALUES (513230000000, '壤塘县', 3, 513200000000);
INSERT INTO `zz_area_code` VALUES (513231000000, '阿坝县', 3, 513200000000);
INSERT INTO `zz_area_code` VALUES (513232000000, '若尔盖县', 3, 513200000000);
INSERT INTO `zz_area_code` VALUES (513233000000, '红原县', 3, 513200000000);
INSERT INTO `zz_area_code` VALUES (513300000000, '甘孜藏族自治州', 2, 510000000000);
INSERT INTO `zz_area_code` VALUES (513301000000, '康定市', 3, 513300000000);
INSERT INTO `zz_area_code` VALUES (513322000000, '泸定县', 3, 513300000000);
INSERT INTO `zz_area_code` VALUES (513323000000, '丹巴县', 3, 513300000000);
INSERT INTO `zz_area_code` VALUES (513324000000, '九龙县', 3, 513300000000);
INSERT INTO `zz_area_code` VALUES (513325000000, '雅江县', 3, 513300000000);
INSERT INTO `zz_area_code` VALUES (513326000000, '道孚县', 3, 513300000000);
INSERT INTO `zz_area_code` VALUES (513327000000, '炉霍县', 3, 513300000000);
INSERT INTO `zz_area_code` VALUES (513328000000, '甘孜县', 3, 513300000000);
INSERT INTO `zz_area_code` VALUES (513329000000, '新龙县', 3, 513300000000);
INSERT INTO `zz_area_code` VALUES (513330000000, '德格县', 3, 513300000000);
INSERT INTO `zz_area_code` VALUES (513331000000, '白玉县', 3, 513300000000);
INSERT INTO `zz_area_code` VALUES (513332000000, '石渠县', 3, 513300000000);
INSERT INTO `zz_area_code` VALUES (513333000000, '色达县', 3, 513300000000);
INSERT INTO `zz_area_code` VALUES (513334000000, '理塘县', 3, 513300000000);
INSERT INTO `zz_area_code` VALUES (513335000000, '巴塘县', 3, 513300000000);
INSERT INTO `zz_area_code` VALUES (513336000000, '乡城县', 3, 513300000000);
INSERT INTO `zz_area_code` VALUES (513337000000, '稻城县', 3, 513300000000);
INSERT INTO `zz_area_code` VALUES (513338000000, '得荣县', 3, 513300000000);
INSERT INTO `zz_area_code` VALUES (513400000000, '凉山彝族自治州', 2, 510000000000);
INSERT INTO `zz_area_code` VALUES (513401000000, '西昌市', 3, 513400000000);
INSERT INTO `zz_area_code` VALUES (513422000000, '木里藏族自治县', 3, 513400000000);
INSERT INTO `zz_area_code` VALUES (513423000000, '盐源县', 3, 513400000000);
INSERT INTO `zz_area_code` VALUES (513424000000, '德昌县', 3, 513400000000);
INSERT INTO `zz_area_code` VALUES (513425000000, '会理县', 3, 513400000000);
INSERT INTO `zz_area_code` VALUES (513426000000, '会东县', 3, 513400000000);
INSERT INTO `zz_area_code` VALUES (513427000000, '宁南县', 3, 513400000000);
INSERT INTO `zz_area_code` VALUES (513428000000, '普格县', 3, 513400000000);
INSERT INTO `zz_area_code` VALUES (513429000000, '布拖县', 3, 513400000000);
INSERT INTO `zz_area_code` VALUES (513430000000, '金阳县', 3, 513400000000);
INSERT INTO `zz_area_code` VALUES (513431000000, '昭觉县', 3, 513400000000);
INSERT INTO `zz_area_code` VALUES (513432000000, '喜德县', 3, 513400000000);
INSERT INTO `zz_area_code` VALUES (513433000000, '冕宁县', 3, 513400000000);
INSERT INTO `zz_area_code` VALUES (513434000000, '越西县', 3, 513400000000);
INSERT INTO `zz_area_code` VALUES (513435000000, '甘洛县', 3, 513400000000);
INSERT INTO `zz_area_code` VALUES (513436000000, '美姑县', 3, 513400000000);
INSERT INTO `zz_area_code` VALUES (513437000000, '雷波县', 3, 513400000000);
INSERT INTO `zz_area_code` VALUES (520000000000, '贵州省', 1, NULL);
INSERT INTO `zz_area_code` VALUES (520100000000, '贵阳市', 2, 520000000000);
INSERT INTO `zz_area_code` VALUES (520101000000, '市辖区', 3, 520100000000);
INSERT INTO `zz_area_code` VALUES (520102000000, '南明区', 3, 520100000000);
INSERT INTO `zz_area_code` VALUES (520103000000, '云岩区', 3, 520100000000);
INSERT INTO `zz_area_code` VALUES (520111000000, '花溪区', 3, 520100000000);
INSERT INTO `zz_area_code` VALUES (520112000000, '乌当区', 3, 520100000000);
INSERT INTO `zz_area_code` VALUES (520113000000, '白云区', 3, 520100000000);
INSERT INTO `zz_area_code` VALUES (520115000000, '观山湖区', 3, 520100000000);
INSERT INTO `zz_area_code` VALUES (520121000000, '开阳县', 3, 520100000000);
INSERT INTO `zz_area_code` VALUES (520122000000, '息烽县', 3, 520100000000);
INSERT INTO `zz_area_code` VALUES (520123000000, '修文县', 3, 520100000000);
INSERT INTO `zz_area_code` VALUES (520181000000, '清镇市', 3, 520100000000);
INSERT INTO `zz_area_code` VALUES (520200000000, '六盘水市', 2, 520000000000);
INSERT INTO `zz_area_code` VALUES (520201000000, '钟山区', 3, 520200000000);
INSERT INTO `zz_area_code` VALUES (520203000000, '六枝特区', 3, 520200000000);
INSERT INTO `zz_area_code` VALUES (520221000000, '水城县', 3, 520200000000);
INSERT INTO `zz_area_code` VALUES (520281000000, '盘州市', 3, 520200000000);
INSERT INTO `zz_area_code` VALUES (520300000000, '遵义市', 2, 520000000000);
INSERT INTO `zz_area_code` VALUES (520301000000, '市辖区', 3, 520300000000);
INSERT INTO `zz_area_code` VALUES (520302000000, '红花岗区', 3, 520300000000);
INSERT INTO `zz_area_code` VALUES (520303000000, '汇川区', 3, 520300000000);
INSERT INTO `zz_area_code` VALUES (520304000000, '播州区', 3, 520300000000);
INSERT INTO `zz_area_code` VALUES (520322000000, '桐梓县', 3, 520300000000);
INSERT INTO `zz_area_code` VALUES (520323000000, '绥阳县', 3, 520300000000);
INSERT INTO `zz_area_code` VALUES (520324000000, '正安县', 3, 520300000000);
INSERT INTO `zz_area_code` VALUES (520325000000, '道真仡佬族苗族自治县', 3, 520300000000);
INSERT INTO `zz_area_code` VALUES (520326000000, '务川仡佬族苗族自治县', 3, 520300000000);
INSERT INTO `zz_area_code` VALUES (520327000000, '凤冈县', 3, 520300000000);
INSERT INTO `zz_area_code` VALUES (520328000000, '湄潭县', 3, 520300000000);
INSERT INTO `zz_area_code` VALUES (520329000000, '余庆县', 3, 520300000000);
INSERT INTO `zz_area_code` VALUES (520330000000, '习水县', 3, 520300000000);
INSERT INTO `zz_area_code` VALUES (520381000000, '赤水市', 3, 520300000000);
INSERT INTO `zz_area_code` VALUES (520382000000, '仁怀市', 3, 520300000000);
INSERT INTO `zz_area_code` VALUES (520400000000, '安顺市', 2, 520000000000);
INSERT INTO `zz_area_code` VALUES (520401000000, '市辖区', 3, 520400000000);
INSERT INTO `zz_area_code` VALUES (520402000000, '西秀区', 3, 520400000000);
INSERT INTO `zz_area_code` VALUES (520403000000, '平坝区', 3, 520400000000);
INSERT INTO `zz_area_code` VALUES (520422000000, '普定县', 3, 520400000000);
INSERT INTO `zz_area_code` VALUES (520423000000, '镇宁布依族苗族自治县', 3, 520400000000);
INSERT INTO `zz_area_code` VALUES (520424000000, '关岭布依族苗族自治县', 3, 520400000000);
INSERT INTO `zz_area_code` VALUES (520425000000, '紫云苗族布依族自治县', 3, 520400000000);
INSERT INTO `zz_area_code` VALUES (520500000000, '毕节市', 2, 520000000000);
INSERT INTO `zz_area_code` VALUES (520501000000, '市辖区', 3, 520500000000);
INSERT INTO `zz_area_code` VALUES (520502000000, '七星关区', 3, 520500000000);
INSERT INTO `zz_area_code` VALUES (520521000000, '大方县', 3, 520500000000);
INSERT INTO `zz_area_code` VALUES (520522000000, '黔西县', 3, 520500000000);
INSERT INTO `zz_area_code` VALUES (520523000000, '金沙县', 3, 520500000000);
INSERT INTO `zz_area_code` VALUES (520524000000, '织金县', 3, 520500000000);
INSERT INTO `zz_area_code` VALUES (520525000000, '纳雍县', 3, 520500000000);
INSERT INTO `zz_area_code` VALUES (520526000000, '威宁彝族回族苗族自治县', 3, 520500000000);
INSERT INTO `zz_area_code` VALUES (520527000000, '赫章县', 3, 520500000000);
INSERT INTO `zz_area_code` VALUES (520600000000, '铜仁市', 2, 520000000000);
INSERT INTO `zz_area_code` VALUES (520601000000, '市辖区', 3, 520600000000);
INSERT INTO `zz_area_code` VALUES (520602000000, '碧江区', 3, 520600000000);
INSERT INTO `zz_area_code` VALUES (520603000000, '万山区', 3, 520600000000);
INSERT INTO `zz_area_code` VALUES (520621000000, '江口县', 3, 520600000000);
INSERT INTO `zz_area_code` VALUES (520622000000, '玉屏侗族自治县', 3, 520600000000);
INSERT INTO `zz_area_code` VALUES (520623000000, '石阡县', 3, 520600000000);
INSERT INTO `zz_area_code` VALUES (520624000000, '思南县', 3, 520600000000);
INSERT INTO `zz_area_code` VALUES (520625000000, '印江土家族苗族自治县', 3, 520600000000);
INSERT INTO `zz_area_code` VALUES (520626000000, '德江县', 3, 520600000000);
INSERT INTO `zz_area_code` VALUES (520627000000, '沿河土家族自治县', 3, 520600000000);
INSERT INTO `zz_area_code` VALUES (520628000000, '松桃苗族自治县', 3, 520600000000);
INSERT INTO `zz_area_code` VALUES (522300000000, '黔西南布依族苗族自治州', 2, 520000000000);
INSERT INTO `zz_area_code` VALUES (522301000000, '兴义市', 3, 522300000000);
INSERT INTO `zz_area_code` VALUES (522302000000, '兴仁市', 3, 522300000000);
INSERT INTO `zz_area_code` VALUES (522323000000, '普安县', 3, 522300000000);
INSERT INTO `zz_area_code` VALUES (522324000000, '晴隆县', 3, 522300000000);
INSERT INTO `zz_area_code` VALUES (522325000000, '贞丰县', 3, 522300000000);
INSERT INTO `zz_area_code` VALUES (522326000000, '望谟县', 3, 522300000000);
INSERT INTO `zz_area_code` VALUES (522327000000, '册亨县', 3, 522300000000);
INSERT INTO `zz_area_code` VALUES (522328000000, '安龙县', 3, 522300000000);
INSERT INTO `zz_area_code` VALUES (522600000000, '黔东南苗族侗族自治州', 2, 520000000000);
INSERT INTO `zz_area_code` VALUES (522601000000, '凯里市', 3, 522600000000);
INSERT INTO `zz_area_code` VALUES (522622000000, '黄平县', 3, 522600000000);
INSERT INTO `zz_area_code` VALUES (522623000000, '施秉县', 3, 522600000000);
INSERT INTO `zz_area_code` VALUES (522624000000, '三穗县', 3, 522600000000);
INSERT INTO `zz_area_code` VALUES (522625000000, '镇远县', 3, 522600000000);
INSERT INTO `zz_area_code` VALUES (522626000000, '岑巩县', 3, 522600000000);
INSERT INTO `zz_area_code` VALUES (522627000000, '天柱县', 3, 522600000000);
INSERT INTO `zz_area_code` VALUES (522628000000, '锦屏县', 3, 522600000000);
INSERT INTO `zz_area_code` VALUES (522629000000, '剑河县', 3, 522600000000);
INSERT INTO `zz_area_code` VALUES (522630000000, '台江县', 3, 522600000000);
INSERT INTO `zz_area_code` VALUES (522631000000, '黎平县', 3, 522600000000);
INSERT INTO `zz_area_code` VALUES (522632000000, '榕江县', 3, 522600000000);
INSERT INTO `zz_area_code` VALUES (522633000000, '从江县', 3, 522600000000);
INSERT INTO `zz_area_code` VALUES (522634000000, '雷山县', 3, 522600000000);
INSERT INTO `zz_area_code` VALUES (522635000000, '麻江县', 3, 522600000000);
INSERT INTO `zz_area_code` VALUES (522636000000, '丹寨县', 3, 522600000000);
INSERT INTO `zz_area_code` VALUES (522700000000, '黔南布依族苗族自治州', 2, 520000000000);
INSERT INTO `zz_area_code` VALUES (522701000000, '都匀市', 3, 522700000000);
INSERT INTO `zz_area_code` VALUES (522702000000, '福泉市', 3, 522700000000);
INSERT INTO `zz_area_code` VALUES (522722000000, '荔波县', 3, 522700000000);
INSERT INTO `zz_area_code` VALUES (522723000000, '贵定县', 3, 522700000000);
INSERT INTO `zz_area_code` VALUES (522725000000, '瓮安县', 3, 522700000000);
INSERT INTO `zz_area_code` VALUES (522726000000, '独山县', 3, 522700000000);
INSERT INTO `zz_area_code` VALUES (522727000000, '平塘县', 3, 522700000000);
INSERT INTO `zz_area_code` VALUES (522728000000, '罗甸县', 3, 522700000000);
INSERT INTO `zz_area_code` VALUES (522729000000, '长顺县', 3, 522700000000);
INSERT INTO `zz_area_code` VALUES (522730000000, '龙里县', 3, 522700000000);
INSERT INTO `zz_area_code` VALUES (522731000000, '惠水县', 3, 522700000000);
INSERT INTO `zz_area_code` VALUES (522732000000, '三都水族自治县', 3, 522700000000);
INSERT INTO `zz_area_code` VALUES (530000000000, '云南省', 1, NULL);
INSERT INTO `zz_area_code` VALUES (530100000000, '昆明市', 2, 530000000000);
INSERT INTO `zz_area_code` VALUES (530101000000, '市辖区', 3, 530100000000);
INSERT INTO `zz_area_code` VALUES (530102000000, '五华区', 3, 530100000000);
INSERT INTO `zz_area_code` VALUES (530103000000, '盘龙区', 3, 530100000000);
INSERT INTO `zz_area_code` VALUES (530111000000, '官渡区', 3, 530100000000);
INSERT INTO `zz_area_code` VALUES (530112000000, '西山区', 3, 530100000000);
INSERT INTO `zz_area_code` VALUES (530113000000, '东川区', 3, 530100000000);
INSERT INTO `zz_area_code` VALUES (530114000000, '呈贡区', 3, 530100000000);
INSERT INTO `zz_area_code` VALUES (530115000000, '晋宁区', 3, 530100000000);
INSERT INTO `zz_area_code` VALUES (530124000000, '富民县', 3, 530100000000);
INSERT INTO `zz_area_code` VALUES (530125000000, '宜良县', 3, 530100000000);
INSERT INTO `zz_area_code` VALUES (530126000000, '石林彝族自治县', 3, 530100000000);
INSERT INTO `zz_area_code` VALUES (530127000000, '嵩明县', 3, 530100000000);
INSERT INTO `zz_area_code` VALUES (530128000000, '禄劝彝族苗族自治县', 3, 530100000000);
INSERT INTO `zz_area_code` VALUES (530129000000, '寻甸回族彝族自治县', 3, 530100000000);
INSERT INTO `zz_area_code` VALUES (530181000000, '安宁市', 3, 530100000000);
INSERT INTO `zz_area_code` VALUES (530300000000, '曲靖市', 2, 530000000000);
INSERT INTO `zz_area_code` VALUES (530301000000, '市辖区', 3, 530300000000);
INSERT INTO `zz_area_code` VALUES (530302000000, '麒麟区', 3, 530300000000);
INSERT INTO `zz_area_code` VALUES (530303000000, '沾益区', 3, 530300000000);
INSERT INTO `zz_area_code` VALUES (530304000000, '马龙区', 3, 530300000000);
INSERT INTO `zz_area_code` VALUES (530322000000, '陆良县', 3, 530300000000);
INSERT INTO `zz_area_code` VALUES (530323000000, '师宗县', 3, 530300000000);
INSERT INTO `zz_area_code` VALUES (530324000000, '罗平县', 3, 530300000000);
INSERT INTO `zz_area_code` VALUES (530325000000, '富源县', 3, 530300000000);
INSERT INTO `zz_area_code` VALUES (530326000000, '会泽县', 3, 530300000000);
INSERT INTO `zz_area_code` VALUES (530381000000, '宣威市', 3, 530300000000);
INSERT INTO `zz_area_code` VALUES (530400000000, '玉溪市', 2, 530000000000);
INSERT INTO `zz_area_code` VALUES (530401000000, '市辖区', 3, 530400000000);
INSERT INTO `zz_area_code` VALUES (530402000000, '红塔区', 3, 530400000000);
INSERT INTO `zz_area_code` VALUES (530403000000, '江川区', 3, 530400000000);
INSERT INTO `zz_area_code` VALUES (530422000000, '澄江县', 3, 530400000000);
INSERT INTO `zz_area_code` VALUES (530423000000, '通海县', 3, 530400000000);
INSERT INTO `zz_area_code` VALUES (530424000000, '华宁县', 3, 530400000000);
INSERT INTO `zz_area_code` VALUES (530425000000, '易门县', 3, 530400000000);
INSERT INTO `zz_area_code` VALUES (530426000000, '峨山彝族自治县', 3, 530400000000);
INSERT INTO `zz_area_code` VALUES (530427000000, '新平彝族傣族自治县', 3, 530400000000);
INSERT INTO `zz_area_code` VALUES (530428000000, '元江哈尼族彝族傣族自治县', 3, 530400000000);
INSERT INTO `zz_area_code` VALUES (530500000000, '保山市', 2, 530000000000);
INSERT INTO `zz_area_code` VALUES (530501000000, '市辖区', 3, 530500000000);
INSERT INTO `zz_area_code` VALUES (530502000000, '隆阳区', 3, 530500000000);
INSERT INTO `zz_area_code` VALUES (530521000000, '施甸县', 3, 530500000000);
INSERT INTO `zz_area_code` VALUES (530523000000, '龙陵县', 3, 530500000000);
INSERT INTO `zz_area_code` VALUES (530524000000, '昌宁县', 3, 530500000000);
INSERT INTO `zz_area_code` VALUES (530581000000, '腾冲市', 3, 530500000000);
INSERT INTO `zz_area_code` VALUES (530600000000, '昭通市', 2, 530000000000);
INSERT INTO `zz_area_code` VALUES (530601000000, '市辖区', 3, 530600000000);
INSERT INTO `zz_area_code` VALUES (530602000000, '昭阳区', 3, 530600000000);
INSERT INTO `zz_area_code` VALUES (530621000000, '鲁甸县', 3, 530600000000);
INSERT INTO `zz_area_code` VALUES (530622000000, '巧家县', 3, 530600000000);
INSERT INTO `zz_area_code` VALUES (530623000000, '盐津县', 3, 530600000000);
INSERT INTO `zz_area_code` VALUES (530624000000, '大关县', 3, 530600000000);
INSERT INTO `zz_area_code` VALUES (530625000000, '永善县', 3, 530600000000);
INSERT INTO `zz_area_code` VALUES (530626000000, '绥江县', 3, 530600000000);
INSERT INTO `zz_area_code` VALUES (530627000000, '镇雄县', 3, 530600000000);
INSERT INTO `zz_area_code` VALUES (530628000000, '彝良县', 3, 530600000000);
INSERT INTO `zz_area_code` VALUES (530629000000, '威信县', 3, 530600000000);
INSERT INTO `zz_area_code` VALUES (530681000000, '水富市', 3, 530600000000);
INSERT INTO `zz_area_code` VALUES (530700000000, '丽江市', 2, 530000000000);
INSERT INTO `zz_area_code` VALUES (530701000000, '市辖区', 3, 530700000000);
INSERT INTO `zz_area_code` VALUES (530702000000, '古城区', 3, 530700000000);
INSERT INTO `zz_area_code` VALUES (530721000000, '玉龙纳西族自治县', 3, 530700000000);
INSERT INTO `zz_area_code` VALUES (530722000000, '永胜县', 3, 530700000000);
INSERT INTO `zz_area_code` VALUES (530723000000, '华坪县', 3, 530700000000);
INSERT INTO `zz_area_code` VALUES (530724000000, '宁蒗彝族自治县', 3, 530700000000);
INSERT INTO `zz_area_code` VALUES (530800000000, '普洱市', 2, 530000000000);
INSERT INTO `zz_area_code` VALUES (530801000000, '市辖区', 3, 530800000000);
INSERT INTO `zz_area_code` VALUES (530802000000, '思茅区', 3, 530800000000);
INSERT INTO `zz_area_code` VALUES (530821000000, '宁洱哈尼族彝族自治县', 3, 530800000000);
INSERT INTO `zz_area_code` VALUES (530822000000, '墨江哈尼族自治县', 3, 530800000000);
INSERT INTO `zz_area_code` VALUES (530823000000, '景东彝族自治县', 3, 530800000000);
INSERT INTO `zz_area_code` VALUES (530824000000, '景谷傣族彝族自治县', 3, 530800000000);
INSERT INTO `zz_area_code` VALUES (530825000000, '镇沅彝族哈尼族拉祜族自治县', 3, 530800000000);
INSERT INTO `zz_area_code` VALUES (530826000000, '江城哈尼族彝族自治县', 3, 530800000000);
INSERT INTO `zz_area_code` VALUES (530827000000, '孟连傣族拉祜族佤族自治县', 3, 530800000000);
INSERT INTO `zz_area_code` VALUES (530828000000, '澜沧拉祜族自治县', 3, 530800000000);
INSERT INTO `zz_area_code` VALUES (530829000000, '西盟佤族自治县', 3, 530800000000);
INSERT INTO `zz_area_code` VALUES (530900000000, '临沧市', 2, 530000000000);
INSERT INTO `zz_area_code` VALUES (530901000000, '市辖区', 3, 530900000000);
INSERT INTO `zz_area_code` VALUES (530902000000, '临翔区', 3, 530900000000);
INSERT INTO `zz_area_code` VALUES (530921000000, '凤庆县', 3, 530900000000);
INSERT INTO `zz_area_code` VALUES (530922000000, '云县', 3, 530900000000);
INSERT INTO `zz_area_code` VALUES (530923000000, '永德县', 3, 530900000000);
INSERT INTO `zz_area_code` VALUES (530924000000, '镇康县', 3, 530900000000);
INSERT INTO `zz_area_code` VALUES (530925000000, '双江拉祜族佤族布朗族傣族自治县', 3, 530900000000);
INSERT INTO `zz_area_code` VALUES (530926000000, '耿马傣族佤族自治县', 3, 530900000000);
INSERT INTO `zz_area_code` VALUES (530927000000, '沧源佤族自治县', 3, 530900000000);
INSERT INTO `zz_area_code` VALUES (532300000000, '楚雄彝族自治州', 2, 530000000000);
INSERT INTO `zz_area_code` VALUES (532301000000, '楚雄市', 3, 532300000000);
INSERT INTO `zz_area_code` VALUES (532322000000, '双柏县', 3, 532300000000);
INSERT INTO `zz_area_code` VALUES (532323000000, '牟定县', 3, 532300000000);
INSERT INTO `zz_area_code` VALUES (532324000000, '南华县', 3, 532300000000);
INSERT INTO `zz_area_code` VALUES (532325000000, '姚安县', 3, 532300000000);
INSERT INTO `zz_area_code` VALUES (532326000000, '大姚县', 3, 532300000000);
INSERT INTO `zz_area_code` VALUES (532327000000, '永仁县', 3, 532300000000);
INSERT INTO `zz_area_code` VALUES (532328000000, '元谋县', 3, 532300000000);
INSERT INTO `zz_area_code` VALUES (532329000000, '武定县', 3, 532300000000);
INSERT INTO `zz_area_code` VALUES (532331000000, '禄丰县', 3, 532300000000);
INSERT INTO `zz_area_code` VALUES (532500000000, '红河哈尼族彝族自治州', 2, 530000000000);
INSERT INTO `zz_area_code` VALUES (532501000000, '个旧市', 3, 532500000000);
INSERT INTO `zz_area_code` VALUES (532502000000, '开远市', 3, 532500000000);
INSERT INTO `zz_area_code` VALUES (532503000000, '蒙自市', 3, 532500000000);
INSERT INTO `zz_area_code` VALUES (532504000000, '弥勒市', 3, 532500000000);
INSERT INTO `zz_area_code` VALUES (532523000000, '屏边苗族自治县', 3, 532500000000);
INSERT INTO `zz_area_code` VALUES (532524000000, '建水县', 3, 532500000000);
INSERT INTO `zz_area_code` VALUES (532525000000, '石屏县', 3, 532500000000);
INSERT INTO `zz_area_code` VALUES (532527000000, '泸西县', 3, 532500000000);
INSERT INTO `zz_area_code` VALUES (532528000000, '元阳县', 3, 532500000000);
INSERT INTO `zz_area_code` VALUES (532529000000, '红河县', 3, 532500000000);
INSERT INTO `zz_area_code` VALUES (532530000000, '金平苗族瑶族傣族自治县', 3, 532500000000);
INSERT INTO `zz_area_code` VALUES (532531000000, '绿春县', 3, 532500000000);
INSERT INTO `zz_area_code` VALUES (532532000000, '河口瑶族自治县', 3, 532500000000);
INSERT INTO `zz_area_code` VALUES (532600000000, '文山壮族苗族自治州', 2, 530000000000);
INSERT INTO `zz_area_code` VALUES (532601000000, '文山市', 3, 532600000000);
INSERT INTO `zz_area_code` VALUES (532622000000, '砚山县', 3, 532600000000);
INSERT INTO `zz_area_code` VALUES (532623000000, '西畴县', 3, 532600000000);
INSERT INTO `zz_area_code` VALUES (532624000000, '麻栗坡县', 3, 532600000000);
INSERT INTO `zz_area_code` VALUES (532625000000, '马关县', 3, 532600000000);
INSERT INTO `zz_area_code` VALUES (532626000000, '丘北县', 3, 532600000000);
INSERT INTO `zz_area_code` VALUES (532627000000, '广南县', 3, 532600000000);
INSERT INTO `zz_area_code` VALUES (532628000000, '富宁县', 3, 532600000000);
INSERT INTO `zz_area_code` VALUES (532800000000, '西双版纳傣族自治州', 2, 530000000000);
INSERT INTO `zz_area_code` VALUES (532801000000, '景洪市', 3, 532800000000);
INSERT INTO `zz_area_code` VALUES (532822000000, '勐海县', 3, 532800000000);
INSERT INTO `zz_area_code` VALUES (532823000000, '勐腊县', 3, 532800000000);
INSERT INTO `zz_area_code` VALUES (532900000000, '大理白族自治州', 2, 530000000000);
INSERT INTO `zz_area_code` VALUES (532901000000, '大理市', 3, 532900000000);
INSERT INTO `zz_area_code` VALUES (532922000000, '漾濞彝族自治县', 3, 532900000000);
INSERT INTO `zz_area_code` VALUES (532923000000, '祥云县', 3, 532900000000);
INSERT INTO `zz_area_code` VALUES (532924000000, '宾川县', 3, 532900000000);
INSERT INTO `zz_area_code` VALUES (532925000000, '弥渡县', 3, 532900000000);
INSERT INTO `zz_area_code` VALUES (532926000000, '南涧彝族自治县', 3, 532900000000);
INSERT INTO `zz_area_code` VALUES (532927000000, '巍山彝族回族自治县', 3, 532900000000);
INSERT INTO `zz_area_code` VALUES (532928000000, '永平县', 3, 532900000000);
INSERT INTO `zz_area_code` VALUES (532929000000, '云龙县', 3, 532900000000);
INSERT INTO `zz_area_code` VALUES (532930000000, '洱源县', 3, 532900000000);
INSERT INTO `zz_area_code` VALUES (532931000000, '剑川县', 3, 532900000000);
INSERT INTO `zz_area_code` VALUES (532932000000, '鹤庆县', 3, 532900000000);
INSERT INTO `zz_area_code` VALUES (533100000000, '德宏傣族景颇族自治州', 2, 530000000000);
INSERT INTO `zz_area_code` VALUES (533102000000, '瑞丽市', 3, 533100000000);
INSERT INTO `zz_area_code` VALUES (533103000000, '芒市', 3, 533100000000);
INSERT INTO `zz_area_code` VALUES (533122000000, '梁河县', 3, 533100000000);
INSERT INTO `zz_area_code` VALUES (533123000000, '盈江县', 3, 533100000000);
INSERT INTO `zz_area_code` VALUES (533124000000, '陇川县', 3, 533100000000);
INSERT INTO `zz_area_code` VALUES (533300000000, '怒江傈僳族自治州', 2, 530000000000);
INSERT INTO `zz_area_code` VALUES (533301000000, '泸水市', 3, 533300000000);
INSERT INTO `zz_area_code` VALUES (533323000000, '福贡县', 3, 533300000000);
INSERT INTO `zz_area_code` VALUES (533324000000, '贡山独龙族怒族自治县', 3, 533300000000);
INSERT INTO `zz_area_code` VALUES (533325000000, '兰坪白族普米族自治县', 3, 533300000000);
INSERT INTO `zz_area_code` VALUES (533400000000, '迪庆藏族自治州', 2, 530000000000);
INSERT INTO `zz_area_code` VALUES (533401000000, '香格里拉市', 3, 533400000000);
INSERT INTO `zz_area_code` VALUES (533422000000, '德钦县', 3, 533400000000);
INSERT INTO `zz_area_code` VALUES (533423000000, '维西傈僳族自治县', 3, 533400000000);
INSERT INTO `zz_area_code` VALUES (540000000000, '西藏自治区', 1, NULL);
INSERT INTO `zz_area_code` VALUES (540100000000, '拉萨市', 2, 540000000000);
INSERT INTO `zz_area_code` VALUES (540101000000, '市辖区', 3, 540100000000);
INSERT INTO `zz_area_code` VALUES (540102000000, '城关区', 3, 540100000000);
INSERT INTO `zz_area_code` VALUES (540103000000, '堆龙德庆区', 3, 540100000000);
INSERT INTO `zz_area_code` VALUES (540104000000, '达孜区', 3, 540100000000);
INSERT INTO `zz_area_code` VALUES (540121000000, '林周县', 3, 540100000000);
INSERT INTO `zz_area_code` VALUES (540122000000, '当雄县', 3, 540100000000);
INSERT INTO `zz_area_code` VALUES (540123000000, '尼木县', 3, 540100000000);
INSERT INTO `zz_area_code` VALUES (540124000000, '曲水县', 3, 540100000000);
INSERT INTO `zz_area_code` VALUES (540127000000, '墨竹工卡县', 3, 540100000000);
INSERT INTO `zz_area_code` VALUES (540171000000, '格尔木藏青工业园区', 3, 540100000000);
INSERT INTO `zz_area_code` VALUES (540172000000, '拉萨经济技术开发区', 3, 540100000000);
INSERT INTO `zz_area_code` VALUES (540173000000, '西藏文化旅游创意园区', 3, 540100000000);
INSERT INTO `zz_area_code` VALUES (540174000000, '达孜工业园区', 3, 540100000000);
INSERT INTO `zz_area_code` VALUES (540200000000, '日喀则市', 2, 540000000000);
INSERT INTO `zz_area_code` VALUES (540202000000, '桑珠孜区', 3, 540200000000);
INSERT INTO `zz_area_code` VALUES (540221000000, '南木林县', 3, 540200000000);
INSERT INTO `zz_area_code` VALUES (540222000000, '江孜县', 3, 540200000000);
INSERT INTO `zz_area_code` VALUES (540223000000, '定日县', 3, 540200000000);
INSERT INTO `zz_area_code` VALUES (540224000000, '萨迦县', 3, 540200000000);
INSERT INTO `zz_area_code` VALUES (540225000000, '拉孜县', 3, 540200000000);
INSERT INTO `zz_area_code` VALUES (540226000000, '昂仁县', 3, 540200000000);
INSERT INTO `zz_area_code` VALUES (540227000000, '谢通门县', 3, 540200000000);
INSERT INTO `zz_area_code` VALUES (540228000000, '白朗县', 3, 540200000000);
INSERT INTO `zz_area_code` VALUES (540229000000, '仁布县', 3, 540200000000);
INSERT INTO `zz_area_code` VALUES (540230000000, '康马县', 3, 540200000000);
INSERT INTO `zz_area_code` VALUES (540231000000, '定结县', 3, 540200000000);
INSERT INTO `zz_area_code` VALUES (540232000000, '仲巴县', 3, 540200000000);
INSERT INTO `zz_area_code` VALUES (540233000000, '亚东县', 3, 540200000000);
INSERT INTO `zz_area_code` VALUES (540234000000, '吉隆县', 3, 540200000000);
INSERT INTO `zz_area_code` VALUES (540235000000, '聂拉木县', 3, 540200000000);
INSERT INTO `zz_area_code` VALUES (540236000000, '萨嘎县', 3, 540200000000);
INSERT INTO `zz_area_code` VALUES (540237000000, '岗巴县', 3, 540200000000);
INSERT INTO `zz_area_code` VALUES (540300000000, '昌都市', 2, 540000000000);
INSERT INTO `zz_area_code` VALUES (540302000000, '卡若区', 3, 540300000000);
INSERT INTO `zz_area_code` VALUES (540321000000, '江达县', 3, 540300000000);
INSERT INTO `zz_area_code` VALUES (540322000000, '贡觉县', 3, 540300000000);
INSERT INTO `zz_area_code` VALUES (540323000000, '类乌齐县', 3, 540300000000);
INSERT INTO `zz_area_code` VALUES (540324000000, '丁青县', 3, 540300000000);
INSERT INTO `zz_area_code` VALUES (540325000000, '察雅县', 3, 540300000000);
INSERT INTO `zz_area_code` VALUES (540326000000, '八宿县', 3, 540300000000);
INSERT INTO `zz_area_code` VALUES (540327000000, '左贡县', 3, 540300000000);
INSERT INTO `zz_area_code` VALUES (540328000000, '芒康县', 3, 540300000000);
INSERT INTO `zz_area_code` VALUES (540329000000, '洛隆县', 3, 540300000000);
INSERT INTO `zz_area_code` VALUES (540330000000, '边坝县', 3, 540300000000);
INSERT INTO `zz_area_code` VALUES (540400000000, '林芝市', 2, 540000000000);
INSERT INTO `zz_area_code` VALUES (540402000000, '巴宜区', 3, 540400000000);
INSERT INTO `zz_area_code` VALUES (540421000000, '工布江达县', 3, 540400000000);
INSERT INTO `zz_area_code` VALUES (540422000000, '米林县', 3, 540400000000);
INSERT INTO `zz_area_code` VALUES (540423000000, '墨脱县', 3, 540400000000);
INSERT INTO `zz_area_code` VALUES (540424000000, '波密县', 3, 540400000000);
INSERT INTO `zz_area_code` VALUES (540425000000, '察隅县', 3, 540400000000);
INSERT INTO `zz_area_code` VALUES (540426000000, '朗县', 3, 540400000000);
INSERT INTO `zz_area_code` VALUES (540500000000, '山南市', 2, 540000000000);
INSERT INTO `zz_area_code` VALUES (540501000000, '市辖区', 3, 540500000000);
INSERT INTO `zz_area_code` VALUES (540502000000, '乃东区', 3, 540500000000);
INSERT INTO `zz_area_code` VALUES (540521000000, '扎囊县', 3, 540500000000);
INSERT INTO `zz_area_code` VALUES (540522000000, '贡嘎县', 3, 540500000000);
INSERT INTO `zz_area_code` VALUES (540523000000, '桑日县', 3, 540500000000);
INSERT INTO `zz_area_code` VALUES (540524000000, '琼结县', 3, 540500000000);
INSERT INTO `zz_area_code` VALUES (540525000000, '曲松县', 3, 540500000000);
INSERT INTO `zz_area_code` VALUES (540526000000, '措美县', 3, 540500000000);
INSERT INTO `zz_area_code` VALUES (540527000000, '洛扎县', 3, 540500000000);
INSERT INTO `zz_area_code` VALUES (540528000000, '加查县', 3, 540500000000);
INSERT INTO `zz_area_code` VALUES (540529000000, '隆子县', 3, 540500000000);
INSERT INTO `zz_area_code` VALUES (540530000000, '错那县', 3, 540500000000);
INSERT INTO `zz_area_code` VALUES (540531000000, '浪卡子县', 3, 540500000000);
INSERT INTO `zz_area_code` VALUES (540600000000, '那曲市', 2, 540000000000);
INSERT INTO `zz_area_code` VALUES (540602000000, '色尼区', 3, 540600000000);
INSERT INTO `zz_area_code` VALUES (540621000000, '嘉黎县', 3, 540600000000);
INSERT INTO `zz_area_code` VALUES (540622000000, '比如县', 3, 540600000000);
INSERT INTO `zz_area_code` VALUES (540623000000, '聂荣县', 3, 540600000000);
INSERT INTO `zz_area_code` VALUES (540624000000, '安多县', 3, 540600000000);
INSERT INTO `zz_area_code` VALUES (540625000000, '申扎县', 3, 540600000000);
INSERT INTO `zz_area_code` VALUES (540626000000, '索县', 3, 540600000000);
INSERT INTO `zz_area_code` VALUES (540627000000, '班戈县', 3, 540600000000);
INSERT INTO `zz_area_code` VALUES (540628000000, '巴青县', 3, 540600000000);
INSERT INTO `zz_area_code` VALUES (540629000000, '尼玛县', 3, 540600000000);
INSERT INTO `zz_area_code` VALUES (540630000000, '双湖县', 3, 540600000000);
INSERT INTO `zz_area_code` VALUES (542500000000, '阿里地区', 2, 540000000000);
INSERT INTO `zz_area_code` VALUES (542521000000, '普兰县', 3, 542500000000);
INSERT INTO `zz_area_code` VALUES (542522000000, '札达县', 3, 542500000000);
INSERT INTO `zz_area_code` VALUES (542523000000, '噶尔县', 3, 542500000000);
INSERT INTO `zz_area_code` VALUES (542524000000, '日土县', 3, 542500000000);
INSERT INTO `zz_area_code` VALUES (542525000000, '革吉县', 3, 542500000000);
INSERT INTO `zz_area_code` VALUES (542526000000, '改则县', 3, 542500000000);
INSERT INTO `zz_area_code` VALUES (542527000000, '措勤县', 3, 542500000000);
INSERT INTO `zz_area_code` VALUES (610000000000, '陕西省', 1, NULL);
INSERT INTO `zz_area_code` VALUES (610100000000, '西安市', 2, 610000000000);
INSERT INTO `zz_area_code` VALUES (610101000000, '市辖区', 3, 610100000000);
INSERT INTO `zz_area_code` VALUES (610102000000, '新城区', 3, 610100000000);
INSERT INTO `zz_area_code` VALUES (610103000000, '碑林区', 3, 610100000000);
INSERT INTO `zz_area_code` VALUES (610104000000, '莲湖区', 3, 610100000000);
INSERT INTO `zz_area_code` VALUES (610111000000, '灞桥区', 3, 610100000000);
INSERT INTO `zz_area_code` VALUES (610112000000, '未央区', 3, 610100000000);
INSERT INTO `zz_area_code` VALUES (610113000000, '雁塔区', 3, 610100000000);
INSERT INTO `zz_area_code` VALUES (610114000000, '阎良区', 3, 610100000000);
INSERT INTO `zz_area_code` VALUES (610115000000, '临潼区', 3, 610100000000);
INSERT INTO `zz_area_code` VALUES (610116000000, '长安区', 3, 610100000000);
INSERT INTO `zz_area_code` VALUES (610117000000, '高陵区', 3, 610100000000);
INSERT INTO `zz_area_code` VALUES (610118000000, '鄠邑区', 3, 610100000000);
INSERT INTO `zz_area_code` VALUES (610122000000, '蓝田县', 3, 610100000000);
INSERT INTO `zz_area_code` VALUES (610124000000, '周至县', 3, 610100000000);
INSERT INTO `zz_area_code` VALUES (610200000000, '铜川市', 2, 610000000000);
INSERT INTO `zz_area_code` VALUES (610201000000, '市辖区', 3, 610200000000);
INSERT INTO `zz_area_code` VALUES (610202000000, '王益区', 3, 610200000000);
INSERT INTO `zz_area_code` VALUES (610203000000, '印台区', 3, 610200000000);
INSERT INTO `zz_area_code` VALUES (610204000000, '耀州区', 3, 610200000000);
INSERT INTO `zz_area_code` VALUES (610222000000, '宜君县', 3, 610200000000);
INSERT INTO `zz_area_code` VALUES (610300000000, '宝鸡市', 2, 610000000000);
INSERT INTO `zz_area_code` VALUES (610301000000, '市辖区', 3, 610300000000);
INSERT INTO `zz_area_code` VALUES (610302000000, '渭滨区', 3, 610300000000);
INSERT INTO `zz_area_code` VALUES (610303000000, '金台区', 3, 610300000000);
INSERT INTO `zz_area_code` VALUES (610304000000, '陈仓区', 3, 610300000000);
INSERT INTO `zz_area_code` VALUES (610322000000, '凤翔县', 3, 610300000000);
INSERT INTO `zz_area_code` VALUES (610323000000, '岐山县', 3, 610300000000);
INSERT INTO `zz_area_code` VALUES (610324000000, '扶风县', 3, 610300000000);
INSERT INTO `zz_area_code` VALUES (610326000000, '眉县', 3, 610300000000);
INSERT INTO `zz_area_code` VALUES (610327000000, '陇县', 3, 610300000000);
INSERT INTO `zz_area_code` VALUES (610328000000, '千阳县', 3, 610300000000);
INSERT INTO `zz_area_code` VALUES (610329000000, '麟游县', 3, 610300000000);
INSERT INTO `zz_area_code` VALUES (610330000000, '凤县', 3, 610300000000);
INSERT INTO `zz_area_code` VALUES (610331000000, '太白县', 3, 610300000000);
INSERT INTO `zz_area_code` VALUES (610400000000, '咸阳市', 2, 610000000000);
INSERT INTO `zz_area_code` VALUES (610401000000, '市辖区', 3, 610400000000);
INSERT INTO `zz_area_code` VALUES (610402000000, '秦都区', 3, 610400000000);
INSERT INTO `zz_area_code` VALUES (610403000000, '杨陵区', 3, 610400000000);
INSERT INTO `zz_area_code` VALUES (610404000000, '渭城区', 3, 610400000000);
INSERT INTO `zz_area_code` VALUES (610422000000, '三原县', 3, 610400000000);
INSERT INTO `zz_area_code` VALUES (610423000000, '泾阳县', 3, 610400000000);
INSERT INTO `zz_area_code` VALUES (610424000000, '乾县', 3, 610400000000);
INSERT INTO `zz_area_code` VALUES (610425000000, '礼泉县', 3, 610400000000);
INSERT INTO `zz_area_code` VALUES (610426000000, '永寿县', 3, 610400000000);
INSERT INTO `zz_area_code` VALUES (610428000000, '长武县', 3, 610400000000);
INSERT INTO `zz_area_code` VALUES (610429000000, '旬邑县', 3, 610400000000);
INSERT INTO `zz_area_code` VALUES (610430000000, '淳化县', 3, 610400000000);
INSERT INTO `zz_area_code` VALUES (610431000000, '武功县', 3, 610400000000);
INSERT INTO `zz_area_code` VALUES (610481000000, '兴平市', 3, 610400000000);
INSERT INTO `zz_area_code` VALUES (610482000000, '彬州市', 3, 610400000000);
INSERT INTO `zz_area_code` VALUES (610500000000, '渭南市', 2, 610000000000);
INSERT INTO `zz_area_code` VALUES (610501000000, '市辖区', 3, 610500000000);
INSERT INTO `zz_area_code` VALUES (610502000000, '临渭区', 3, 610500000000);
INSERT INTO `zz_area_code` VALUES (610503000000, '华州区', 3, 610500000000);
INSERT INTO `zz_area_code` VALUES (610522000000, '潼关县', 3, 610500000000);
INSERT INTO `zz_area_code` VALUES (610523000000, '大荔县', 3, 610500000000);
INSERT INTO `zz_area_code` VALUES (610524000000, '合阳县', 3, 610500000000);
INSERT INTO `zz_area_code` VALUES (610525000000, '澄城县', 3, 610500000000);
INSERT INTO `zz_area_code` VALUES (610526000000, '蒲城县', 3, 610500000000);
INSERT INTO `zz_area_code` VALUES (610527000000, '白水县', 3, 610500000000);
INSERT INTO `zz_area_code` VALUES (610528000000, '富平县', 3, 610500000000);
INSERT INTO `zz_area_code` VALUES (610581000000, '韩城市', 3, 610500000000);
INSERT INTO `zz_area_code` VALUES (610582000000, '华阴市', 3, 610500000000);
INSERT INTO `zz_area_code` VALUES (610600000000, '延安市', 2, 610000000000);
INSERT INTO `zz_area_code` VALUES (610601000000, '市辖区', 3, 610600000000);
INSERT INTO `zz_area_code` VALUES (610602000000, '宝塔区', 3, 610600000000);
INSERT INTO `zz_area_code` VALUES (610603000000, '安塞区', 3, 610600000000);
INSERT INTO `zz_area_code` VALUES (610621000000, '延长县', 3, 610600000000);
INSERT INTO `zz_area_code` VALUES (610622000000, '延川县', 3, 610600000000);
INSERT INTO `zz_area_code` VALUES (610623000000, '子长县', 3, 610600000000);
INSERT INTO `zz_area_code` VALUES (610625000000, '志丹县', 3, 610600000000);
INSERT INTO `zz_area_code` VALUES (610626000000, '吴起县', 3, 610600000000);
INSERT INTO `zz_area_code` VALUES (610627000000, '甘泉县', 3, 610600000000);
INSERT INTO `zz_area_code` VALUES (610628000000, '富县', 3, 610600000000);
INSERT INTO `zz_area_code` VALUES (610629000000, '洛川县', 3, 610600000000);
INSERT INTO `zz_area_code` VALUES (610630000000, '宜川县', 3, 610600000000);
INSERT INTO `zz_area_code` VALUES (610631000000, '黄龙县', 3, 610600000000);
INSERT INTO `zz_area_code` VALUES (610632000000, '黄陵县', 3, 610600000000);
INSERT INTO `zz_area_code` VALUES (610700000000, '汉中市', 2, 610000000000);
INSERT INTO `zz_area_code` VALUES (610701000000, '市辖区', 3, 610700000000);
INSERT INTO `zz_area_code` VALUES (610702000000, '汉台区', 3, 610700000000);
INSERT INTO `zz_area_code` VALUES (610703000000, '南郑区', 3, 610700000000);
INSERT INTO `zz_area_code` VALUES (610722000000, '城固县', 3, 610700000000);
INSERT INTO `zz_area_code` VALUES (610723000000, '洋县', 3, 610700000000);
INSERT INTO `zz_area_code` VALUES (610724000000, '西乡县', 3, 610700000000);
INSERT INTO `zz_area_code` VALUES (610725000000, '勉县', 3, 610700000000);
INSERT INTO `zz_area_code` VALUES (610726000000, '宁强县', 3, 610700000000);
INSERT INTO `zz_area_code` VALUES (610727000000, '略阳县', 3, 610700000000);
INSERT INTO `zz_area_code` VALUES (610728000000, '镇巴县', 3, 610700000000);
INSERT INTO `zz_area_code` VALUES (610729000000, '留坝县', 3, 610700000000);
INSERT INTO `zz_area_code` VALUES (610730000000, '佛坪县', 3, 610700000000);
INSERT INTO `zz_area_code` VALUES (610800000000, '榆林市', 2, 610000000000);
INSERT INTO `zz_area_code` VALUES (610801000000, '市辖区', 3, 610800000000);
INSERT INTO `zz_area_code` VALUES (610802000000, '榆阳区', 3, 610800000000);
INSERT INTO `zz_area_code` VALUES (610803000000, '横山区', 3, 610800000000);
INSERT INTO `zz_area_code` VALUES (610822000000, '府谷县', 3, 610800000000);
INSERT INTO `zz_area_code` VALUES (610824000000, '靖边县', 3, 610800000000);
INSERT INTO `zz_area_code` VALUES (610825000000, '定边县', 3, 610800000000);
INSERT INTO `zz_area_code` VALUES (610826000000, '绥德县', 3, 610800000000);
INSERT INTO `zz_area_code` VALUES (610827000000, '米脂县', 3, 610800000000);
INSERT INTO `zz_area_code` VALUES (610828000000, '佳县', 3, 610800000000);
INSERT INTO `zz_area_code` VALUES (610829000000, '吴堡县', 3, 610800000000);
INSERT INTO `zz_area_code` VALUES (610830000000, '清涧县', 3, 610800000000);
INSERT INTO `zz_area_code` VALUES (610831000000, '子洲县', 3, 610800000000);
INSERT INTO `zz_area_code` VALUES (610881000000, '神木市', 3, 610800000000);
INSERT INTO `zz_area_code` VALUES (610900000000, '安康市', 2, 610000000000);
INSERT INTO `zz_area_code` VALUES (610901000000, '市辖区', 3, 610900000000);
INSERT INTO `zz_area_code` VALUES (610902000000, '汉滨区', 3, 610900000000);
INSERT INTO `zz_area_code` VALUES (610921000000, '汉阴县', 3, 610900000000);
INSERT INTO `zz_area_code` VALUES (610922000000, '石泉县', 3, 610900000000);
INSERT INTO `zz_area_code` VALUES (610923000000, '宁陕县', 3, 610900000000);
INSERT INTO `zz_area_code` VALUES (610924000000, '紫阳县', 3, 610900000000);
INSERT INTO `zz_area_code` VALUES (610925000000, '岚皋县', 3, 610900000000);
INSERT INTO `zz_area_code` VALUES (610926000000, '平利县', 3, 610900000000);
INSERT INTO `zz_area_code` VALUES (610927000000, '镇坪县', 3, 610900000000);
INSERT INTO `zz_area_code` VALUES (610928000000, '旬阳县', 3, 610900000000);
INSERT INTO `zz_area_code` VALUES (610929000000, '白河县', 3, 610900000000);
INSERT INTO `zz_area_code` VALUES (611000000000, '商洛市', 2, 610000000000);
INSERT INTO `zz_area_code` VALUES (611001000000, '市辖区', 3, 611000000000);
INSERT INTO `zz_area_code` VALUES (611002000000, '商州区', 3, 611000000000);
INSERT INTO `zz_area_code` VALUES (611021000000, '洛南县', 3, 611000000000);
INSERT INTO `zz_area_code` VALUES (611022000000, '丹凤县', 3, 611000000000);
INSERT INTO `zz_area_code` VALUES (611023000000, '商南县', 3, 611000000000);
INSERT INTO `zz_area_code` VALUES (611024000000, '山阳县', 3, 611000000000);
INSERT INTO `zz_area_code` VALUES (611025000000, '镇安县', 3, 611000000000);
INSERT INTO `zz_area_code` VALUES (611026000000, '柞水县', 3, 611000000000);
INSERT INTO `zz_area_code` VALUES (620000000000, '甘肃省', 1, NULL);
INSERT INTO `zz_area_code` VALUES (620100000000, '兰州市', 2, 620000000000);
INSERT INTO `zz_area_code` VALUES (620101000000, '市辖区', 3, 620100000000);
INSERT INTO `zz_area_code` VALUES (620102000000, '城关区', 3, 620100000000);
INSERT INTO `zz_area_code` VALUES (620103000000, '七里河区', 3, 620100000000);
INSERT INTO `zz_area_code` VALUES (620104000000, '西固区', 3, 620100000000);
INSERT INTO `zz_area_code` VALUES (620105000000, '安宁区', 3, 620100000000);
INSERT INTO `zz_area_code` VALUES (620111000000, '红古区', 3, 620100000000);
INSERT INTO `zz_area_code` VALUES (620121000000, '永登县', 3, 620100000000);
INSERT INTO `zz_area_code` VALUES (620122000000, '皋兰县', 3, 620100000000);
INSERT INTO `zz_area_code` VALUES (620123000000, '榆中县', 3, 620100000000);
INSERT INTO `zz_area_code` VALUES (620171000000, '兰州新区', 3, 620100000000);
INSERT INTO `zz_area_code` VALUES (620200000000, '嘉峪关市', 2, 620000000000);
INSERT INTO `zz_area_code` VALUES (620201000000, '市辖区', 3, 620200000000);
INSERT INTO `zz_area_code` VALUES (620300000000, '金昌市', 2, 620000000000);
INSERT INTO `zz_area_code` VALUES (620301000000, '市辖区', 3, 620300000000);
INSERT INTO `zz_area_code` VALUES (620302000000, '金川区', 3, 620300000000);
INSERT INTO `zz_area_code` VALUES (620321000000, '永昌县', 3, 620300000000);
INSERT INTO `zz_area_code` VALUES (620400000000, '白银市', 2, 620000000000);
INSERT INTO `zz_area_code` VALUES (620401000000, '市辖区', 3, 620400000000);
INSERT INTO `zz_area_code` VALUES (620402000000, '白银区', 3, 620400000000);
INSERT INTO `zz_area_code` VALUES (620403000000, '平川区', 3, 620400000000);
INSERT INTO `zz_area_code` VALUES (620421000000, '靖远县', 3, 620400000000);
INSERT INTO `zz_area_code` VALUES (620422000000, '会宁县', 3, 620400000000);
INSERT INTO `zz_area_code` VALUES (620423000000, '景泰县', 3, 620400000000);
INSERT INTO `zz_area_code` VALUES (620500000000, '天水市', 2, 620000000000);
INSERT INTO `zz_area_code` VALUES (620501000000, '市辖区', 3, 620500000000);
INSERT INTO `zz_area_code` VALUES (620502000000, '秦州区', 3, 620500000000);
INSERT INTO `zz_area_code` VALUES (620503000000, '麦积区', 3, 620500000000);
INSERT INTO `zz_area_code` VALUES (620521000000, '清水县', 3, 620500000000);
INSERT INTO `zz_area_code` VALUES (620522000000, '秦安县', 3, 620500000000);
INSERT INTO `zz_area_code` VALUES (620523000000, '甘谷县', 3, 620500000000);
INSERT INTO `zz_area_code` VALUES (620524000000, '武山县', 3, 620500000000);
INSERT INTO `zz_area_code` VALUES (620525000000, '张家川回族自治县', 3, 620500000000);
INSERT INTO `zz_area_code` VALUES (620600000000, '武威市', 2, 620000000000);
INSERT INTO `zz_area_code` VALUES (620601000000, '市辖区', 3, 620600000000);
INSERT INTO `zz_area_code` VALUES (620602000000, '凉州区', 3, 620600000000);
INSERT INTO `zz_area_code` VALUES (620621000000, '民勤县', 3, 620600000000);
INSERT INTO `zz_area_code` VALUES (620622000000, '古浪县', 3, 620600000000);
INSERT INTO `zz_area_code` VALUES (620623000000, '天祝藏族自治县', 3, 620600000000);
INSERT INTO `zz_area_code` VALUES (620700000000, '张掖市', 2, 620000000000);
INSERT INTO `zz_area_code` VALUES (620701000000, '市辖区', 3, 620700000000);
INSERT INTO `zz_area_code` VALUES (620702000000, '甘州区', 3, 620700000000);
INSERT INTO `zz_area_code` VALUES (620721000000, '肃南裕固族自治县', 3, 620700000000);
INSERT INTO `zz_area_code` VALUES (620722000000, '民乐县', 3, 620700000000);
INSERT INTO `zz_area_code` VALUES (620723000000, '临泽县', 3, 620700000000);
INSERT INTO `zz_area_code` VALUES (620724000000, '高台县', 3, 620700000000);
INSERT INTO `zz_area_code` VALUES (620725000000, '山丹县', 3, 620700000000);
INSERT INTO `zz_area_code` VALUES (620800000000, '平凉市', 2, 620000000000);
INSERT INTO `zz_area_code` VALUES (620801000000, '市辖区', 3, 620800000000);
INSERT INTO `zz_area_code` VALUES (620802000000, '崆峒区', 3, 620800000000);
INSERT INTO `zz_area_code` VALUES (620821000000, '泾川县', 3, 620800000000);
INSERT INTO `zz_area_code` VALUES (620822000000, '灵台县', 3, 620800000000);
INSERT INTO `zz_area_code` VALUES (620823000000, '崇信县', 3, 620800000000);
INSERT INTO `zz_area_code` VALUES (620825000000, '庄浪县', 3, 620800000000);
INSERT INTO `zz_area_code` VALUES (620826000000, '静宁县', 3, 620800000000);
INSERT INTO `zz_area_code` VALUES (620881000000, '华亭市', 3, 620800000000);
INSERT INTO `zz_area_code` VALUES (620900000000, '酒泉市', 2, 620000000000);
INSERT INTO `zz_area_code` VALUES (620901000000, '市辖区', 3, 620900000000);
INSERT INTO `zz_area_code` VALUES (620902000000, '肃州区', 3, 620900000000);
INSERT INTO `zz_area_code` VALUES (620921000000, '金塔县', 3, 620900000000);
INSERT INTO `zz_area_code` VALUES (620922000000, '瓜州县', 3, 620900000000);
INSERT INTO `zz_area_code` VALUES (620923000000, '肃北蒙古族自治县', 3, 620900000000);
INSERT INTO `zz_area_code` VALUES (620924000000, '阿克塞哈萨克族自治县', 3, 620900000000);
INSERT INTO `zz_area_code` VALUES (620981000000, '玉门市', 3, 620900000000);
INSERT INTO `zz_area_code` VALUES (620982000000, '敦煌市', 3, 620900000000);
INSERT INTO `zz_area_code` VALUES (621000000000, '庆阳市', 2, 620000000000);
INSERT INTO `zz_area_code` VALUES (621001000000, '市辖区', 3, 621000000000);
INSERT INTO `zz_area_code` VALUES (621002000000, '西峰区', 3, 621000000000);
INSERT INTO `zz_area_code` VALUES (621021000000, '庆城县', 3, 621000000000);
INSERT INTO `zz_area_code` VALUES (621022000000, '环县', 3, 621000000000);
INSERT INTO `zz_area_code` VALUES (621023000000, '华池县', 3, 621000000000);
INSERT INTO `zz_area_code` VALUES (621024000000, '合水县', 3, 621000000000);
INSERT INTO `zz_area_code` VALUES (621025000000, '正宁县', 3, 621000000000);
INSERT INTO `zz_area_code` VALUES (621026000000, '宁县', 3, 621000000000);
INSERT INTO `zz_area_code` VALUES (621027000000, '镇原县', 3, 621000000000);
INSERT INTO `zz_area_code` VALUES (621100000000, '定西市', 2, 620000000000);
INSERT INTO `zz_area_code` VALUES (621101000000, '市辖区', 3, 621100000000);
INSERT INTO `zz_area_code` VALUES (621102000000, '安定区', 3, 621100000000);
INSERT INTO `zz_area_code` VALUES (621121000000, '通渭县', 3, 621100000000);
INSERT INTO `zz_area_code` VALUES (621122000000, '陇西县', 3, 621100000000);
INSERT INTO `zz_area_code` VALUES (621123000000, '渭源县', 3, 621100000000);
INSERT INTO `zz_area_code` VALUES (621124000000, '临洮县', 3, 621100000000);
INSERT INTO `zz_area_code` VALUES (621125000000, '漳县', 3, 621100000000);
INSERT INTO `zz_area_code` VALUES (621126000000, '岷县', 3, 621100000000);
INSERT INTO `zz_area_code` VALUES (621200000000, '陇南市', 2, 620000000000);
INSERT INTO `zz_area_code` VALUES (621201000000, '市辖区', 3, 621200000000);
INSERT INTO `zz_area_code` VALUES (621202000000, '武都区', 3, 621200000000);
INSERT INTO `zz_area_code` VALUES (621221000000, '成县', 3, 621200000000);
INSERT INTO `zz_area_code` VALUES (621222000000, '文县', 3, 621200000000);
INSERT INTO `zz_area_code` VALUES (621223000000, '宕昌县', 3, 621200000000);
INSERT INTO `zz_area_code` VALUES (621224000000, '康县', 3, 621200000000);
INSERT INTO `zz_area_code` VALUES (621225000000, '西和县', 3, 621200000000);
INSERT INTO `zz_area_code` VALUES (621226000000, '礼县', 3, 621200000000);
INSERT INTO `zz_area_code` VALUES (621227000000, '徽县', 3, 621200000000);
INSERT INTO `zz_area_code` VALUES (621228000000, '两当县', 3, 621200000000);
INSERT INTO `zz_area_code` VALUES (622900000000, '临夏回族自治州', 2, 620000000000);
INSERT INTO `zz_area_code` VALUES (622901000000, '临夏市', 3, 622900000000);
INSERT INTO `zz_area_code` VALUES (622921000000, '临夏县', 3, 622900000000);
INSERT INTO `zz_area_code` VALUES (622922000000, '康乐县', 3, 622900000000);
INSERT INTO `zz_area_code` VALUES (622923000000, '永靖县', 3, 622900000000);
INSERT INTO `zz_area_code` VALUES (622924000000, '广河县', 3, 622900000000);
INSERT INTO `zz_area_code` VALUES (622925000000, '和政县', 3, 622900000000);
INSERT INTO `zz_area_code` VALUES (622926000000, '东乡族自治县', 3, 622900000000);
INSERT INTO `zz_area_code` VALUES (622927000000, '积石山保安族东乡族撒拉族自治县', 3, 622900000000);
INSERT INTO `zz_area_code` VALUES (623000000000, '甘南藏族自治州', 2, 620000000000);
INSERT INTO `zz_area_code` VALUES (623001000000, '合作市', 3, 623000000000);
INSERT INTO `zz_area_code` VALUES (623021000000, '临潭县', 3, 623000000000);
INSERT INTO `zz_area_code` VALUES (623022000000, '卓尼县', 3, 623000000000);
INSERT INTO `zz_area_code` VALUES (623023000000, '舟曲县', 3, 623000000000);
INSERT INTO `zz_area_code` VALUES (623024000000, '迭部县', 3, 623000000000);
INSERT INTO `zz_area_code` VALUES (623025000000, '玛曲县', 3, 623000000000);
INSERT INTO `zz_area_code` VALUES (623026000000, '碌曲县', 3, 623000000000);
INSERT INTO `zz_area_code` VALUES (623027000000, '夏河县', 3, 623000000000);
INSERT INTO `zz_area_code` VALUES (630000000000, '青海省', 1, NULL);
INSERT INTO `zz_area_code` VALUES (630100000000, '西宁市', 2, 630000000000);
INSERT INTO `zz_area_code` VALUES (630101000000, '市辖区', 3, 630100000000);
INSERT INTO `zz_area_code` VALUES (630102000000, '城东区', 3, 630100000000);
INSERT INTO `zz_area_code` VALUES (630103000000, '城中区', 3, 630100000000);
INSERT INTO `zz_area_code` VALUES (630104000000, '城西区', 3, 630100000000);
INSERT INTO `zz_area_code` VALUES (630105000000, '城北区', 3, 630100000000);
INSERT INTO `zz_area_code` VALUES (630121000000, '大通回族土族自治县', 3, 630100000000);
INSERT INTO `zz_area_code` VALUES (630122000000, '湟中县', 3, 630100000000);
INSERT INTO `zz_area_code` VALUES (630123000000, '湟源县', 3, 630100000000);
INSERT INTO `zz_area_code` VALUES (630200000000, '海东市', 2, 630000000000);
INSERT INTO `zz_area_code` VALUES (630202000000, '乐都区', 3, 630200000000);
INSERT INTO `zz_area_code` VALUES (630203000000, '平安区', 3, 630200000000);
INSERT INTO `zz_area_code` VALUES (630222000000, '民和回族土族自治县', 3, 630200000000);
INSERT INTO `zz_area_code` VALUES (630223000000, '互助土族自治县', 3, 630200000000);
INSERT INTO `zz_area_code` VALUES (630224000000, '化隆回族自治县', 3, 630200000000);
INSERT INTO `zz_area_code` VALUES (630225000000, '循化撒拉族自治县', 3, 630200000000);
INSERT INTO `zz_area_code` VALUES (632200000000, '海北藏族自治州', 2, 630000000000);
INSERT INTO `zz_area_code` VALUES (632221000000, '门源回族自治县', 3, 632200000000);
INSERT INTO `zz_area_code` VALUES (632222000000, '祁连县', 3, 632200000000);
INSERT INTO `zz_area_code` VALUES (632223000000, '海晏县', 3, 632200000000);
INSERT INTO `zz_area_code` VALUES (632224000000, '刚察县', 3, 632200000000);
INSERT INTO `zz_area_code` VALUES (632300000000, '黄南藏族自治州', 2, 630000000000);
INSERT INTO `zz_area_code` VALUES (632321000000, '同仁县', 3, 632300000000);
INSERT INTO `zz_area_code` VALUES (632322000000, '尖扎县', 3, 632300000000);
INSERT INTO `zz_area_code` VALUES (632323000000, '泽库县', 3, 632300000000);
INSERT INTO `zz_area_code` VALUES (632324000000, '河南蒙古族自治县', 3, 632300000000);
INSERT INTO `zz_area_code` VALUES (632500000000, '海南藏族自治州', 2, 630000000000);
INSERT INTO `zz_area_code` VALUES (632521000000, '共和县', 3, 632500000000);
INSERT INTO `zz_area_code` VALUES (632522000000, '同德县', 3, 632500000000);
INSERT INTO `zz_area_code` VALUES (632523000000, '贵德县', 3, 632500000000);
INSERT INTO `zz_area_code` VALUES (632524000000, '兴海县', 3, 632500000000);
INSERT INTO `zz_area_code` VALUES (632525000000, '贵南县', 3, 632500000000);
INSERT INTO `zz_area_code` VALUES (632600000000, '果洛藏族自治州', 2, 630000000000);
INSERT INTO `zz_area_code` VALUES (632621000000, '玛沁县', 3, 632600000000);
INSERT INTO `zz_area_code` VALUES (632622000000, '班玛县', 3, 632600000000);
INSERT INTO `zz_area_code` VALUES (632623000000, '甘德县', 3, 632600000000);
INSERT INTO `zz_area_code` VALUES (632624000000, '达日县', 3, 632600000000);
INSERT INTO `zz_area_code` VALUES (632625000000, '久治县', 3, 632600000000);
INSERT INTO `zz_area_code` VALUES (632626000000, '玛多县', 3, 632600000000);
INSERT INTO `zz_area_code` VALUES (632700000000, '玉树藏族自治州', 2, 630000000000);
INSERT INTO `zz_area_code` VALUES (632701000000, '玉树市', 3, 632700000000);
INSERT INTO `zz_area_code` VALUES (632722000000, '杂多县', 3, 632700000000);
INSERT INTO `zz_area_code` VALUES (632723000000, '称多县', 3, 632700000000);
INSERT INTO `zz_area_code` VALUES (632724000000, '治多县', 3, 632700000000);
INSERT INTO `zz_area_code` VALUES (632725000000, '囊谦县', 3, 632700000000);
INSERT INTO `zz_area_code` VALUES (632726000000, '曲麻莱县', 3, 632700000000);
INSERT INTO `zz_area_code` VALUES (632800000000, '海西蒙古族藏族自治州', 2, 630000000000);
INSERT INTO `zz_area_code` VALUES (632801000000, '格尔木市', 3, 632800000000);
INSERT INTO `zz_area_code` VALUES (632802000000, '德令哈市', 3, 632800000000);
INSERT INTO `zz_area_code` VALUES (632803000000, '茫崖市', 3, 632800000000);
INSERT INTO `zz_area_code` VALUES (632821000000, '乌兰县', 3, 632800000000);
INSERT INTO `zz_area_code` VALUES (632822000000, '都兰县', 3, 632800000000);
INSERT INTO `zz_area_code` VALUES (632823000000, '天峻县', 3, 632800000000);
INSERT INTO `zz_area_code` VALUES (632857000000, '大柴旦行政委员会', 3, 632800000000);
INSERT INTO `zz_area_code` VALUES (640000000000, '宁夏回族自治区', 1, NULL);
INSERT INTO `zz_area_code` VALUES (640100000000, '银川市', 2, 640000000000);
INSERT INTO `zz_area_code` VALUES (640101000000, '市辖区', 3, 640100000000);
INSERT INTO `zz_area_code` VALUES (640104000000, '兴庆区', 3, 640100000000);
INSERT INTO `zz_area_code` VALUES (640105000000, '西夏区', 3, 640100000000);
INSERT INTO `zz_area_code` VALUES (640106000000, '金凤区', 3, 640100000000);
INSERT INTO `zz_area_code` VALUES (640121000000, '永宁县', 3, 640100000000);
INSERT INTO `zz_area_code` VALUES (640122000000, '贺兰县', 3, 640100000000);
INSERT INTO `zz_area_code` VALUES (640181000000, '灵武市', 3, 640100000000);
INSERT INTO `zz_area_code` VALUES (640200000000, '石嘴山市', 2, 640000000000);
INSERT INTO `zz_area_code` VALUES (640201000000, '市辖区', 3, 640200000000);
INSERT INTO `zz_area_code` VALUES (640202000000, '大武口区', 3, 640200000000);
INSERT INTO `zz_area_code` VALUES (640205000000, '惠农区', 3, 640200000000);
INSERT INTO `zz_area_code` VALUES (640221000000, '平罗县', 3, 640200000000);
INSERT INTO `zz_area_code` VALUES (640300000000, '吴忠市', 2, 640000000000);
INSERT INTO `zz_area_code` VALUES (640301000000, '市辖区', 3, 640300000000);
INSERT INTO `zz_area_code` VALUES (640302000000, '利通区', 3, 640300000000);
INSERT INTO `zz_area_code` VALUES (640303000000, '红寺堡区', 3, 640300000000);
INSERT INTO `zz_area_code` VALUES (640323000000, '盐池县', 3, 640300000000);
INSERT INTO `zz_area_code` VALUES (640324000000, '同心县', 3, 640300000000);
INSERT INTO `zz_area_code` VALUES (640381000000, '青铜峡市', 3, 640300000000);
INSERT INTO `zz_area_code` VALUES (640400000000, '固原市', 2, 640000000000);
INSERT INTO `zz_area_code` VALUES (640401000000, '市辖区', 3, 640400000000);
INSERT INTO `zz_area_code` VALUES (640402000000, '原州区', 3, 640400000000);
INSERT INTO `zz_area_code` VALUES (640422000000, '西吉县', 3, 640400000000);
INSERT INTO `zz_area_code` VALUES (640423000000, '隆德县', 3, 640400000000);
INSERT INTO `zz_area_code` VALUES (640424000000, '泾源县', 3, 640400000000);
INSERT INTO `zz_area_code` VALUES (640425000000, '彭阳县', 3, 640400000000);
INSERT INTO `zz_area_code` VALUES (640500000000, '中卫市', 2, 640000000000);
INSERT INTO `zz_area_code` VALUES (640501000000, '市辖区', 3, 640500000000);
INSERT INTO `zz_area_code` VALUES (640502000000, '沙坡头区', 3, 640500000000);
INSERT INTO `zz_area_code` VALUES (640521000000, '中宁县', 3, 640500000000);
INSERT INTO `zz_area_code` VALUES (640522000000, '海原县', 3, 640500000000);
INSERT INTO `zz_area_code` VALUES (650000000000, '新疆维吾尔自治区', 1, NULL);
INSERT INTO `zz_area_code` VALUES (650100000000, '乌鲁木齐市', 2, 650000000000);
INSERT INTO `zz_area_code` VALUES (650101000000, '市辖区', 3, 650100000000);
INSERT INTO `zz_area_code` VALUES (650102000000, '天山区', 3, 650100000000);
INSERT INTO `zz_area_code` VALUES (650103000000, '沙依巴克区', 3, 650100000000);
INSERT INTO `zz_area_code` VALUES (650104000000, '新市区', 3, 650100000000);
INSERT INTO `zz_area_code` VALUES (650105000000, '水磨沟区', 3, 650100000000);
INSERT INTO `zz_area_code` VALUES (650106000000, '头屯河区', 3, 650100000000);
INSERT INTO `zz_area_code` VALUES (650107000000, '达坂城区', 3, 650100000000);
INSERT INTO `zz_area_code` VALUES (650109000000, '米东区', 3, 650100000000);
INSERT INTO `zz_area_code` VALUES (650121000000, '乌鲁木齐县', 3, 650100000000);
INSERT INTO `zz_area_code` VALUES (650171000000, '乌鲁木齐经济技术开发区', 3, 650100000000);
INSERT INTO `zz_area_code` VALUES (650172000000, '乌鲁木齐高新技术产业开发区', 3, 650100000000);
INSERT INTO `zz_area_code` VALUES (650200000000, '克拉玛依市', 2, 650000000000);
INSERT INTO `zz_area_code` VALUES (650201000000, '市辖区', 3, 650200000000);
INSERT INTO `zz_area_code` VALUES (650202000000, '独山子区', 3, 650200000000);
INSERT INTO `zz_area_code` VALUES (650203000000, '克拉玛依区', 3, 650200000000);
INSERT INTO `zz_area_code` VALUES (650204000000, '白碱滩区', 3, 650200000000);
INSERT INTO `zz_area_code` VALUES (650205000000, '乌尔禾区', 3, 650200000000);
INSERT INTO `zz_area_code` VALUES (650400000000, '吐鲁番市', 2, 650000000000);
INSERT INTO `zz_area_code` VALUES (650402000000, '高昌区', 3, 650400000000);
INSERT INTO `zz_area_code` VALUES (650421000000, '鄯善县', 3, 650400000000);
INSERT INTO `zz_area_code` VALUES (650422000000, '托克逊县', 3, 650400000000);
INSERT INTO `zz_area_code` VALUES (650500000000, '哈密市', 2, 650000000000);
INSERT INTO `zz_area_code` VALUES (650502000000, '伊州区', 3, 650500000000);
INSERT INTO `zz_area_code` VALUES (650521000000, '巴里坤哈萨克自治县', 3, 650500000000);
INSERT INTO `zz_area_code` VALUES (650522000000, '伊吾县', 3, 650500000000);
INSERT INTO `zz_area_code` VALUES (652300000000, '昌吉回族自治州', 2, 650000000000);
INSERT INTO `zz_area_code` VALUES (652301000000, '昌吉市', 3, 652300000000);
INSERT INTO `zz_area_code` VALUES (652302000000, '阜康市', 3, 652300000000);
INSERT INTO `zz_area_code` VALUES (652323000000, '呼图壁县', 3, 652300000000);
INSERT INTO `zz_area_code` VALUES (652324000000, '玛纳斯县', 3, 652300000000);
INSERT INTO `zz_area_code` VALUES (652325000000, '奇台县', 3, 652300000000);
INSERT INTO `zz_area_code` VALUES (652327000000, '吉木萨尔县', 3, 652300000000);
INSERT INTO `zz_area_code` VALUES (652328000000, '木垒哈萨克自治县', 3, 652300000000);
INSERT INTO `zz_area_code` VALUES (652700000000, '博尔塔拉蒙古自治州', 2, 650000000000);
INSERT INTO `zz_area_code` VALUES (652701000000, '博乐市', 3, 652700000000);
INSERT INTO `zz_area_code` VALUES (652702000000, '阿拉山口市', 3, 652700000000);
INSERT INTO `zz_area_code` VALUES (652722000000, '精河县', 3, 652700000000);
INSERT INTO `zz_area_code` VALUES (652723000000, '温泉县', 3, 652700000000);
INSERT INTO `zz_area_code` VALUES (652800000000, '巴音郭楞蒙古自治州', 2, 650000000000);
INSERT INTO `zz_area_code` VALUES (652801000000, '库尔勒市', 3, 652800000000);
INSERT INTO `zz_area_code` VALUES (652822000000, '轮台县', 3, 652800000000);
INSERT INTO `zz_area_code` VALUES (652823000000, '尉犁县', 3, 652800000000);
INSERT INTO `zz_area_code` VALUES (652824000000, '若羌县', 3, 652800000000);
INSERT INTO `zz_area_code` VALUES (652825000000, '且末县', 3, 652800000000);
INSERT INTO `zz_area_code` VALUES (652826000000, '焉耆回族自治县', 3, 652800000000);
INSERT INTO `zz_area_code` VALUES (652827000000, '和静县', 3, 652800000000);
INSERT INTO `zz_area_code` VALUES (652828000000, '和硕县', 3, 652800000000);
INSERT INTO `zz_area_code` VALUES (652829000000, '博湖县', 3, 652800000000);
INSERT INTO `zz_area_code` VALUES (652871000000, '库尔勒经济技术开发区', 3, 652800000000);
INSERT INTO `zz_area_code` VALUES (652900000000, '阿克苏地区', 2, 650000000000);
INSERT INTO `zz_area_code` VALUES (652901000000, '阿克苏市', 3, 652900000000);
INSERT INTO `zz_area_code` VALUES (652922000000, '温宿县', 3, 652900000000);
INSERT INTO `zz_area_code` VALUES (652923000000, '库车县', 3, 652900000000);
INSERT INTO `zz_area_code` VALUES (652924000000, '沙雅县', 3, 652900000000);
INSERT INTO `zz_area_code` VALUES (652925000000, '新和县', 3, 652900000000);
INSERT INTO `zz_area_code` VALUES (652926000000, '拜城县', 3, 652900000000);
INSERT INTO `zz_area_code` VALUES (652927000000, '乌什县', 3, 652900000000);
INSERT INTO `zz_area_code` VALUES (652928000000, '阿瓦提县', 3, 652900000000);
INSERT INTO `zz_area_code` VALUES (652929000000, '柯坪县', 3, 652900000000);
INSERT INTO `zz_area_code` VALUES (653000000000, '克孜勒苏柯尔克孜自治州', 2, 650000000000);
INSERT INTO `zz_area_code` VALUES (653001000000, '阿图什市', 3, 653000000000);
INSERT INTO `zz_area_code` VALUES (653022000000, '阿克陶县', 3, 653000000000);
INSERT INTO `zz_area_code` VALUES (653023000000, '阿合奇县', 3, 653000000000);
INSERT INTO `zz_area_code` VALUES (653024000000, '乌恰县', 3, 653000000000);
INSERT INTO `zz_area_code` VALUES (653100000000, '喀什地区', 2, 650000000000);
INSERT INTO `zz_area_code` VALUES (653101000000, '喀什市', 3, 653100000000);
INSERT INTO `zz_area_code` VALUES (653121000000, '疏附县', 3, 653100000000);
INSERT INTO `zz_area_code` VALUES (653122000000, '疏勒县', 3, 653100000000);
INSERT INTO `zz_area_code` VALUES (653123000000, '英吉沙县', 3, 653100000000);
INSERT INTO `zz_area_code` VALUES (653124000000, '泽普县', 3, 653100000000);
INSERT INTO `zz_area_code` VALUES (653125000000, '莎车县', 3, 653100000000);
INSERT INTO `zz_area_code` VALUES (653126000000, '叶城县', 3, 653100000000);
INSERT INTO `zz_area_code` VALUES (653127000000, '麦盖提县', 3, 653100000000);
INSERT INTO `zz_area_code` VALUES (653128000000, '岳普湖县', 3, 653100000000);
INSERT INTO `zz_area_code` VALUES (653129000000, '伽师县', 3, 653100000000);
INSERT INTO `zz_area_code` VALUES (653130000000, '巴楚县', 3, 653100000000);
INSERT INTO `zz_area_code` VALUES (653131000000, '塔什库尔干塔吉克自治县', 3, 653100000000);
INSERT INTO `zz_area_code` VALUES (653200000000, '和田地区', 2, 650000000000);
INSERT INTO `zz_area_code` VALUES (653201000000, '和田市', 3, 653200000000);
INSERT INTO `zz_area_code` VALUES (653221000000, '和田县', 3, 653200000000);
INSERT INTO `zz_area_code` VALUES (653222000000, '墨玉县', 3, 653200000000);
INSERT INTO `zz_area_code` VALUES (653223000000, '皮山县', 3, 653200000000);
INSERT INTO `zz_area_code` VALUES (653224000000, '洛浦县', 3, 653200000000);
INSERT INTO `zz_area_code` VALUES (653225000000, '策勒县', 3, 653200000000);
INSERT INTO `zz_area_code` VALUES (653226000000, '于田县', 3, 653200000000);
INSERT INTO `zz_area_code` VALUES (653227000000, '民丰县', 3, 653200000000);
INSERT INTO `zz_area_code` VALUES (654000000000, '伊犁哈萨克自治州', 2, 650000000000);
INSERT INTO `zz_area_code` VALUES (654002000000, '伊宁市', 3, 654000000000);
INSERT INTO `zz_area_code` VALUES (654003000000, '奎屯市', 3, 654000000000);
INSERT INTO `zz_area_code` VALUES (654004000000, '霍尔果斯市', 3, 654000000000);
INSERT INTO `zz_area_code` VALUES (654021000000, '伊宁县', 3, 654000000000);
INSERT INTO `zz_area_code` VALUES (654022000000, '察布查尔锡伯自治县', 3, 654000000000);
INSERT INTO `zz_area_code` VALUES (654023000000, '霍城县', 3, 654000000000);
INSERT INTO `zz_area_code` VALUES (654024000000, '巩留县', 3, 654000000000);
INSERT INTO `zz_area_code` VALUES (654025000000, '新源县', 3, 654000000000);
INSERT INTO `zz_area_code` VALUES (654026000000, '昭苏县', 3, 654000000000);
INSERT INTO `zz_area_code` VALUES (654027000000, '特克斯县', 3, 654000000000);
INSERT INTO `zz_area_code` VALUES (654028000000, '尼勒克县', 3, 654000000000);
INSERT INTO `zz_area_code` VALUES (654200000000, '塔城地区', 2, 650000000000);
INSERT INTO `zz_area_code` VALUES (654201000000, '塔城市', 3, 654200000000);
INSERT INTO `zz_area_code` VALUES (654202000000, '乌苏市', 3, 654200000000);
INSERT INTO `zz_area_code` VALUES (654221000000, '额敏县', 3, 654200000000);
INSERT INTO `zz_area_code` VALUES (654223000000, '沙湾县', 3, 654200000000);
INSERT INTO `zz_area_code` VALUES (654224000000, '托里县', 3, 654200000000);
INSERT INTO `zz_area_code` VALUES (654225000000, '裕民县', 3, 654200000000);
INSERT INTO `zz_area_code` VALUES (654226000000, '和布克赛尔蒙古自治县', 3, 654200000000);
INSERT INTO `zz_area_code` VALUES (654300000000, '阿勒泰地区', 2, 650000000000);
INSERT INTO `zz_area_code` VALUES (654301000000, '阿勒泰市', 3, 654300000000);
INSERT INTO `zz_area_code` VALUES (654321000000, '布尔津县', 3, 654300000000);
INSERT INTO `zz_area_code` VALUES (654322000000, '富蕴县', 3, 654300000000);
INSERT INTO `zz_area_code` VALUES (654323000000, '福海县', 3, 654300000000);
INSERT INTO `zz_area_code` VALUES (654324000000, '哈巴河县', 3, 654300000000);
INSERT INTO `zz_area_code` VALUES (654325000000, '青河县', 3, 654300000000);
INSERT INTO `zz_area_code` VALUES (654326000000, '吉木乃县', 3, 654300000000);
INSERT INTO `zz_area_code` VALUES (659000000000, '自治区直辖县级行政区划', 2, 650000000000);
INSERT INTO `zz_area_code` VALUES (659001000000, '石河子市', 3, 659000000000);
INSERT INTO `zz_area_code` VALUES (659002000000, '阿拉尔市', 3, 659000000000);
INSERT INTO `zz_area_code` VALUES (659003000000, '图木舒克市', 3, 659000000000);
INSERT INTO `zz_area_code` VALUES (659004000000, '五家渠市', 3, 659000000000);
INSERT INTO `zz_area_code` VALUES (659006000000, '铁门关市', 3, 659000000000);
COMMIT;

-- ----------------------------
-- Table structure for zz_class
-- ----------------------------
DROP TABLE IF EXISTS `zz_class`;
CREATE TABLE `zz_class` (
  `class_id` bigint(20) NOT NULL COMMENT '班级Id',
  `class_name` varchar(64) COLLATE utf8mb4_bin NOT NULL COMMENT '班级名称',
  `school_id` bigint(20) NOT NULL COMMENT '学校Id',
  `leader_id` bigint(20) NOT NULL COMMENT '学生班长Id',
  `finish_class_hour` int(11) NOT NULL DEFAULT '0' COMMENT '已完成课时数量',
  `class_level` tinyint(4) NOT NULL COMMENT '班级级别(0: 初级班 1: 培优班 2: 冲刺提分班 3: 竞赛班)',
  `create_user_id` bigint(20) NOT NULL COMMENT '创建用户',
  `create_time` datetime NOT NULL COMMENT '班级创建时间',
  `status` tinyint(4) NOT NULL DEFAULT '0' COMMENT '班级状态(0: 正常 1: 解散)',
  PRIMARY KEY (`class_id`) USING BTREE
) ENGINE=InnoDB DEFAULT CHARSET=utf8mb4 COLLATE=utf8mb4_bin;

-- ----------------------------
-- Records of zz_class
-- ----------------------------
BEGIN;
INSERT INTO `zz_class` VALUES (1016971499387228160, '小学一年级随堂班', 1015817732197453824, 1015842628948463616, 15, 0, 1093809448606765057, '2020-10-17 00:00:00', 1);
INSERT INTO `zz_class` VALUES (1016971692685922304, '小学二年级随堂班', 1015818056597508096, 1018000939508568064, 20, 0, 1093809448606765057, '2020-10-17 00:00:00', 1);
INSERT INTO `zz_class` VALUES (1016971755373989888, '小学三年级随堂班', 1015817732197453824, 1015842628948463616, 100, 0, 1093809448606765057, '2020-10-17 00:00:00', 1);
INSERT INTO `zz_class` VALUES (1016971816040402944, '小学四年级随堂班', 1015817732197453824, 1015852853839532032, 0, 0, 1093809448606765057, '2020-10-17 00:00:00', 1);
INSERT INTO `zz_class` VALUES (1016971872105664512, '小学五年级随堂班', 1015818056597508096, 1018001219050541056, 0, 0, 1093809448606765057, '2020-10-17 00:00:00', 1);
INSERT INTO `zz_class` VALUES (1016971931153076224, '小学六年级随堂班', 1015817732197453824, 1015852480873631744, 0, 0, 1093809448606765057, '2020-10-17 00:00:00', 1);
INSERT INTO `zz_class` VALUES (1016972016347779072, '小学一年级提高班', 1015817732197453824, 1015842628948463616, 0, 1, 1093809448606765057, '2020-10-17 00:00:00', 1);
INSERT INTO `zz_class` VALUES (1016972071955861504, '小学二年级提高班', 1015817732197453824, 1015852480873631744, 0, 1, 1093809448606765057, '2020-10-17 00:00:00', 1);
INSERT INTO `zz_class` VALUES (1016972128667045888, '小学三年级提高班', 1015818056597508096, 1018001219050541056, 0, 1, 1093809448606765057, '2020-10-17 00:00:00', 1);
INSERT INTO `zz_class` VALUES (1016972187949338624, '小学四年级提高班', 1015817732197453824, 1015852480873631744, 0, 1, 1093809448606765057, '2020-10-17 00:00:00', 1);
INSERT INTO `zz_class` VALUES (1016972236452270080, '小学五年级提高班', 1015817732197453824, 1015852480873631744, 0, 1, 1093809448606765057, '2020-10-17 00:00:00', 1);
INSERT INTO `zz_class` VALUES (1016972308355223552, '小学六年级提高班', 1015818056597508096, 1018000939508568064, 0, 1, 1093809448606765057, '2020-10-17 00:00:00', 1);
INSERT INTO `zz_class` VALUES (1016972406023786496, '小学奥林匹克竞赛班', 1015818056597508096, 1018001219050541056, 0, 1, 1093809448606765057, '2020-10-17 00:00:00', 1);
INSERT INTO `zz_class` VALUES (1016972484746678272, '小学毕业提分班', 1015818056597508096, 1018000939508568064, 0, 2, 1093809448606765057, '2020-10-17 00:00:00', 1);
COMMIT;

-- ----------------------------
-- Table structure for zz_class_course
-- ----------------------------
DROP TABLE IF EXISTS `zz_class_course`;
CREATE TABLE `zz_class_course` (
  `class_id` bigint(20) NOT NULL COMMENT '班级Id',
  `course_id` bigint(20) NOT NULL COMMENT '课程Id',
  `course_order` tinyint(4) NOT NULL DEFAULT '0' COMMENT '课程顺序(数值越小越靠前)',
  PRIMARY KEY (`class_id`,`course_id`) USING BTREE
) ENGINE=InnoDB DEFAULT CHARSET=utf8mb4 COLLATE=utf8mb4_bin;

-- ----------------------------
-- Records of zz_class_course
-- ----------------------------
BEGIN;
INSERT INTO `zz_class_course` VALUES (1016971499387228160, 1016699195411402752, 1);
INSERT INTO `zz_class_course` VALUES (1016971499387228160, 1016920878164480000, 0);
INSERT INTO `zz_class_course` VALUES (1016971499387228160, 1016923276064854016, 0);
INSERT INTO `zz_class_course` VALUES (1016971692685922304, 1016917385529790464, 1);
INSERT INTO `zz_class_course` VALUES (1016971755373989888, 1016917732260319232, 0);
INSERT INTO `zz_class_course` VALUES (1016971755373989888, 1016917900699373568, 0);
INSERT INTO `zz_class_course` VALUES (1016971755373989888, 1016918360520921088, 0);
INSERT INTO `zz_class_course` VALUES (1016971755373989888, 1016918605715738624, 0);
INSERT INTO `zz_class_course` VALUES (1016971755373989888, 1016918836729614336, 0);
COMMIT;

-- ----------------------------
-- Table structure for zz_class_student
-- ----------------------------
DROP TABLE IF EXISTS `zz_class_student`;
CREATE TABLE `zz_class_student` (
  `class_id` bigint(20) NOT NULL COMMENT '班级Id',
  `student_id` bigint(20) NOT NULL COMMENT '学生Id',
  PRIMARY KEY (`class_id`,`student_id`) USING BTREE,
  KEY `idx_student_id` (`student_id`) USING BTREE
) ENGINE=InnoDB DEFAULT CHARSET=utf8mb4 COLLATE=utf8mb4_bin;

-- ----------------------------
-- Records of zz_class_student
-- ----------------------------
BEGIN;
INSERT INTO `zz_class_student` VALUES (1016971499387228160, 1015842628948463616);
INSERT INTO `zz_class_student` VALUES (1016971692685922304, 1015842628948463616);
INSERT INTO `zz_class_student` VALUES (1016971499387228160, 1015852480873631744);
INSERT INTO `zz_class_student` VALUES (1016971692685922304, 1015852853839532032);
INSERT INTO `zz_class_student` VALUES (1016972016347779072, 1018000939508568064);
INSERT INTO `zz_class_student` VALUES (1016972016347779072, 1018001219050541056);
COMMIT;

-- ----------------------------
-- Table structure for zz_course
-- ----------------------------
DROP TABLE IF EXISTS `zz_course`;
CREATE TABLE `zz_course` (
  `course_id` bigint(20) NOT NULL COMMENT '主键Id',
  `course_name` varchar(255) CHARACTER SET utf8 COLLATE utf8_bin NOT NULL COMMENT '课程名称',
  `price` decimal(10,2) NOT NULL COMMENT '课程价格',
  `description` varchar(255) CHARACTER SET utf8 COLLATE utf8_bin DEFAULT NULL COMMENT '课程描述',
  `difficulty` int(11) NOT NULL COMMENT '课程难度(0: 容易 1: 普通 2: 很难)',
  `grade_id` tinyint(4) NOT NULL COMMENT '年级Id',
  `subject_id` tinyint(4) NOT NULL COMMENT '学科Id',
  `class_hour` int(11) NOT NULL COMMENT '课时数量',
  `picture_url` varchar(1024) CHARACTER SET utf8 COLLATE utf8_bin NOT NULL COMMENT '多张课程图片地址',
  `create_user_id` bigint(20) NOT NULL COMMENT '创建用户Id',
  `create_time` datetime NOT NULL COMMENT '创建时间',
  `update_time` datetime NOT NULL COMMENT '最后修改时间',
  PRIMARY KEY (`course_id`) USING BTREE
) ENGINE=InnoDB DEFAULT CHARSET=utf8mb4 COLLATE=utf8mb4_bin;

-- ----------------------------
-- Records of zz_course
-- ----------------------------
BEGIN;
INSERT INTO `zz_course` VALUES (1016699195411402752, '小学一年级拼音基础练习', 299.00, '小学一年级拼音基础练习', 0, 1, 0, 10, '[{\"name\":\"IMG_0003.JPG\",\"downloadUri\":\"/admin/coursepaper/course/download\",\"filename\":\"b09ef09478d8452d908600ff98b6f1ce.JPG\"}]', 1093809448606765057, '2020-10-17 00:00:00', '2020-10-17 00:00:00');
INSERT INTO `zz_course` VALUES (1016917385529790464, '小学二年级语文课程', 980.00, '小学二年级课程', 1, 2, 0, 25, '[{\"name\":\"IMG_0455.JPG\",\"downloadUri\":\"/admin/coursepaper/course/download\",\"filename\":\"79651a658e88408888f847366fbf98d0.JPG\"}]', 1093809448606765057, '2020-10-17 00:00:00', '2020-10-17 00:00:00');
INSERT INTO `zz_course` VALUES (1016917732260319232, '小学三年级语文课程', 1080.00, '小学三年级语文课程', 1, 3, 0, 30, '[{\"name\":\"IMG_0001.JPG\",\"downloadUri\":\"/admin/coursepaper/course/download\",\"filename\":\"0d11548eb91142d49a9253c0060d3f94.JPG\"}]', 1093809448606765057, '2020-10-17 00:00:00', '2020-10-17 00:00:00');
INSERT INTO `zz_course` VALUES (1016917900699373568, '小学四年级语文课程', 888.00, '小学四年级语文课程', 1, 4, 0, 27, '[{\"name\":\"IMG_0002.JPG\",\"downloadUri\":\"/admin/coursepaper/course/download\",\"filename\":\"7358b520e31e4ee0b2b8c4f9c31614d9.JPG\"}]', 1093809448606765057, '2020-10-17 00:00:00', '2020-10-17 00:00:00');
INSERT INTO `zz_course` VALUES (1016918360520921088, '小学五年级语文课程', 1199.00, '小学五年级语文课程', 2, 5, 0, 30, '[{\"name\":\"IMG_0004.JPG\",\"downloadUri\":\"/admin/coursepaper/course/download\",\"filename\":\"cf804a5e14fb498fa8bf3745cad39bca.JPG\"}]', 1093809448606765057, '2020-10-17 00:00:00', '2020-10-17 00:00:00');
INSERT INTO `zz_course` VALUES (1016918605715738624, '小学六年级语文课程', 1288.00, '小学六年级语文课程', 2, 6, 0, 32, '[{\"name\":\"IMG_0006.JPG\",\"downloadUri\":\"/admin/coursepaper/course/download\",\"filename\":\"a0d0476fac9c46f08b7ebef597b8765a.JPG\"}]', 1093809448606765057, '2020-10-17 00:00:00', '2020-10-17 00:00:00');
INSERT INTO `zz_course` VALUES (1016918836729614336, '天津小学一年级语文课程', 300.00, '天津小学一年级语文课程', 0, 1, 0, 20, '[{\"name\":\"IMG_0003.JPG\",\"downloadUri\":\"/admin/coursepaper/course/download\",\"filename\":\"7f64971a69944b0082f21a6036c31efd.JPG\"}]', 1093809448606765057, '2020-10-17 00:00:00', '2020-10-17 00:00:00');
INSERT INTO `zz_course` VALUES (1016920152549888000, '天津小学二年级语文课程', 699.00, '天津小学二年级语文课程', 1, 2, 0, 20, '[{\"name\":\"IMG_0007.JPG\",\"downloadUri\":\"/admin/coursepaper/course/download\",\"filename\":\"4baf08c1da8741bb808caf09475e49a9.JPG\"}]', 1093809448606765057, '2020-10-17 00:00:00', '2020-10-17 00:00:00');
INSERT INTO `zz_course` VALUES (1016920339255136256, '天津小学三年级语文课程', 998.00, '天津小学三年级语文课程', 1, 3, 0, 25, '[{\"name\":\"IMG_0009.JPG\",\"downloadUri\":\"/admin/coursepaper/course/download\",\"filename\":\"6bc1eaab831d49708e4b1e0a5d657d61.JPG\"}]', 1093809448606765057, '2020-10-17 00:00:00', '2020-10-17 21:22:54');
INSERT INTO `zz_course` VALUES (1016920878164480000, '小学数学一年级课程', 388.00, '小学数学一年级课程', 0, 1, 1, 15, '[{\"name\":\"IMG_0010.JPG\",\"downloadUri\":\"/admin/coursepaper/course/download\",\"filename\":\"7e9583aba9594a98b1e0268837d2a5d0.JPG\"}]', 1093809448606765057, '2020-10-17 00:00:00', '2020-10-17 00:00:00');
INSERT INTO `zz_course` VALUES (1016921053566078976, '小学数学二年级课程', 700.00, '小学数学二年级课程', 0, 2, 1, 20, '[{\"name\":\"shuxue2.jpg\",\"downloadUri\":\"/admin/app/course/download\",\"filename\":\"7a1fdc70976f4820aa019f91514de272.jpg\"}]', 1093809448606765057, '2020-10-17 00:00:00', '2020-10-17 00:00:00');
INSERT INTO `zz_course` VALUES (1016921250996162560, '小学数学三年级课程', 700.00, '小学数学三年级课程', 1, 3, 1, 20, '[{\"name\":\"shuxue.jpg\",\"downloadUri\":\"/admin/app/course/download\",\"filename\":\"f14c0f101146453c80607230e842f1c9.jpg\"},{\"name\":\"shuxue2.jpg\",\"downloadUri\":\"/admin/app/course/download\",\"filename\":\"b8451e95fa314facaa8a3cd720888574.jpg\"}]', 1093809448606765057, '2020-10-17 00:00:00', '2020-10-17 00:00:00');
INSERT INTO `zz_course` VALUES (1016921446102601728, '小学数学四年级课程', 800.00, '小学数学四年级课程', 1, 4, 1, 21, '[{\"name\":\"shuxue2.jpg\",\"downloadUri\":\"/admin/app/course/download\",\"filename\":\"78e1cac8c4284c8a82c7ea4bef5162a4.jpg\"}]', 1093809448606765057, '2020-10-17 00:00:00', '2020-10-17 00:00:00');
INSERT INTO `zz_course` VALUES (1016921667582824448, '小学数学五年级课程', 900.00, '小学数学五年级课程', 2, 5, 1, 25, '[{\"name\":\"shuxue.jpg\",\"downloadUri\":\"/admin/app/course/download\",\"filename\":\"167967c0c025406483861eed038111a0.jpg\"}]', 1093809448606765057, '2020-10-17 00:00:00', '2020-10-17 00:00:00');
INSERT INTO `zz_course` VALUES (1016922210208321536, '小学数学六年级课程', 1099.00, '小学数学六年级课程', 2, 6, 1, 20, '[{\"name\":\"shuxue2.jpg\",\"downloadUri\":\"/admin/app/course/download\",\"filename\":\"7f79d414e4b14ce19d75f038306088a9.jpg\"}]', 1093809448606765057, '2020-10-17 00:00:00', '2020-10-17 00:00:00');
INSERT INTO `zz_course` VALUES (1016922414236045312, '天津数学一年级课程', 499.00, '天津数学一年级课程', 0, 1, 1, 20, '[{\"name\":\"shuxue.jpg\",\"downloadUri\":\"/admin/app/course/download\",\"filename\":\"59d6f1cea3584a1ab637ab6a69ebacd6.jpg\"}]', 1093809448606765057, '2020-10-17 00:00:00', '2020-10-17 00:00:00');
INSERT INTO `zz_course` VALUES (1016922587657932800, '天津数学二年级课程', 500.00, '天津数学二年级课程', 1, 2, 1, 25, '[{\"name\":\"shuxue2.jpg\",\"downloadUri\":\"/admin/app/course/download\",\"filename\":\"830a0f67737e4b79a605ecbbd20f9418.jpg\"},{\"name\":\"shuxue.jpg\",\"downloadUri\":\"/admin/app/course/download\",\"filename\":\"5f9be80c275c48bda8a67562276aa04e.jpg\"}]', 1093809448606765057, '2020-10-17 00:00:00', '2020-10-17 00:00:00');
INSERT INTO `zz_course` VALUES (1016922752997396480, '天津数学三年级课程', 799.00, '天津数学三年级课程', 2, 3, 1, 24, '[{\"name\":\"shuxue2.jpg\",\"downloadUri\":\"/admin/app/course/download\",\"filename\":\"0fb454a0d56843e6b77bfc874f8a4a0f.jpg\"}]', 1093809448606765057, '2020-10-17 00:00:00', '2020-10-17 00:00:00');
INSERT INTO `zz_course` VALUES (1016923276064854016, '小学英语一年级课程', 399.00, '小学英语一年级课程', 0, 1, 2, 15, '[{\"name\":\"english.jpg\",\"downloadUri\":\"/admin/app/course/download\",\"filename\":\"44177c3674f543fda24222b8297ef203.jpg\"}]', 1093809448606765057, '2020-10-17 00:00:00', '2020-10-17 00:00:00');
INSERT INTO `zz_course` VALUES (1016923512082534400, '小学英语二年级课程', 428.00, '小学英语二年级课程', 0, 2, 2, 15, '[{\"name\":\"english2.jpg\",\"downloadUri\":\"/admin/app/course/download\",\"filename\":\"1a775271ccf9436c8b4e92a841556d79.jpg\"}]', 1093809448606765057, '2020-10-17 00:00:00', '2020-10-17 00:00:00');
INSERT INTO `zz_course` VALUES (1016924065042796544, '小学英语三年级课程', 666.00, '小学英语三年级课程', 1, 3, 2, 25, '[{\"name\":\"english2.jpg\",\"downloadUri\":\"/admin/app/course/download\",\"filename\":\"d9eded33a06d4931ae326cac3871948f.jpg\"},{\"name\":\"english.jpg\",\"downloadUri\":\"/admin/app/course/download\",\"filename\":\"f179474ce95e4210b4e2a04d480c6535.jpg\"}]', 1093809448606765057, '2020-10-17 00:00:00', '2020-10-17 00:00:00');
INSERT INTO `zz_course` VALUES (1016924308048187392, '小学英语四年级课程', 700.00, '小学英语四年级课程', 1, 4, 2, 25, '[{\"name\":\"english.jpg\",\"downloadUri\":\"/admin/app/course/download\",\"filename\":\"c71da8ce21b44dd8bb761fa93b09a341.jpg\"}]', 1093809448606765057, '2020-10-17 00:00:00', '2020-10-17 00:00:00');
INSERT INTO `zz_course` VALUES (1016924664354312192, '小学英语五年级课程', 805.00, '小学英语五年级课程', 2, 5, 2, 28, '[{\"name\":\"english2.jpg\",\"downloadUri\":\"/admin/app/course/download\",\"filename\":\"0d81493585d94962acbcdc81c074224a.jpg\"}]', 1093809448606765057, '2020-10-17 00:00:00', '2020-10-17 00:00:00');
INSERT INTO `zz_course` VALUES (1016924985629609984, '小学英语六年级课程', 998.00, '小学英语六年级课程', 2, 6, 2, 30, '[{\"name\":\"english.jpg\",\"downloadUri\":\"/admin/app/course/download\",\"filename\":\"17b2b4380fc746659666f9c51bfa7618.jpg\"}]', 1093809448606765057, '2020-10-17 00:00:00', '2020-10-17 00:00:00');
INSERT INTO `zz_course` VALUES (1016925257013661696, '天津英语一年级课程', 499.00, '天津英语一年级课程', 0, 1, 2, 20, '[{\"name\":\"english2.jpg\",\"downloadUri\":\"/admin/app/course/download\",\"filename\":\"dd15b00b79154c398a3daa9fb8cff9f9.jpg\"},{\"name\":\"english.jpg\",\"downloadUri\":\"/admin/app/course/download\",\"filename\":\"2a0b1f0d262649a294a9f647421f5a7e.jpg\"}]', 1093809448606765057, '2020-10-17 00:00:00', '2020-10-17 00:00:00');
INSERT INTO `zz_course` VALUES (1016925420855758848, '天津英语二年级课程', 528.00, '天津英语二年级课程', 1, 2, 2, 23, '[{\"name\":\"english.jpg\",\"downloadUri\":\"/admin/app/course/download\",\"filename\":\"7dc07373076f452eac02d9405ac83479.jpg\"}]', 1093809448606765057, '2020-10-17 00:00:00', '2020-10-17 00:00:00');
INSERT INTO `zz_course` VALUES (1018007994936070144, '小学一年级语文课程B', 1111.00, '1112222', 0, 1, 1, 23, '[{\"name\":\"微信图片_20190406094309.jpg\",\"downloadUri\":\"/admin/app/course/download\",\"filename\":\"b11699acb7094c11a1c1efa71d53ee19.jpg\"},{\"name\":\"微信图片_20190406094305.jpg\",\"downloadUri\":\"/admin/app/course/download\",\"filename\":\"e248874a47e849e29dd7b699b2685d30.jpg\"}]', 1093809448606765057, '2020-10-17 00:00:00', '2020-10-17 00:00:00');
COMMIT;

-- ----------------------------
-- Table structure for zz_course_trans_stats
-- ----------------------------
DROP TABLE IF EXISTS `zz_course_trans_stats`;
CREATE TABLE `zz_course_trans_stats` (
  `stats_id` bigint(20) NOT NULL AUTO_INCREMENT COMMENT '主键Id',
  `stats_date` date NOT NULL COMMENT '统计日期',
  `subject_id` tinyint(4) NOT NULL COMMENT '科目Id',
  `grade_id` tinyint(4) NOT NULL COMMENT '年级Id',
  `grade_name` varchar(20) COLLATE utf8mb4_bin DEFAULT NULL COMMENT '年级名称',
  `course_id` bigint(20) NOT NULL COMMENT '课程Id',
  `course_name` varchar(128) COLLATE utf8mb4_bin DEFAULT NULL COMMENT '课程名称',
  `student_attend_count` int(11) NOT NULL COMMENT '学生上课次数',
  `student_flower_amount` int(11) NOT NULL COMMENT '学生献花数量',
  `student_flower_count` int(11) NOT NULL COMMENT '学生献花次数',
  PRIMARY KEY (`stats_id`) USING BTREE,
  UNIQUE KEY `uk_stats_date_subject_id_grade_course_id` (`stats_date`,`grade_id`,`course_id`) USING BTREE,
  KEY `idx_grade_id` (`grade_id`) USING BTREE,
  KEY `idx_course_id` (`course_id`) USING BTREE
) ENGINE=InnoDB AUTO_INCREMENT=9 DEFAULT CHARSET=utf8mb4 COLLATE=utf8mb4_bin;

-- ----------------------------
-- Records of zz_course_trans_stats
-- ----------------------------
BEGIN;
INSERT INTO `zz_course_trans_stats` VALUES (1, '2020-01-10', 0, 1, NULL, 1016699195411402752, '小学一年级拼音基础练习', 1, 0, 0);
INSERT INTO `zz_course_trans_stats` VALUES (2, '2020-01-10', 0, 2, NULL, 1016917385529790464, '小学二年级语文课程', 2, 55, 1);
INSERT INTO `zz_course_trans_stats` VALUES (3, '2020-01-10', 0, 3, NULL, 1016917732260319232, '小学三年级语文课程', 2, 118, 2);
INSERT INTO `zz_course_trans_stats` VALUES (4, '2020-01-10', 0, 4, NULL, 1016917900699373568, '小学四年级语文课程', 0, 40, 1);
INSERT INTO `zz_course_trans_stats` VALUES (5, '2020-01-11', 0, 1, NULL, 1016699195411402752, '小学一年级拼音基础练习', 3, 119, 2);
INSERT INTO `zz_course_trans_stats` VALUES (6, '2020-01-11', 0, 2, NULL, 1016917385529790464, '小学二年级语文课程', 1, 36, 1);
INSERT INTO `zz_course_trans_stats` VALUES (7, '2020-01-11', 0, 3, NULL, 1016917732260319232, '小学三年级语文课程', 1, 147, 2);
INSERT INTO `zz_course_trans_stats` VALUES (8, '2020-01-11', 0, 4, NULL, 1016917900699373568, '小学四年级语文课程', 0, 76, 1);
COMMIT;

-- ----------------------------
-- Table structure for zz_grade
-- ----------------------------
DROP TABLE IF EXISTS `zz_grade`;
CREATE TABLE `zz_grade` (
  `grade_id` int(11) NOT NULL AUTO_INCREMENT COMMENT '主键Id',
  `grade_name` varchar(255) CHARACTER SET utf8 COLLATE utf8_bin NOT NULL COMMENT '年级名称',
  `status` int(11) NOT NULL COMMENT '是否正在使用（0：不是，1：是）',
  PRIMARY KEY (`grade_id`) USING BTREE
) ENGINE=InnoDB AUTO_INCREMENT=13 DEFAULT CHARSET=utf8mb4 COLLATE=utf8mb4_bin;

-- ----------------------------
-- Records of zz_grade
-- ----------------------------
BEGIN;
INSERT INTO `zz_grade` VALUES (1, '一年级', 1);
INSERT INTO `zz_grade` VALUES (2, '二年级', 1);
INSERT INTO `zz_grade` VALUES (3, '三年级', 1);
INSERT INTO `zz_grade` VALUES (4, '四年级', 1);
INSERT INTO `zz_grade` VALUES (5, '五年级', 1);
INSERT INTO `zz_grade` VALUES (6, '六年级', 1);
INSERT INTO `zz_grade` VALUES (7, '初一', 1);
INSERT INTO `zz_grade` VALUES (8, '初二', 1);
INSERT INTO `zz_grade` VALUES (9, '初三', 1);
INSERT INTO `zz_grade` VALUES (10, '高一', 1);
INSERT INTO `zz_grade` VALUES (11, '高二', 1);
INSERT INTO `zz_grade` VALUES (12, '高三', 1);
COMMIT;

-- ----------------------------
-- Table structure for zz_material_edition
-- ----------------------------
DROP TABLE IF EXISTS `zz_material_edition`;
CREATE TABLE `zz_material_edition` (
  `edition_id` int(11) NOT NULL AUTO_INCREMENT COMMENT '主键Id',
  `edition_name` varchar(255) CHARACTER SET utf8 COLLATE utf8_bin NOT NULL COMMENT '教材版本名称',
  `status` int(11) NOT NULL COMMENT '是否正在使用（0：不是，1：是）',
  PRIMARY KEY (`edition_id`) USING BTREE
) ENGINE=InnoDB AUTO_INCREMENT=5 DEFAULT CHARSET=utf8mb4 COLLATE=utf8mb4_bin;

-- ----------------------------
-- Records of zz_material_edition
-- ----------------------------
BEGIN;
INSERT INTO `zz_material_edition` VALUES (1, '苏教版', 1);
INSERT INTO `zz_material_edition` VALUES (2, '人教版', 1);
INSERT INTO `zz_material_edition` VALUES (3, '湘教版', 1);
INSERT INTO `zz_material_edition` VALUES (4, '沪教版', 1);
COMMIT;

-- ----------------------------
-- Table structure for zz_school_info
-- ----------------------------
DROP TABLE IF EXISTS `zz_school_info`;
CREATE TABLE `zz_school_info` (
  `school_id` bigint(20) NOT NULL COMMENT '学校Id',
  `school_name` varchar(128) COLLATE utf8mb4_bin NOT NULL COMMENT '学校名称',
  `province_id` bigint(20) NOT NULL COMMENT '所在省Id',
  `city_id` bigint(20) NOT NULL COMMENT '所在城市Id',
  PRIMARY KEY (`school_id`) USING BTREE
) ENGINE=InnoDB DEFAULT CHARSET=utf8mb4 COLLATE=utf8mb4_bin;

-- ----------------------------
-- Records of zz_school_info
-- ----------------------------
BEGIN;
INSERT INTO `zz_school_info` VALUES (1014065909648330752, '公司总部', 110000000000, 110100000000);
INSERT INTO `zz_school_info` VALUES (1015817732197453824, '北京校区', 110000000000, 110100000000);
INSERT INTO `zz_school_info` VALUES (1015818056597508096, '天津校区', 120000000000, 120100000000);
INSERT INTO `zz_school_info` VALUES (1015818992220901376, '浙江校区', 330000000000, 330100000000);
COMMIT;

-- ----------------------------
-- Table structure for zz_student
-- ----------------------------
DROP TABLE IF EXISTS `zz_student`;
CREATE TABLE `zz_student` (
  `student_id` bigint(20) NOT NULL COMMENT '学生Id',
  `login_mobile` varchar(20) COLLATE utf8mb4_bin NOT NULL COMMENT '登录手机',
  `student_name` varchar(20) COLLATE utf8mb4_bin NOT NULL COMMENT '学生姓名',
  `province_id` bigint(20) NOT NULL COMMENT '所在省份Id',
  `city_id` bigint(20) NOT NULL COMMENT '所在城市Id',
  `district_id` bigint(20) NOT NULL COMMENT '区县Id',
  `gender` int(11) NOT NULL COMMENT '学生性别 (0: 女生 1: 男生)',
  `birthday` date NOT NULL COMMENT '生日',
  `experience_level` tinyint(4) NOT NULL COMMENT '经验等级 (0: 初级 1: 中级 2: 高级 3: 资深)',
  `total_coin` int(11) NOT NULL DEFAULT '0' COMMENT '总共充值学币数量',
  `left_coin` int(11) NOT NULL DEFAULT '0' COMMENT '可用学币数量',
  `grade_id` int(11) NOT NULL COMMENT '年级Id',
  `school_id` bigint(20) NOT NULL COMMENT '校区Id',
  `register_time` datetime NOT NULL COMMENT '注册时间',
  `status` tinyint(1) NOT NULL DEFAULT '0' COMMENT '学生状态 (0: 正常 1: 锁定 2: 注销)',
  PRIMARY KEY (`student_id`) USING BTREE,
  KEY `idx_login_mobile` (`login_mobile`) USING BTREE
) ENGINE=InnoDB DEFAULT CHARSET=utf8mb4 COLLATE=utf8mb4_bin;

-- ----------------------------
-- Records of zz_student
-- ----------------------------
BEGIN;
INSERT INTO `zz_student` VALUES (1015842628948463616, '13834561230', '张三', 110000000000, 110100000000, 110105000000, 1, '2010-08-19', 1, 3412, 1077, 4, 1015817732197453824, '2020-10-17 00:00:00', 0);
INSERT INTO `zz_student` VALUES (1015852480873631744, '13945651267', '李军', 110000000000, 110100000000, 110107000000, 1, '2011-11-18', 1, 3178, 3024, 3, 1015817732197453824, '2020-10-17 00:00:00', 0);
INSERT INTO `zz_student` VALUES (1015852853839532032, '13709481736', '王石', 110000000000, 110100000000, 110108000000, 1, '2015-01-15', 0, 3187, 2199, 1, 1015817732197453824, '2020-10-17 00:00:00', 0);
INSERT INTO `zz_student` VALUES (1018000939508568064, '13700023451', '天津二哥', 120000000000, 120100000000, 120103000000, 1, '2010-06-10', 0, 1287, 634, 3, 1015818056597508096, '2020-10-17 00:00:00', 0);
INSERT INTO `zz_student` VALUES (1018001219050541056, '13903122987', '南开学霸', 120000000000, 120100000000, 120104000000, 0, '2009-07-17', 2, 8721, 7023, 4, 1015818056597508096, '2020-10-17 00:00:00', 0);
INSERT INTO `zz_student` VALUES (1023072888777609216, '13920134567', 'aaa', 120000000000, 120100000000, 120103000000, 1, '2020-01-08', 1, 0, 0, 1, 1015818992220901376, '2020-10-17 00:00:00', 0);
COMMIT;

-- ----------------------------
-- Table structure for zz_student_action_stats
-- ----------------------------
DROP TABLE IF EXISTS `zz_student_action_stats`;
CREATE TABLE `zz_student_action_stats` (
  `stats_id` bigint(20) NOT NULL COMMENT '主键Id',
  `stats_date` date NOT NULL COMMENT '统计日期',
  `stats_month` date DEFAULT NULL COMMENT '统计小时',
  `grade_id` int(11) NOT NULL COMMENT '年级Id',
  `province_id` bigint(20) NOT NULL COMMENT '学生所在省Id',
  `city_id` bigint(20) NOT NULL DEFAULT '0' COMMENT '学生所在城市Id',
  `buy_course_amount` int(11) NOT NULL DEFAULT '0' COMMENT '购课学币数量',
  `buy_course_count` int(11) NOT NULL DEFAULT '0' COMMENT '购买课程次数',
  `buy_video_amount` int(11) NOT NULL DEFAULT '0' COMMENT '购买视频学币数量',
  `buy_video_count` int(11) NOT NULL DEFAULT '0' COMMENT '购买视频次数',
  `buy_paper_amount` int(11) NOT NULL DEFAULT '0' COMMENT '购买作业学币数量',
  `buy_paper_count` int(11) NOT NULL DEFAULT '0' COMMENT '购买作业次数',
  `buy_flower_amount` int(11) NOT NULL DEFAULT '0' COMMENT '购买献花数量',
  `buy_flower_count` int(11) NOT NULL DEFAULT '0' COMMENT '购买献花次数',
  `recharge_coin_amount` int(11) NOT NULL DEFAULT '0' COMMENT '充值学币数量',
  `recharge_coin_count` int(11) NOT NULL DEFAULT '0' COMMENT '充值学币次数',
  `do_course_count` int(11) NOT NULL COMMENT '线下课程上课次数',
  `watch_video_count` int(11) NOT NULL DEFAULT '0' COMMENT '观看视频次数',
  `watch_video_total_second` int(11) NOT NULL COMMENT '购买献花消费学币数量',
  `do_exercise_count` int(11) NOT NULL DEFAULT '0' COMMENT '做题数量',
  `do_exercise_correct_count` int(11) NOT NULL DEFAULT '0' COMMENT '做题正确的数量',
  PRIMARY KEY (`stats_id`) USING BTREE,
  UNIQUE KEY `uk_stats_date_grade_id_region_id` (`stats_date`,`grade_id`,`province_id`,`city_id`) USING BTREE,
  KEY `idx_province_id` (`province_id`) USING BTREE,
  KEY `idx_city_id` (`city_id`) USING BTREE,
  KEY `idx_grade_id` (`grade_id`) USING BTREE,
  KEY `idx_stats_month` (`stats_month`) USING BTREE
) ENGINE=InnoDB DEFAULT CHARSET=utf8mb4 COLLATE=utf8mb4_bin;

-- ----------------------------
-- Records of zz_student_action_stats
-- ----------------------------
BEGIN;
INSERT INTO `zz_student_action_stats` VALUES (1293010719117148160, '2020-01-10', NULL, 1, 110000000000, 110100000000, 16, 5, 0, 0, 14, 2, 123, 3, 2694, 5, 3, 3, 707, 3, 0);
INSERT INTO `zz_student_action_stats` VALUES (1293010719121342468, '2020-01-10', NULL, 2, 110000000000, 110100000000, 8, 3, 0, 0, 6, 1, 133, 2, 1717, 3, 3, 0, 0, 4, 0);
INSERT INTO `zz_student_action_stats` VALUES (1293010719121342475, '2020-01-10', NULL, 4, 110000000000, 110100000000, 0, 0, 0, 0, 16, 2, 55, 2, 1881, 4, 2, 6, 2987, 2, 0);
INSERT INTO `zz_student_action_stats` VALUES (1293010719121342482, '2020-01-10', NULL, 2, 120000000000, 120100000000, 12, 4, 0, 0, 0, 0, 134, 2, 292, 2, 3, 1, 434, 1, 1);
INSERT INTO `zz_student_action_stats` VALUES (1293010719121342489, '2020-01-10', NULL, 3, 120000000000, 120100000000, 5, 2, 0, 0, 18, 3, 79, 2, 1343, 2, 2, 4, 2266, 5, 5);
INSERT INTO `zz_student_action_stats` VALUES (1293010719121342497, '2020-01-10', NULL, 4, 120000000000, 120100000000, 10, 3, 0, 0, 33, 4, 212, 4, 766, 2, 3, 2, 1480, 4, 4);
INSERT INTO `zz_student_action_stats` VALUES (1293010719297503232, '2020-01-11', NULL, 1, 110000000000, 110100000000, 12, 3, 0, 0, 13, 2, 216, 3, 1119, 2, 3, 2, 511, 2, 2);
INSERT INTO `zz_student_action_stats` VALUES (1293010719297503240, '2020-01-11', NULL, 2, 110000000000, 110100000000, 7, 4, 0, 0, 20, 3, 142, 2, 509, 2, 3, 3, 1699, 3, 3);
INSERT INTO `zz_student_action_stats` VALUES (1293010719297503248, '2020-01-11', NULL, 3, 110000000000, 110100000000, 2, 1, 0, 0, 11, 2, 158, 3, 1571, 2, 3, 0, 0, 3, 3);
INSERT INTO `zz_student_action_stats` VALUES (1293010719297503255, '2020-01-11', NULL, 2, 120000000000, 120100000000, 0, 0, 0, 0, 15, 2, 0, 0, 1741, 3, 2, 3, 1280, 3, 3);
INSERT INTO `zz_student_action_stats` VALUES (1293010719301697539, '2020-01-11', NULL, 3, 120000000000, 120100000000, 3, 2, 0, 0, 0, 0, 176, 3, 1702, 2, 2, 2, 1306, 2, 2);
INSERT INTO `zz_student_action_stats` VALUES (1293010719301697545, '2020-01-11', NULL, 4, 120000000000, 120100000000, 7, 2, 0, 0, 9, 2, 122, 2, 1257, 3, 0, 3, 1210, 2, 2);
COMMIT;

-- ----------------------------
-- Table structure for zz_student_action_trans
-- ----------------------------
DROP TABLE IF EXISTS `zz_student_action_trans`;
CREATE TABLE `zz_student_action_trans` (
  `trans_id` bigint(20) NOT NULL COMMENT '主键Id',
  `student_id` bigint(20) NOT NULL COMMENT '学生Id',
  `student_name` varchar(64) COLLATE utf8mb4_bin NOT NULL COMMENT '学生名称',
  `school_id` bigint(20) NOT NULL COMMENT '学生校区',
  `grade_id` int(11) NOT NULL COMMENT '年级Id',
  `action_type` tinyint(4) NOT NULL COMMENT '行为类型(0: 充值  1: 购课 2: 上课签到 3: 上课签退 4: 看视频课 5: 做作业 6: 刷题 7: 献花)',
  `device_type` tinyint(4) NOT NULL COMMENT '设备类型(0: iOS 1: Android 2: PC)',
  `watch_video_seconds` int(11) DEFAULT NULL COMMENT '看视频秒数',
  `flower_count` int(11) DEFAULT NULL COMMENT '购买献花数量',
  `paper_count` int(11) DEFAULT NULL COMMENT '购买作业数量',
  `video_count` int(11) DEFAULT NULL COMMENT '购买视频数量',
  `course_count` int(11) DEFAULT NULL COMMENT '购买课程数量',
  `coin_count` int(11) DEFAULT NULL COMMENT '充值学币数量',
  `exercise_correct_flag` tinyint(4) DEFAULT NULL COMMENT '做题是否正确标记',
  `create_time` datetime NOT NULL COMMENT '发生时间',
  PRIMARY KEY (`trans_id`) USING BTREE,
  KEY `idx_student_id` (`student_id`) USING BTREE,
  KEY `idx_grade_id` (`grade_id`) USING BTREE,
  KEY `idx_action_type` (`action_type`) USING BTREE,
  KEY `idx_create_time` (`create_time`) USING BTREE,
  KEY `idx_device_type` (`action_type`) USING BTREE
) ENGINE=InnoDB DEFAULT CHARSET=utf8mb4 COLLATE=utf8mb4_bin;

-- ----------------------------
-- Records of zz_student_action_trans
-- ----------------------------
BEGIN;
INSERT INTO `zz_student_action_trans` VALUES (1018423001834328064, 1015841864515588096, '张大', 1015817732197453824, 1, 0, 0, NULL, NULL, NULL, NULL, NULL, 617, NULL, '2020-01-10 11:13:23');
INSERT INTO `zz_student_action_trans` VALUES (1018803416562667520, 1015841864515588096, '张大', 1015817732197453824, 1, 0, 0, NULL, NULL, NULL, NULL, NULL, 468, NULL, '2020-01-10 11:13:25');
INSERT INTO `zz_student_action_trans` VALUES (1018803445553696768, 1015841864515588096, '张大', 1015817732197453824, 1, 0, 1, NULL, NULL, NULL, NULL, NULL, 548, NULL, '2020-01-10 11:13:30');
INSERT INTO `zz_student_action_trans` VALUES (1018803590760501248, 1015841864515588096, '张大', 1015817732197453824, 1, 0, 2, NULL, NULL, NULL, NULL, NULL, 250, NULL, '2020-01-10 11:13:35');
INSERT INTO `zz_student_action_trans` VALUES (1018803838299934720, 1015841864515588096, '张大', 1015817732197453824, 1, 0, 2, NULL, NULL, NULL, NULL, NULL, 811, NULL, '2020-01-10 11:13:40');
INSERT INTO `zz_student_action_trans` VALUES (1018803855614021632, 1015841864515588096, '张大', 1015817732197453824, 1, 1, 2, NULL, NULL, NULL, NULL, 5, NULL, NULL, '2020-01-10 11:13:45');
INSERT INTO `zz_student_action_trans` VALUES (1018803873183961088, 1015841864515588096, '张大', 1015817732197453824, 1, 1, 1, NULL, NULL, NULL, NULL, 4, NULL, NULL, '2020-01-10 11:13:50');
INSERT INTO `zz_student_action_trans` VALUES (1018803890552573952, 1015841864515588096, '张大', 1015817732197453824, 1, 1, 0, NULL, NULL, NULL, NULL, 4, NULL, NULL, '2020-01-10 11:13:55');
INSERT INTO `zz_student_action_trans` VALUES (1018803897053745152, 1015841864515588096, '张大', 1015817732197453824, 1, 1, 0, NULL, NULL, NULL, NULL, 2, NULL, NULL, '2020-01-10 11:14:00');
INSERT INTO `zz_student_action_trans` VALUES (1018803910555209728, 1015841864515588096, '张大', 1015817732197453824, 1, 1, 0, NULL, NULL, NULL, NULL, 1, NULL, NULL, '2020-01-10 11:14:05');
INSERT INTO `zz_student_action_trans` VALUES (1018803926451621888, 1015841864515588096, '张大', 1015817732197453824, 1, 2, 0, NULL, NULL, NULL, NULL, NULL, NULL, NULL, '2020-01-10 11:14:10');
INSERT INTO `zz_student_action_trans` VALUES (1018803940418654208, 1015841864515588096, '张大', 1015817732197453824, 1, 2, 1, NULL, NULL, NULL, NULL, NULL, NULL, NULL, '2020-01-10 11:14:15');
INSERT INTO `zz_student_action_trans` VALUES (1018803955727863808, 1015841864515588096, '张大', 1015817732197453824, 1, 2, 2, NULL, NULL, NULL, NULL, NULL, NULL, NULL, '2020-01-10 11:14:20');
INSERT INTO `zz_student_action_trans` VALUES (1018803973427826688, 1015841864515588096, '张大', 1015817732197453824, 1, 3, 2, NULL, NULL, NULL, NULL, NULL, NULL, NULL, '2020-01-10 11:14:25');
INSERT INTO `zz_student_action_trans` VALUES (1018803982235865088, 1015841864515588096, '张大', 1015817732197453824, 1, 3, 2, NULL, NULL, NULL, NULL, NULL, NULL, NULL, '2020-01-10 11:14:30');
INSERT INTO `zz_student_action_trans` VALUES (1018803988154028032, 1015841864515588096, '张大', 1015817732197453824, 1, 3, 2, NULL, NULL, NULL, NULL, NULL, NULL, NULL, '2020-01-10 11:14:35');
INSERT INTO `zz_student_action_trans` VALUES (1018804009414955008, 1015841864515588096, '张大', 1015817732197453824, 1, 3, 1, NULL, NULL, NULL, NULL, NULL, NULL, NULL, '2020-01-10 11:14:40');
INSERT INTO `zz_student_action_trans` VALUES (1018804025521082368, 1015841864515588096, '张大', 1015817732197453824, 1, 4, 1, 342, NULL, NULL, NULL, NULL, NULL, NULL, '2020-01-10 11:14:45');
INSERT INTO `zz_student_action_trans` VALUES (1018804040956121088, 1015841864515588096, '张大', 1015817732197453824, 1, 4, 0, 324, NULL, NULL, NULL, NULL, NULL, NULL, '2020-01-10 11:14:50');
INSERT INTO `zz_student_action_trans` VALUES (1018804057104191488, 1015841864515588096, '张大', 1015817732197453824, 1, 4, 2, 41, NULL, NULL, NULL, NULL, NULL, NULL, '2020-01-10 11:14:55');
INSERT INTO `zz_student_action_trans` VALUES (1018804073457782784, 1015841864515588096, '张大', 1015817732197453824, 1, 5, 2, NULL, NULL, NULL, NULL, NULL, NULL, 0, '2020-01-10 11:15:00');
INSERT INTO `zz_student_action_trans` VALUES (1018804090696372224, 1015841864515588096, '张大', 1015817732197453824, 1, 5, 1, NULL, NULL, NULL, NULL, NULL, NULL, 0, '2020-01-10 11:15:05');
INSERT INTO `zz_student_action_trans` VALUES (1018804111659503616, 1015841864515588096, '张大', 1015817732197453824, 1, 5, 0, NULL, NULL, NULL, NULL, NULL, NULL, 0, '2020-01-10 11:15:10');
INSERT INTO `zz_student_action_trans` VALUES (1018804134585569280, 1015841864515588096, '张大', 1015817732197453824, 1, 9, 0, NULL, 15, NULL, NULL, NULL, NULL, NULL, '2020-01-10 11:15:15');
INSERT INTO `zz_student_action_trans` VALUES (1018804139606151168, 1015841864515588096, '张大', 1015817732197453824, 1, 9, 0, NULL, 60, NULL, NULL, NULL, NULL, NULL, '2020-01-10 11:15:20');
INSERT INTO `zz_student_action_trans` VALUES (1018804156295286784, 1015841864515588096, '张大', 1015817732197453824, 1, 9, 1, NULL, 48, NULL, NULL, NULL, NULL, NULL, '2020-01-10 11:15:25');
INSERT INTO `zz_student_action_trans` VALUES (1018804244874792960, 1015841864515588096, '张大', 1015817732197453824, 1, 10, 1, NULL, NULL, 4, NULL, NULL, NULL, NULL, '2020-01-10 11:15:30');
INSERT INTO `zz_student_action_trans` VALUES (1018804264130842624, 1015841864515588096, '张大', 1015817732197453824, 1, 10, 0, NULL, NULL, 10, NULL, NULL, NULL, NULL, '2020-01-10 11:15:35');
INSERT INTO `zz_student_action_trans` VALUES (1018806531059879936, 1015841864515588096, '张大', 1015817732197453824, 2, 0, 0, NULL, NULL, NULL, NULL, NULL, 545, NULL, '2020-01-10 11:15:40');
INSERT INTO `zz_student_action_trans` VALUES (1018806537225506816, 1015841864515588096, '张大', 1015817732197453824, 2, 0, 0, NULL, NULL, NULL, NULL, NULL, 743, NULL, '2020-01-10 11:15:45');
INSERT INTO `zz_student_action_trans` VALUES (1018806554631868416, 1015841864515588096, '张大', 1015817732197453824, 2, 0, 1, NULL, NULL, NULL, NULL, NULL, 429, NULL, '2020-01-10 11:15:50');
INSERT INTO `zz_student_action_trans` VALUES (1018806571031597056, 1015841864515588096, '张大', 1015817732197453824, 2, 1, 1, NULL, NULL, NULL, NULL, 3, NULL, NULL, '2020-01-10 11:15:55');
INSERT INTO `zz_student_action_trans` VALUES (1018806573841780736, 1015841864515588096, '张大', 1015817732197453824, 2, 1, 1, NULL, NULL, NULL, NULL, 2, NULL, NULL, '2020-01-10 11:16:00');
INSERT INTO `zz_student_action_trans` VALUES (1018806589612363776, 1015841864515588096, '张大', 1015817732197453824, 2, 1, 2, NULL, NULL, NULL, NULL, 3, NULL, NULL, '2020-01-10 11:16:05');
INSERT INTO `zz_student_action_trans` VALUES (1018806602698592256, 1015841864515588096, '张大', 1015817732197453824, 2, 2, 2, NULL, NULL, NULL, NULL, NULL, NULL, NULL, '2020-01-10 11:16:10');
INSERT INTO `zz_student_action_trans` VALUES (1018806617378656256, 1015841864515588096, '张大', 1015817732197453824, 2, 2, 0, NULL, NULL, NULL, NULL, NULL, NULL, NULL, '2020-01-10 11:16:15');
INSERT INTO `zz_student_action_trans` VALUES (1018806622076276736, 1015841864515588096, '张大', 1015817732197453824, 2, 2, 0, NULL, NULL, NULL, NULL, NULL, NULL, NULL, '2020-01-10 11:16:20');
INSERT INTO `zz_student_action_trans` VALUES (1018806639230980096, 1015841864515588096, '张大', 1015817732197453824, 2, 3, 0, NULL, NULL, NULL, NULL, NULL, NULL, NULL, '2020-01-10 11:16:25');
INSERT INTO `zz_student_action_trans` VALUES (1018806643047796736, 1015841864515588096, '张大', 1015817732197453824, 2, 3, 0, NULL, NULL, NULL, NULL, NULL, NULL, NULL, '2020-01-10 11:16:30');
INSERT INTO `zz_student_action_trans` VALUES (1018806664732348416, 1015841864515588096, '张大', 1015817732197453824, 2, 5, 0, NULL, NULL, NULL, NULL, NULL, NULL, 0, '2020-01-10 11:16:35');
INSERT INTO `zz_student_action_trans` VALUES (1018806668976984064, 1015841864515588096, '张大', 1015817732197453824, 2, 5, 0, NULL, NULL, NULL, NULL, NULL, NULL, 0, '2020-01-10 11:16:40');
INSERT INTO `zz_student_action_trans` VALUES (1018806682558140416, 1015841864515588096, '张大', 1015817732197453824, 2, 5, 1, NULL, NULL, NULL, NULL, NULL, NULL, 0, '2020-01-10 11:16:45');
INSERT INTO `zz_student_action_trans` VALUES (1018806691030634496, 1015841864515588096, '张大', 1015817732197453824, 2, 5, 1, NULL, NULL, NULL, NULL, NULL, NULL, 0, '2020-01-10 11:16:50');
INSERT INTO `zz_student_action_trans` VALUES (1018806709733036032, 1015841864515588096, '张大', 1015817732197453824, 2, 9, 1, NULL, 49, NULL, NULL, NULL, NULL, NULL, '2020-01-10 11:16:55');
INSERT INTO `zz_student_action_trans` VALUES (1018806725126131712, 1015841864515588096, '张大', 1015817732197453824, 2, 9, 0, NULL, 84, NULL, NULL, NULL, NULL, NULL, '2020-01-10 11:17:00');
INSERT INTO `zz_student_action_trans` VALUES (1018806755786493952, 1015841864515588096, '张大', 1015817732197453824, 2, 10, 0, NULL, NULL, 6, NULL, NULL, NULL, NULL, '2020-01-10 11:17:05');
INSERT INTO `zz_student_action_trans` VALUES (1018806774576975872, 1015841864515588096, '张大', 1015817732197453824, 4, 10, 0, NULL, NULL, 8, NULL, NULL, NULL, NULL, '2020-01-10 11:17:10');
INSERT INTO `zz_student_action_trans` VALUES (1018806780532887552, 1015841864515588096, '张大', 1015817732197453824, 4, 10, 0, NULL, NULL, 8, NULL, NULL, NULL, NULL, '2020-01-10 11:17:15');
INSERT INTO `zz_student_action_trans` VALUES (1018806796135698432, 1015841864515588096, '张大', 1015817732197453824, 4, 9, 0, NULL, 33, NULL, NULL, NULL, NULL, NULL, '2020-01-10 11:17:20');
INSERT INTO `zz_student_action_trans` VALUES (1018806799491141632, 1015841864515588096, '张大', 1015817732197453824, 4, 9, 0, NULL, 22, NULL, NULL, NULL, NULL, NULL, '2020-01-10 11:17:25');
INSERT INTO `zz_student_action_trans` VALUES (1018806813844049920, 1015841864515588096, '张大', 1015817732197453824, 4, 5, 0, NULL, NULL, NULL, NULL, NULL, NULL, 0, '2020-01-10 11:17:30');
INSERT INTO `zz_student_action_trans` VALUES (1018806817694420992, 1015841864515588096, '张大', 1015817732197453824, 4, 5, 0, NULL, NULL, NULL, NULL, NULL, NULL, 0, '2020-01-10 11:17:35');
INSERT INTO `zz_student_action_trans` VALUES (1018806836275187712, 1015841864515588096, '张大', 1015817732197453824, 4, 4, 0, 627, NULL, NULL, NULL, NULL, NULL, NULL, '2020-01-10 11:17:40');
INSERT INTO `zz_student_action_trans` VALUES (1018806840423354368, 1015841864515588096, '张大', 1015817732197453824, 4, 4, 0, 463, NULL, NULL, NULL, NULL, NULL, NULL, '2020-01-10 11:17:45');
INSERT INTO `zz_student_action_trans` VALUES (1018806858966372352, 1015841864515588096, '张大', 1015817732197453824, 4, 4, 1, 104, NULL, NULL, NULL, NULL, NULL, NULL, '2020-01-10 11:17:50');
INSERT INTO `zz_student_action_trans` VALUES (1018806862112100352, 1015841864515588096, '张大', 1015817732197453824, 4, 4, 1, 329, NULL, NULL, NULL, NULL, NULL, NULL, '2020-01-10 11:17:55');
INSERT INTO `zz_student_action_trans` VALUES (1018806877714911232, 1015841864515588096, '张大', 1015817732197453824, 4, 4, 2, 601, NULL, NULL, NULL, NULL, NULL, NULL, '2020-01-10 11:18:00');
INSERT INTO `zz_student_action_trans` VALUES (1018806899365908480, 1015841864515588096, '张大', 1015817732197453824, 4, 4, 2, 863, NULL, NULL, NULL, NULL, NULL, NULL, '2020-01-10 11:18:05');
INSERT INTO `zz_student_action_trans` VALUES (1018806913865617408, 1015841864515588096, '张大', 1015817732197453824, 4, 3, 2, NULL, NULL, NULL, NULL, NULL, NULL, NULL, '2020-01-10 11:18:10');
INSERT INTO `zz_student_action_trans` VALUES (1018806916679995392, 1015841864515588096, '张大', 1015817732197453824, 4, 3, 2, NULL, NULL, NULL, NULL, NULL, NULL, NULL, '2020-01-10 11:18:15');
INSERT INTO `zz_student_action_trans` VALUES (1018806932240863232, 1015841864515588096, '张大', 1015817732197453824, 4, 2, 2, NULL, NULL, NULL, NULL, NULL, NULL, NULL, '2020-01-10 11:18:20');
INSERT INTO `zz_student_action_trans` VALUES (1018806950439948288, 1015841864515588096, '张大', 1015817732197453824, 4, 2, 1, NULL, NULL, NULL, NULL, NULL, NULL, NULL, '2020-01-10 11:18:25');
INSERT INTO `zz_student_action_trans` VALUES (1018806964746719232, 1015841864515588096, '张大', 1015817732197453824, 4, 0, 1, NULL, NULL, NULL, NULL, NULL, 618, NULL, '2020-01-10 11:18:30');
INSERT INTO `zz_student_action_trans` VALUES (1018806967473016832, 1015841864515588096, '张大', 1015817732197453824, 4, 0, 1, NULL, NULL, NULL, NULL, NULL, 25, NULL, '2020-01-10 11:18:35');
INSERT INTO `zz_student_action_trans` VALUES (1018806982023057408, 1015841864515588096, '张大', 1015817732197453824, 4, 0, 0, NULL, NULL, NULL, NULL, NULL, 523, NULL, '2020-01-10 11:18:40');
INSERT INTO `zz_student_action_trans` VALUES (1018806984879378432, 1015841864515588096, '张大', 1015817732197453824, 4, 0, 0, NULL, NULL, NULL, NULL, NULL, 715, NULL, '2020-01-10 11:18:45');
INSERT INTO `zz_student_action_trans` VALUES (1018807041246629888, 1015842628948463616, '张三', 1015818056597508096, 2, 0, 0, NULL, NULL, NULL, NULL, NULL, 269, NULL, '2020-01-10 11:18:50');
INSERT INTO `zz_student_action_trans` VALUES (1018807044560130048, 1015842628948463616, '张三', 1015818056597508096, 2, 0, 0, NULL, NULL, NULL, NULL, NULL, 23, NULL, '2020-01-10 11:18:55');
INSERT INTO `zz_student_action_trans` VALUES (1018807060251021312, 1015842628948463616, '张三', 1015818056597508096, 2, 1, 0, NULL, NULL, NULL, NULL, 2, NULL, NULL, '2020-01-10 11:19:00');
INSERT INTO `zz_student_action_trans` VALUES (1018807064650846208, 1015842628948463616, '张三', 1015818056597508096, 2, 1, 0, NULL, NULL, NULL, NULL, 4, NULL, NULL, '2020-01-10 11:19:05');
INSERT INTO `zz_student_action_trans` VALUES (1018807069302329344, 1015842628948463616, '张三', 1015818056597508096, 2, 1, 0, NULL, NULL, NULL, NULL, 5, NULL, NULL, '2020-01-10 11:19:10');
INSERT INTO `zz_student_action_trans` VALUES (1018807073211420672, 1015842628948463616, '张三', 1015818056597508096, 2, 1, 0, NULL, NULL, NULL, NULL, 1, NULL, NULL, '2020-01-10 11:19:15');
INSERT INTO `zz_student_action_trans` VALUES (1018807086876463104, 1015842628948463616, '张三', 1015818056597508096, 2, 2, 0, NULL, NULL, NULL, NULL, NULL, NULL, NULL, '2020-01-10 11:19:20');
INSERT INTO `zz_student_action_trans` VALUES (1018807102311501824, 1015842628948463616, '张三', 1015818056597508096, 2, 2, 1, NULL, NULL, NULL, NULL, NULL, NULL, NULL, '2020-01-10 11:19:25');
INSERT INTO `zz_student_action_trans` VALUES (1018807118379880448, 1015842628948463616, '张三', 1015818056597508096, 2, 2, 2, NULL, NULL, NULL, NULL, NULL, NULL, NULL, '2020-01-10 11:19:30');
INSERT INTO `zz_student_action_trans` VALUES (1018807134397927424, 1015842628948463616, '张三', 1015818056597508096, 2, 3, 2, NULL, NULL, NULL, NULL, NULL, NULL, NULL, '2020-01-10 11:19:35');
INSERT INTO `zz_student_action_trans` VALUES (1018807148918607872, 1015842628948463616, '张三', 1015818056597508096, 2, 3, 1, NULL, NULL, NULL, NULL, NULL, NULL, NULL, '2020-01-10 11:19:40');
INSERT INTO `zz_student_action_trans` VALUES (1018807151863009280, 1015842628948463616, '张三', 1015818056597508096, 2, 3, 1, NULL, NULL, NULL, NULL, NULL, NULL, NULL, '2020-01-10 11:19:45');
INSERT INTO `zz_student_action_trans` VALUES (1018807176013811712, 1015842628948463616, '张三', 1015818056597508096, 2, 4, 1, 434, NULL, NULL, NULL, NULL, NULL, NULL, '2020-01-10 11:19:50');
INSERT INTO `zz_student_action_trans` VALUES (1018807190026981376, 1015842628948463616, '张三', 1015818056597508096, 2, 5, 1, NULL, NULL, NULL, NULL, NULL, NULL, 1, '2020-01-10 11:19:55');
INSERT INTO `zz_student_action_trans` VALUES (1018807205868867584, 1015842628948463616, '张三', 1015818056597508096, 2, 9, 1, NULL, 100, NULL, NULL, NULL, NULL, NULL, '2020-01-10 11:20:00');
INSERT INTO `zz_student_action_trans` VALUES (1018807221144522752, 1015842628948463616, '张三', 1015818056597508096, 2, 9, 0, NULL, 34, NULL, NULL, NULL, NULL, NULL, '2020-01-10 11:20:05');
INSERT INTO `zz_student_action_trans` VALUES (1018807245962219520, 1015842628948463616, '张三', 1015818056597508096, 3, 9, 0, NULL, 57, NULL, NULL, NULL, NULL, NULL, '2020-01-10 11:20:10');
INSERT INTO `zz_student_action_trans` VALUES (1018807249124724736, 1015842628948463616, '张三', 1015818056597508096, 3, 9, 0, NULL, 22, NULL, NULL, NULL, NULL, NULL, '2020-01-10 11:20:15');
INSERT INTO `zz_student_action_trans` VALUES (1018807263423107072, 1015842628948463616, '张三', 1015818056597508096, 3, 5, 0, NULL, NULL, NULL, NULL, NULL, NULL, 1, '2020-01-10 11:20:20');
INSERT INTO `zz_student_action_trans` VALUES (1018807267189592064, 1015842628948463616, '张三', 1015818056597508096, 3, 5, 0, NULL, NULL, NULL, NULL, NULL, NULL, 1, '2020-01-10 11:20:25');
INSERT INTO `zz_student_action_trans` VALUES (1018807284394627072, 1015842628948463616, '张三', 1015818056597508096, 3, 10, 0, NULL, NULL, 6, NULL, NULL, NULL, NULL, '2020-01-10 11:20:30');
INSERT INTO `zz_student_action_trans` VALUES (1018807287661989888, 1015842628948463616, '张三', 1015818056597508096, 3, 10, 0, NULL, NULL, 4, NULL, NULL, NULL, NULL, '2020-01-10 11:20:35');
INSERT INTO `zz_student_action_trans` VALUES (1018807304527286272, 1015842628948463616, '张三', 1015818056597508096, 3, 10, 2, NULL, NULL, 8, NULL, NULL, NULL, NULL, '2020-01-10 11:20:40');
INSERT INTO `zz_student_action_trans` VALUES (1018807321082204160, 1015842628948463616, '张三', 1015818056597508096, 3, 5, 2, NULL, NULL, NULL, NULL, NULL, NULL, 1, '2020-01-10 11:20:45');
INSERT INTO `zz_student_action_trans` VALUES (1018807323640729600, 1015842628948463616, '张三', 1015818056597508096, 3, 5, 2, NULL, NULL, NULL, NULL, NULL, NULL, 1, '2020-01-10 11:20:50');
INSERT INTO `zz_student_action_trans` VALUES (1018807341474910208, 1015842628948463616, '张三', 1015818056597508096, 3, 5, 1, NULL, NULL, NULL, NULL, NULL, NULL, 1, '2020-01-10 11:20:55');
INSERT INTO `zz_student_action_trans` VALUES (1018807358168240128, 1015842628948463616, '张三', 1015818056597508096, 3, 4, 1, 109, NULL, NULL, NULL, NULL, NULL, NULL, '2020-01-10 11:21:00');
INSERT INTO `zz_student_action_trans` VALUES (1018807377902440448, 1015842628948463616, '张三', 1015818056597508096, 3, 4, 0, 923, NULL, NULL, NULL, NULL, NULL, NULL, '2020-01-10 11:21:05');
INSERT INTO `zz_student_action_trans` VALUES (1018807396172828672, 1015842628948463616, '张三', 1015818056597508096, 3, 4, 2, 598, NULL, NULL, NULL, NULL, NULL, NULL, '2020-01-10 11:21:10');
INSERT INTO `zz_student_action_trans` VALUES (1018807399939313664, 1015842628948463616, '张三', 1015818056597508096, 3, 4, 2, 636, NULL, NULL, NULL, NULL, NULL, NULL, '2020-01-10 11:21:15');
INSERT INTO `zz_student_action_trans` VALUES (1018807412731940864, 1015842628948463616, '张三', 1015818056597508096, 3, 3, 2, NULL, NULL, NULL, NULL, NULL, NULL, NULL, '2020-01-10 11:21:20');
INSERT INTO `zz_student_action_trans` VALUES (1018807416288710656, 1015842628948463616, '张三', 1015818056597508096, 3, 3, 2, NULL, NULL, NULL, NULL, NULL, NULL, NULL, '2020-01-10 11:21:25');
INSERT INTO `zz_student_action_trans` VALUES (1018807429895032832, 1015842628948463616, '张三', 1015818056597508096, 3, 3, 1, NULL, NULL, NULL, NULL, NULL, NULL, NULL, '2020-01-10 11:21:30');
INSERT INTO `zz_student_action_trans` VALUES (1018807443853676544, 1015842628948463616, '张三', 1015818056597508096, 3, 2, 1, NULL, NULL, NULL, NULL, NULL, NULL, NULL, '2020-01-10 11:21:35');
INSERT INTO `zz_student_action_trans` VALUES (1018807458953170944, 1015842628948463616, '张三', 1015818056597508096, 3, 2, 0, NULL, NULL, NULL, NULL, NULL, NULL, NULL, '2020-01-10 11:21:40');
INSERT INTO `zz_student_action_trans` VALUES (1018807471968096256, 1015842628948463616, '张三', 1015818056597508096, 3, 1, 0, NULL, NULL, NULL, NULL, 3, NULL, NULL, '2020-01-10 11:21:45');
INSERT INTO `zz_student_action_trans` VALUES (1018807475562614784, 1015842628948463616, '张三', 1015818056597508096, 3, 1, 0, NULL, NULL, NULL, NULL, 2, NULL, NULL, '2020-01-10 11:21:50');
INSERT INTO `zz_student_action_trans` VALUES (1018807497494630400, 1015842628948463616, '张三', 1015818056597508096, 3, 0, 1, NULL, NULL, NULL, NULL, NULL, 546, NULL, '2020-01-10 11:21:55');
INSERT INTO `zz_student_action_trans` VALUES (1018807510580858880, 1015842628948463616, '张三', 1015818056597508096, 3, 0, 2, NULL, NULL, NULL, NULL, NULL, 797, NULL, '2020-01-10 11:22:00');
INSERT INTO `zz_student_action_trans` VALUES (1018807530558328832, 1015842628948463616, '张三', 1015818056597508096, 4, 0, 2, NULL, NULL, NULL, NULL, NULL, 668, NULL, '2020-01-10 11:22:05');
INSERT INTO `zz_student_action_trans` VALUES (1018807544810573824, 1015842628948463616, '张三', 1015818056597508096, 4, 0, 2, NULL, NULL, NULL, NULL, NULL, 98, NULL, '2020-01-10 11:22:10');
INSERT INTO `zz_student_action_trans` VALUES (1018807559650021376, 1015842628948463616, '张三', 1015818056597508096, 4, 1, 2, NULL, NULL, NULL, NULL, 4, NULL, NULL, '2020-01-10 11:22:15');
INSERT INTO `zz_student_action_trans` VALUES (1018807565647876096, 1015842628948463616, '张三', 1015818056597508096, 4, 1, 2, NULL, NULL, NULL, NULL, 2, NULL, NULL, '2020-01-10 11:22:20');
INSERT INTO `zz_student_action_trans` VALUES (1018807581548482560, 1015842628948463616, '张三', 1015818056597508096, 4, 1, 1, NULL, NULL, NULL, NULL, 4, NULL, NULL, '2020-01-10 11:22:25');
INSERT INTO `zz_student_action_trans` VALUES (1018807596224352256, 1015842628948463616, '张三', 1015818056597508096, 4, 2, 1, NULL, NULL, NULL, NULL, NULL, NULL, NULL, '2020-01-10 11:22:30');
INSERT INTO `zz_student_action_trans` VALUES (1018807598866763776, 1015842628948463616, '张三', 1015818056597508096, 4, 2, 1, NULL, NULL, NULL, NULL, NULL, NULL, NULL, '2020-01-10 11:22:35');
INSERT INTO `zz_student_action_trans` VALUES (1018807614889005056, 1015842628948463616, '张三', 1015818056597508096, 4, 2, 2, NULL, NULL, NULL, NULL, NULL, NULL, NULL, '2020-01-10 11:22:40');
INSERT INTO `zz_student_action_trans` VALUES (1018807628856037376, 1015842628948463616, '张三', 1015818056597508096, 4, 3, 2, NULL, NULL, NULL, NULL, NULL, NULL, NULL, '2020-01-10 11:22:45');
INSERT INTO `zz_student_action_trans` VALUES (1018807632249229312, 1015842628948463616, '张三', 1015818056597508096, 4, 3, 2, NULL, NULL, NULL, NULL, NULL, NULL, NULL, '2020-01-10 11:22:50');
INSERT INTO `zz_student_action_trans` VALUES (1018807646891544576, 1015842628948463616, '张三', 1015818056597508096, 4, 3, 0, NULL, NULL, NULL, NULL, NULL, NULL, NULL, '2020-01-10 11:22:55');
INSERT INTO `zz_student_action_trans` VALUES (1018807659432513536, 1015842628948463616, '张三', 1015818056597508096, 4, 4, 0, 931, NULL, NULL, NULL, NULL, NULL, NULL, '2020-01-10 11:23:00');
INSERT INTO `zz_student_action_trans` VALUES (1018807675786104832, 1015842628948463616, '张三', 1015818056597508096, 4, 4, 1, 549, NULL, NULL, NULL, NULL, NULL, NULL, '2020-01-10 11:23:05');
INSERT INTO `zz_student_action_trans` VALUES (1018807693569953792, 1015842628948463616, '张三', 1015818056597508096, 4, 5, 1, NULL, NULL, NULL, NULL, NULL, NULL, 1, '2020-01-10 11:23:10');
INSERT INTO `zz_student_action_trans` VALUES (1018807696216559616, 1015842628948463616, '张三', 1015818056597508096, 4, 5, 1, NULL, NULL, NULL, NULL, NULL, NULL, 1, '2020-01-10 11:23:15');
INSERT INTO `zz_student_action_trans` VALUES (1018807710099705856, 1015842628948463616, '张三', 1015818056597508096, 4, 5, 2, NULL, NULL, NULL, NULL, NULL, NULL, 1, '2020-01-10 11:23:20');
INSERT INTO `zz_student_action_trans` VALUES (1018807726746898432, 1015842628948463616, '张三', 1015818056597508096, 4, 5, 0, NULL, NULL, NULL, NULL, NULL, NULL, 1, '2020-01-10 11:23:25');
INSERT INTO `zz_student_action_trans` VALUES (1018807743188570112, 1015842628948463616, '张三', 1015818056597508096, 4, 9, 0, NULL, 89, NULL, NULL, NULL, NULL, NULL, '2020-01-10 11:23:30');
INSERT INTO `zz_student_action_trans` VALUES (1018807747508703232, 1015842628948463616, '张三', 1015818056597508096, 4, 9, 0, NULL, 45, NULL, NULL, NULL, NULL, NULL, '2020-01-10 11:23:35');
INSERT INTO `zz_student_action_trans` VALUES (1018807762734026752, 1015842628948463616, '张三', 1015818056597508096, 4, 9, 1, NULL, 26, NULL, NULL, NULL, NULL, NULL, '2020-01-10 11:23:40');
INSERT INTO `zz_student_action_trans` VALUES (1018807779007926272, 1015842628948463616, '张三', 1015818056597508096, 4, 9, 2, NULL, 52, NULL, NULL, NULL, NULL, NULL, '2020-01-10 11:23:45');
INSERT INTO `zz_student_action_trans` VALUES (1018807795281825792, 1015842628948463616, '张三', 1015818056597508096, 4, 10, 2, NULL, NULL, 9, NULL, NULL, NULL, NULL, '2020-01-10 11:23:50');
INSERT INTO `zz_student_action_trans` VALUES (1018807814282022912, 1015842628948463616, '张三', 1015818056597508096, 4, 10, 1, NULL, NULL, 9, NULL, NULL, NULL, NULL, '2020-01-10 11:23:55');
INSERT INTO `zz_student_action_trans` VALUES (1018807818304360448, 1015842628948463616, '张三', 1015818056597508096, 4, 10, 1, NULL, NULL, 10, NULL, NULL, NULL, NULL, '2020-01-10 11:24:00');
INSERT INTO `zz_student_action_trans` VALUES (1018807839112302592, 1015842628948463616, '张三', 1015818056597508096, 4, 10, 0, NULL, NULL, 5, NULL, NULL, NULL, NULL, '2020-01-10 11:24:05');
INSERT INTO `zz_student_action_trans` VALUES (1018807937338707968, 1015852480873631744, '李军', 1015817732197453824, 1, 0, 0, NULL, NULL, NULL, NULL, NULL, 868, NULL, '2020-01-11 11:24:10');
INSERT INTO `zz_student_action_trans` VALUES (1018807958184398848, 1015852480873631744, '李军', 1015817732197453824, 1, 0, 1, NULL, NULL, NULL, NULL, NULL, 251, NULL, '2020-01-11 11:24:15');
INSERT INTO `zz_student_action_trans` VALUES (1018807973283893248, 1015852480873631744, '李军', 1015817732197453824, 1, 1, 1, NULL, NULL, NULL, NULL, 3, NULL, NULL, '2020-01-11 11:24:20');
INSERT INTO `zz_student_action_trans` VALUES (1018807976429621248, 1015852480873631744, '李军', 1015817732197453824, 1, 1, 1, NULL, NULL, NULL, NULL, 4, NULL, NULL, '2020-01-11 11:24:25');
INSERT INTO `zz_student_action_trans` VALUES (1018807990446985216, 1015852480873631744, '李军', 1015817732197453824, 1, 1, 0, NULL, NULL, NULL, NULL, 5, NULL, NULL, '2020-01-11 11:24:30');
INSERT INTO `zz_student_action_trans` VALUES (1018808007266144256, 1015852480873631744, '李军', 1015817732197453824, 1, 2, 0, NULL, NULL, NULL, NULL, NULL, NULL, NULL, '2020-01-11 11:24:35');
INSERT INTO `zz_student_action_trans` VALUES (1018808010520924160, 1015852480873631744, '李军', 1015817732197453824, 1, 2, 0, NULL, NULL, NULL, NULL, NULL, NULL, NULL, '2020-01-11 11:24:40');
INSERT INTO `zz_student_action_trans` VALUES (1018808029248491520, 1015852480873631744, '李军', 1015817732197453824, 1, 2, 2, NULL, NULL, NULL, NULL, NULL, NULL, NULL, '2020-01-11 11:24:45');
INSERT INTO `zz_student_action_trans` VALUES (1018808046189285376, 1015852480873631744, '李军', 1015817732197453824, 1, 3, 2, NULL, NULL, NULL, NULL, NULL, NULL, NULL, '2020-01-11 11:24:50');
INSERT INTO `zz_student_action_trans` VALUES (1018808049536339968, 1015852480873631744, '李军', 1015817732197453824, 1, 3, 2, NULL, NULL, NULL, NULL, NULL, NULL, NULL, '2020-01-11 11:24:55');
INSERT INTO `zz_student_action_trans` VALUES (1018808063356571648, 1015852480873631744, '李军', 1015817732197453824, 1, 3, 0, NULL, NULL, NULL, NULL, NULL, NULL, NULL, '2020-01-11 11:25:00');
INSERT INTO `zz_student_action_trans` VALUES (1018808090606964736, 1015852480873631744, '李军', 1015817732197453824, 1, 4, 0, 331, NULL, NULL, NULL, NULL, NULL, NULL, '2020-01-11 11:25:05');
INSERT INTO `zz_student_action_trans` VALUES (1018808105442217984, 1015852480873631744, '李军', 1015817732197453824, 1, 4, 1, 180, NULL, NULL, NULL, NULL, NULL, NULL, '2020-01-11 11:25:10');
INSERT INTO `zz_student_action_trans` VALUES (1018808123947487232, 1015852480873631744, '李军', 1015817732197453824, 1, 5, 1, NULL, NULL, NULL, NULL, NULL, NULL, 1, '2020-01-11 11:25:15');
INSERT INTO `zz_student_action_trans` VALUES (1018808139374137344, 1015852480873631744, '李军', 1015817732197453824, 1, 5, 2, NULL, NULL, NULL, NULL, NULL, NULL, 1, '2020-01-11 11:25:20');
INSERT INTO `zz_student_action_trans` VALUES (1018808163239727104, 1015852480873631744, '李军', 1015817732197453824, 1, 9, 2, NULL, 73, NULL, NULL, NULL, NULL, NULL, '2020-01-11 11:25:25');
INSERT INTO `zz_student_action_trans` VALUES (1018808178884481024, 1015852480873631744, '李军', 1015817732197453824, 1, 9, 1, NULL, 85, NULL, NULL, NULL, NULL, NULL, '2020-01-11 11:25:30');
INSERT INTO `zz_student_action_trans` VALUES (1018808202037039104, 1015852480873631744, '李军', 1015817732197453824, 1, 9, 0, NULL, 58, NULL, NULL, NULL, NULL, NULL, '2020-01-11 11:25:35');
INSERT INTO `zz_student_action_trans` VALUES (1018808225227345920, 1015852480873631744, '李军', 1015817732197453824, 1, 10, 0, NULL, NULL, 3, NULL, NULL, NULL, NULL, '2020-01-11 11:25:40');
INSERT INTO `zz_student_action_trans` VALUES (1018808239072743424, 1015852480873631744, '李军', 1015817732197453824, 1, 10, 1, NULL, NULL, 10, NULL, NULL, NULL, NULL, '2020-01-11 11:25:45');
INSERT INTO `zz_student_action_trans` VALUES (1018808259285094400, 1015852480873631744, '李军', 1015817732197453824, 2, 10, 1, NULL, NULL, 6, NULL, NULL, NULL, NULL, '2020-01-11 11:25:50');
INSERT INTO `zz_student_action_trans` VALUES (1018808281019977728, 1015852480873631744, '李军', 1015817732197453824, 2, 10, 0, NULL, NULL, 6, NULL, NULL, NULL, NULL, '2020-01-11 11:25:55');
INSERT INTO `zz_student_action_trans` VALUES (1018808284450918400, 1015852480873631744, '李军', 1015817732197453824, 2, 10, 0, NULL, NULL, 8, NULL, NULL, NULL, NULL, '2020-01-11 11:26:00');
INSERT INTO `zz_student_action_trans` VALUES (1018808301647564800, 1015852480873631744, '李军', 1015817732197453824, 2, 9, 0, NULL, 44, NULL, NULL, NULL, NULL, NULL, '2020-01-11 11:26:05');
INSERT INTO `zz_student_action_trans` VALUES (1018808305003008000, 1015852480873631744, '李军', 1015817732197453824, 2, 9, 0, NULL, 98, NULL, NULL, NULL, NULL, NULL, '2020-01-11 11:26:10');
INSERT INTO `zz_student_action_trans` VALUES (1018808319687266304, 1015852480873631744, '李军', 1015817732197453824, 2, 5, 0, NULL, NULL, NULL, NULL, NULL, NULL, 1, '2020-01-11 11:26:15');
INSERT INTO `zz_student_action_trans` VALUES (1018808334279249920, 1015852480873631744, '李军', 1015817732197453824, 2, 5, 1, NULL, NULL, NULL, NULL, NULL, NULL, 1, '2020-01-11 11:26:20');
INSERT INTO `zz_student_action_trans` VALUES (1018808337051684864, 1015852480873631744, '李军', 1015817732197453824, 2, 5, 1, NULL, NULL, NULL, NULL, NULL, NULL, 1, '2020-01-11 11:26:25');
INSERT INTO `zz_student_action_trans` VALUES (1018808352482529280, 1015852480873631744, '李军', 1015817732197453824, 2, 4, 1, 829, NULL, NULL, NULL, NULL, NULL, NULL, '2020-01-11 11:26:30');
INSERT INTO `zz_student_action_trans` VALUES (1018808368341192704, 1015852480873631744, '李军', 1015817732197453824, 2, 4, 2, 143, NULL, NULL, NULL, NULL, NULL, NULL, '2020-01-11 11:26:35');
INSERT INTO `zz_student_action_trans` VALUES (1018808371201708032, 1015852480873631744, '李军', 1015817732197453824, 2, 4, 2, 727, NULL, NULL, NULL, NULL, NULL, NULL, '2020-01-11 11:26:40');
INSERT INTO `zz_student_action_trans` VALUES (1018808386959708160, 1015852480873631744, '李军', 1015817732197453824, 2, 3, 2, NULL, NULL, NULL, NULL, NULL, NULL, NULL, '2020-01-11 11:26:45');
INSERT INTO `zz_student_action_trans` VALUES (1018808389941858304, 1015852480873631744, '李军', 1015817732197453824, 2, 3, 2, NULL, NULL, NULL, NULL, NULL, NULL, NULL, '2020-01-11 11:26:50');
INSERT INTO `zz_student_action_trans` VALUES (1018808403061641216, 1015852480873631744, '李军', 1015817732197453824, 2, 3, 0, NULL, NULL, NULL, NULL, NULL, NULL, NULL, '2020-01-11 11:26:55');
INSERT INTO `zz_student_action_trans` VALUES (1018808417364217856, 1015852480873631744, '李军', 1015817732197453824, 2, 3, 1, NULL, NULL, NULL, NULL, NULL, NULL, NULL, '2020-01-11 11:27:00');
INSERT INTO `zz_student_action_trans` VALUES (1018808431247364096, 1015852480873631744, '李军', 1015817732197453824, 2, 2, 1, NULL, NULL, NULL, NULL, NULL, NULL, NULL, '2020-01-11 11:27:05');
INSERT INTO `zz_student_action_trans` VALUES (1018808434900602880, 1015852480873631744, '李军', 1015817732197453824, 2, 2, 1, NULL, NULL, NULL, NULL, NULL, NULL, NULL, '2020-01-11 11:27:10');
INSERT INTO `zz_student_action_trans` VALUES (1018808450344030208, 1015852480873631744, '李军', 1015817732197453824, 2, 2, 0, NULL, NULL, NULL, NULL, NULL, NULL, NULL, '2020-01-11 11:27:15');
INSERT INTO `zz_student_action_trans` VALUES (1018808468366954496, 1015852480873631744, '李军', 1015817732197453824, 2, 1, 0, NULL, NULL, NULL, NULL, 1, NULL, NULL, '2020-01-11 11:27:20');
INSERT INTO `zz_student_action_trans` VALUES (1018808471776923648, 1015852480873631744, '李军', 1015817732197453824, 2, 1, 0, NULL, NULL, NULL, NULL, 1, NULL, NULL, '2020-01-11 11:27:25');
INSERT INTO `zz_student_action_trans` VALUES (1018808486574428160, 1015852480873631744, '李军', 1015817732197453824, 2, 1, 1, NULL, NULL, NULL, NULL, 4, NULL, NULL, '2020-01-11 11:27:30');
INSERT INTO `zz_student_action_trans` VALUES (1018808489720156160, 1015852480873631744, '李军', 1015817732197453824, 2, 1, 1, NULL, NULL, NULL, NULL, 1, NULL, NULL, '2020-01-11 11:27:35');
INSERT INTO `zz_student_action_trans` VALUES (1018808519092867072, 1015852480873631744, '李军', 1015817732197453824, 2, 0, 1, NULL, NULL, NULL, NULL, NULL, 23, NULL, '2020-01-11 11:27:40');
INSERT INTO `zz_student_action_trans` VALUES (1018808533722599424, 1015852480873631744, '李军', 1015817732197453824, 2, 0, 0, NULL, NULL, NULL, NULL, NULL, 486, NULL, '2020-01-11 11:27:45');
INSERT INTO `zz_student_action_trans` VALUES (1018808549908418560, 1015852480873631744, '李军', 1015817732197453824, 3, 0, 0, NULL, NULL, NULL, NULL, NULL, 937, NULL, '2020-01-11 11:27:50');
INSERT INTO `zz_student_action_trans` VALUES (1018808553595211776, 1015852480873631744, '李军', 1015817732197453824, 3, 0, 0, NULL, NULL, NULL, NULL, NULL, 634, NULL, '2020-01-11 11:27:55');
INSERT INTO `zz_student_action_trans` VALUES (1018808567696461824, 1015852480873631744, '李军', 1015817732197453824, 3, 1, 0, NULL, NULL, NULL, NULL, 2, NULL, NULL, '2020-01-11 11:28:00');
INSERT INTO `zz_student_action_trans` VALUES (1018808589381013504, 1015852480873631744, '李军', 1015817732197453824, 3, 2, 0, NULL, NULL, NULL, NULL, NULL, NULL, NULL, '2020-01-11 11:28:05');
INSERT INTO `zz_student_action_trans` VALUES (1018808603381600256, 1015852480873631744, '李军', 1015817732197453824, 3, 2, 1, NULL, NULL, NULL, NULL, NULL, NULL, NULL, '2020-01-11 11:28:10');
INSERT INTO `zz_student_action_trans` VALUES (1018808627708563456, 1015852853839532032, '王石', 1015817732197453824, 3, 2, 1, NULL, NULL, NULL, NULL, NULL, NULL, NULL, '2020-01-11 11:28:15');
INSERT INTO `zz_student_action_trans` VALUES (1018808643911159808, 1015852853839532032, '王石', 1015817732197453824, 3, 3, 1, NULL, NULL, NULL, NULL, NULL, NULL, NULL, '2020-01-11 11:28:20');
INSERT INTO `zz_student_action_trans` VALUES (1018808647878971392, 1015852853839532032, '王石', 1015817732197453824, 3, 3, 1, NULL, NULL, NULL, NULL, NULL, NULL, NULL, '2020-01-11 11:28:25');
INSERT INTO `zz_student_action_trans` VALUES (1018808662647115776, 1015852853839532032, '王石', 1015817732197453824, 3, 3, 0, NULL, NULL, NULL, NULL, NULL, NULL, NULL, '2020-01-11 11:28:30');
INSERT INTO `zz_student_action_trans` VALUES (1018808676190523392, 1015852853839532032, '王石', 1015817732197453824, 3, 5, 0, NULL, NULL, NULL, NULL, NULL, NULL, 1, '2020-01-11 11:28:35');
INSERT INTO `zz_student_action_trans` VALUES (1018808679671795712, 1015852853839532032, '王石', 1015817732197453824, 3, 5, 0, NULL, NULL, NULL, NULL, NULL, NULL, 1, '2020-01-11 11:28:40');
INSERT INTO `zz_student_action_trans` VALUES (1018808713146535936, 1015841864515588096, '张大', 1015817732197453824, 3, 5, 2, NULL, NULL, NULL, NULL, NULL, NULL, 1, '2020-01-11 11:28:45');
INSERT INTO `zz_student_action_trans` VALUES (1018808727696576512, 1015841864515588096, '张大', 1015817732197453824, 3, 9, 2, NULL, 93, NULL, NULL, NULL, NULL, NULL, '2020-01-11 11:28:50');
INSERT INTO `zz_student_action_trans` VALUES (1018808730968133632, 1015841864515588096, '张大', 1015817732197453824, 3, 9, 2, NULL, 39, NULL, NULL, NULL, NULL, NULL, '2020-01-11 11:28:55');
INSERT INTO `zz_student_action_trans` VALUES (1018808745056800768, 1015841864515588096, '张大', 1015817732197453824, 3, 9, 0, NULL, 26, NULL, NULL, NULL, NULL, NULL, '2020-01-11 11:29:00');
INSERT INTO `zz_student_action_trans` VALUES (1018808762224087040, 1015841864515588096, '张大', 1015817732197453824, 3, 10, 0, NULL, NULL, 4, NULL, NULL, NULL, NULL, '2020-01-11 11:29:05');
INSERT INTO `zz_student_action_trans` VALUES (1018808766552608768, 1015841864515588096, '张大', 1015817732197453824, 3, 10, 0, NULL, NULL, 7, NULL, NULL, NULL, NULL, '2020-01-11 11:29:10');
INSERT INTO `zz_student_action_trans` VALUES (1018808834777157632, 1015841864515588096, '张大', 1015818056597508096, 2, 10, 0, NULL, NULL, 8, NULL, NULL, NULL, NULL, '2020-01-11 11:29:15');
INSERT INTO `zz_student_action_trans` VALUES (1018808837880942592, 1015841864515588096, '张大', 1015818056597508096, 2, 10, 0, NULL, NULL, 7, NULL, NULL, NULL, NULL, '2020-01-11 11:29:20');
INSERT INTO `zz_student_action_trans` VALUES (1018808852263211008, 1015841864515588096, '张大', 1015818056597508096, 2, 5, 0, NULL, NULL, NULL, NULL, NULL, NULL, 1, '2020-01-11 11:29:25');
INSERT INTO `zz_student_action_trans` VALUES (1018808870055448576, 1015841864515588096, '张大', 1015818056597508096, 2, 5, 1, NULL, NULL, NULL, NULL, NULL, NULL, 1, '2020-01-11 11:29:30');
INSERT INTO `zz_student_action_trans` VALUES (1018808872664305664, 1015841864515588096, '张大', 1015818056597508096, 2, 5, 1, NULL, NULL, NULL, NULL, NULL, NULL, 1, '2020-01-11 11:29:35');
INSERT INTO `zz_student_action_trans` VALUES (1018808889886117888, 1015841864515588096, '张大', 1015818056597508096, 2, 3, 1, NULL, NULL, NULL, NULL, NULL, NULL, NULL, '2020-01-11 11:29:40');
INSERT INTO `zz_student_action_trans` VALUES (1018808905585397760, 1015841864515588096, '张大', 1015818056597508096, 2, 4, 1, 756, NULL, NULL, NULL, NULL, NULL, NULL, '2020-01-11 11:29:45');
INSERT INTO `zz_student_action_trans` VALUES (1018808924665286656, 1015841864515588096, '张大', 1015818056597508096, 2, 4, 2, 35, NULL, NULL, NULL, NULL, NULL, NULL, '2020-01-11 11:29:50');
INSERT INTO `zz_student_action_trans` VALUES (1018808927844569088, 1015841864515588096, '张大', 1015818056597508096, 2, 4, 2, 489, NULL, NULL, NULL, NULL, NULL, NULL, '2020-01-11 11:29:55');
INSERT INTO `zz_student_action_trans` VALUES (1018808941014683648, 1015841864515588096, '张大', 1015818056597508096, 2, 2, 2, NULL, NULL, NULL, NULL, NULL, NULL, NULL, '2020-01-11 11:30:00');
INSERT INTO `zz_student_action_trans` VALUES (1018808944089108480, 1015841864515588096, '张大', 1015818056597508096, 2, 2, 2, NULL, NULL, NULL, NULL, NULL, NULL, NULL, '2020-01-11 11:30:05');
INSERT INTO `zz_student_action_trans` VALUES (1018808963789754368, 1015841864515588096, '张大', 1015818056597508096, 2, 0, 2, NULL, NULL, NULL, NULL, NULL, 342, NULL, '2020-01-11 11:30:10');
INSERT INTO `zz_student_action_trans` VALUES (1018808967061311488, 1015841864515588096, '张大', 1015818056597508096, 2, 0, 2, NULL, NULL, NULL, NULL, NULL, 894, NULL, '2020-01-11 11:30:15');
INSERT INTO `zz_student_action_trans` VALUES (1018808971549216768, 1015841864515588096, '张大', 1015818056597508096, 2, 0, 2, NULL, NULL, NULL, NULL, NULL, 505, NULL, '2020-01-11 11:30:20');
INSERT INTO `zz_student_action_trans` VALUES (1018809014373060608, 1015841864515588096, '张大', 1015818056597508096, 3, 0, 2, NULL, NULL, NULL, NULL, NULL, 870, NULL, '2020-01-11 11:30:25');
INSERT INTO `zz_student_action_trans` VALUES (1018809017279713280, 1015841864515588096, '张大', 1015818056597508096, 3, 0, 2, NULL, NULL, NULL, NULL, NULL, 832, NULL, '2020-01-11 11:30:30');
INSERT INTO `zz_student_action_trans` VALUES (1018809030013620224, 1015841864515588096, '张大', 1015818056597508096, 3, 1, 2, NULL, NULL, NULL, NULL, 1, NULL, NULL, '2020-01-11 11:30:35');
INSERT INTO `zz_student_action_trans` VALUES (1018809043577999360, 1015841864515588096, '张大', 1015818056597508096, 3, 1, 0, NULL, NULL, NULL, NULL, 2, NULL, NULL, '2020-01-11 11:30:40');
INSERT INTO `zz_student_action_trans` VALUES (1018809058333560832, 1015841864515588096, '张大', 1015818056597508096, 3, 2, 0, NULL, NULL, NULL, NULL, NULL, NULL, NULL, '2020-01-11 11:30:45');
INSERT INTO `zz_student_action_trans` VALUES (1018809068521525248, 1015841864515588096, '张大', 1015818056597508096, 3, 2, 0, NULL, NULL, NULL, NULL, NULL, NULL, NULL, '2020-01-11 11:30:50');
INSERT INTO `zz_student_action_trans` VALUES (1018809083839123456, 1015841864515588096, '张大', 1015818056597508096, 3, 4, 0, 484, NULL, NULL, NULL, NULL, NULL, NULL, '2020-01-11 11:30:55');
INSERT INTO `zz_student_action_trans` VALUES (1018809101107073024, 1015841864515588096, '张大', 1015818056597508096, 3, 4, 1, 822, NULL, NULL, NULL, NULL, NULL, NULL, '2020-01-11 11:31:00');
INSERT INTO `zz_student_action_trans` VALUES (1018809116709883904, 1015841864515588096, '张大', 1015818056597508096, 3, 5, 1, NULL, NULL, NULL, NULL, NULL, NULL, 1, '2020-01-11 11:31:05');
INSERT INTO `zz_student_action_trans` VALUES (1018809119352295424, 1015841864515588096, '张大', 1015818056597508096, 3, 5, 1, NULL, NULL, NULL, NULL, NULL, NULL, 1, '2020-01-11 11:31:10');
INSERT INTO `zz_student_action_trans` VALUES (1018809140072157184, 1015841864515588096, '张大', 1015818056597508096, 3, 9, 1, NULL, 92, NULL, NULL, NULL, NULL, NULL, '2020-01-11 11:31:15');
INSERT INTO `zz_student_action_trans` VALUES (1018809153410043904, 1015841864515588096, '张大', 1015818056597508096, 3, 9, 0, NULL, 23, NULL, NULL, NULL, NULL, NULL, '2020-01-11 11:31:20');
INSERT INTO `zz_student_action_trans` VALUES (1018809156404776960, 1015841864515588096, '张大', 1015818056597508096, 3, 9, 0, NULL, 61, NULL, NULL, NULL, NULL, NULL, '2020-01-11 11:31:25');
INSERT INTO `zz_student_action_trans` VALUES (1018809187635564544, 1015841864515588096, '张大', 1015818056597508096, 4, 9, 0, NULL, 26, NULL, NULL, NULL, NULL, NULL, '2020-01-11 11:31:30');
INSERT INTO `zz_student_action_trans` VALUES (1018809205096452096, 1015841864515588096, '张大', 1015818056597508096, 4, 9, 1, NULL, 96, NULL, NULL, NULL, NULL, NULL, '2020-01-11 11:31:35');
INSERT INTO `zz_student_action_trans` VALUES (1018809219889762304, 1015841864515588096, '张大', 1015818056597508096, 4, 5, 1, NULL, NULL, NULL, NULL, NULL, NULL, 1, '2020-01-11 11:31:40');
INSERT INTO `zz_student_action_trans` VALUES (1018809223115182080, 1015841864515588096, '张大', 1015818056597508096, 4, 5, 1, NULL, NULL, NULL, NULL, NULL, NULL, 1, '2020-01-11 11:31:45');
INSERT INTO `zz_student_action_trans` VALUES (1018809241318461440, 1015841864515588096, '张大', 1015818056597508096, 4, 10, 1, NULL, NULL, 4, NULL, NULL, NULL, NULL, '2020-01-11 11:31:50');
INSERT INTO `zz_student_action_trans` VALUES (1018809244799733760, 1015841864515588096, '张大', 1015818056597508096, 4, 10, 1, NULL, NULL, 5, NULL, NULL, NULL, NULL, '2020-01-11 11:31:55');
INSERT INTO `zz_student_action_trans` VALUES (1018809259483992064, 1015841864515588096, '张大', 1015818056597508096, 4, 4, 1, 244, NULL, NULL, NULL, NULL, NULL, NULL, '2020-01-11 11:32:00');
INSERT INTO `zz_student_action_trans` VALUES (1018809272926736384, 1015841864515588096, '张大', 1015818056597508096, 4, 4, 0, 736, NULL, NULL, NULL, NULL, NULL, NULL, '2020-01-11 11:32:05');
INSERT INTO `zz_student_action_trans` VALUES (1018809275388792832, 1015841864515588096, '张大', 1015818056597508096, 4, 4, 0, 230, NULL, NULL, NULL, NULL, NULL, NULL, '2020-01-11 11:32:10');
INSERT INTO `zz_student_action_trans` VALUES (1018809289016086528, 1015841864515588096, '张大', 1015818056597508096, 4, 1, 0, NULL, NULL, NULL, NULL, 3, NULL, NULL, '2020-01-11 11:32:15');
INSERT INTO `zz_student_action_trans` VALUES (1018809291985653760, 1015841864515588096, '张大', 1015818056597508096, 4, 1, 0, NULL, NULL, NULL, NULL, 4, NULL, NULL, '2020-01-11 11:32:20');
INSERT INTO `zz_student_action_trans` VALUES (1018809313879920640, 1015841864515588096, '张大', 1015818056597508096, 4, 0, 0, NULL, NULL, NULL, NULL, NULL, 441, NULL, '2020-01-11 11:32:25');
INSERT INTO `zz_student_action_trans` VALUES (1018809333760921600, 1015841864515588096, '张大', 1015818056597508096, 4, 0, 1, NULL, NULL, NULL, NULL, NULL, 202, NULL, '2020-01-11 11:32:30');
INSERT INTO `zz_student_action_trans` VALUES (1018809347316912128, 1015841864515588096, '张大', 1015818056597508096, 4, 0, 2, NULL, NULL, NULL, NULL, NULL, 614, NULL, '2020-01-11 11:32:35');
COMMIT;

-- ----------------------------
-- Table structure for zz_sys_user
-- ----------------------------
DROP TABLE IF EXISTS `zz_sys_user`;
CREATE TABLE `zz_sys_user` (
  `user_id` bigint(20) NOT NULL COMMENT '主键Id',
  `login_name` varchar(64) COLLATE utf8mb4_bin NOT NULL COMMENT '用户登录名称',
  `password` varchar(64) COLLATE utf8mb4_bin NOT NULL COMMENT '密码',
  `show_name` varchar(32) COLLATE utf8mb4_bin NOT NULL COMMENT '用户显示名称',
  `user_type` int(11) NOT NULL COMMENT '用户类型(0: 管理员 1: 系统管理用户 2: 系统业务用户)',
  `head_image_url` varchar(255) COLLATE utf8mb4_bin DEFAULT NULL COMMENT '用户头像的Url',
  `user_status` int(11) NOT NULL COMMENT '状态(0: 正常 1: 锁定)',
  `create_user_id` bigint(20) NOT NULL COMMENT '创建者',
  `create_username` varchar(64) COLLATE utf8mb4_bin NOT NULL COMMENT '创建用户名',
  `create_time` datetime NOT NULL COMMENT '创建时间',
  `update_time` datetime NOT NULL COMMENT '最后更新时间',
  `deleted_flag` int(11) NOT NULL COMMENT '删除标记(1: 正常 -1: 已删除)',
  PRIMARY KEY (`user_id`) USING BTREE,
  UNIQUE KEY `uk_login_name` (`login_name`) USING BTREE,
  KEY `idx_status` (`user_status`) USING BTREE
) ENGINE=InnoDB DEFAULT CHARSET=utf8mb4 COLLATE=utf8mb4_bin ROW_FORMAT=COMPACT COMMENT='系统用户表';

-- ----------------------------
-- Records of zz_sys_user
-- ----------------------------
BEGIN;
INSERT INTO `zz_sys_user` VALUES (1317453102294503425, 'admin', '$2a$10$xBslnuRm.kzZ3aYbMB/HPe3cdYp1LWQFXGxXadbPkePg2TeVu.EWy', '管理员', 0, 'CHANGE TO YOUR HEAD IMAGE URL!!!', 0, 1317453102294503425, '管理员', '2020-10-17 00:00:00', '2020-10-17 00:00:00', 1);
INSERT INTO `zz_sys_user` VALUES (1317455515172737024, '111', '$2a$10$oiJwJAALeSAsphcCmZYHcOuiq4fvcNZ3Av8JCSpmHWfYQESbQZeqe', '111', 2, NULL, 0, 1317453102294503425, '管理员', '2020-10-17 21:20:47', '2020-10-17 21:20:50', -1);
COMMIT;

SET FOREIGN_KEY_CHECKS = 1;
